; generated by QIDISlicer 1.0.5 on 2026-04-05 at 21:44:15 UTC

; 

; external perimeters extrusion width = 0.42mm
; perimeters extrusion width = 0.45mm
; infill extrusion width = 0.45mm
; solid infill extrusion width = 0.42mm
; top infill extrusion width = 0.42mm
; first layer extrusion width = 0.50mm

;TYPE:Custom
EXCLUDE_OBJECT_DEFINE NAME=stl_id_0_copy_0 CENTER=140.000000,140.000000 POLYGON=[[100.200000,94.000000],[100.200000,186.000000],[179.800000,186.000000],[179.800000,94.000000],[100.200000,94.000000]]
M73 P0 R17
PRINT_START
G28
M141 S0
G0 Z50 F600
M190 S55
G28 Z
G29 ; mesh bed leveling ,comment this code to close it
G0 X0 Y0 Z50 F6000
M109 S210
M106 P3 S255
M83
G0 X105.2 Y99 Z5 F6000
G0 Z0.2 F600
G1 E3 F1800
G1 X190.2 E3.4 F3000
G1 Y101 E0.08 F3000
G1 X105.2 E3.4 F3000
M73 P1 R16
G1 Y184 E3.32 F3000
G1 X107.2 E0.08 F3000
G1 Y102 E3.28 F3000
G1 X117.2 E-0.4 F3000
M73 P2 R16
G1 E0.4 F3000
G21 ; set units to millimeters
G90 ; use absolute coordinates
M83 ; use relative distances for extrusion
; Filament gcode
M900 K0.031 T0.03
M107
M106 P2 S0
M106 P3 S0
;LAYER_CHANGE
;Z:0.2
;HEIGHT:0.2
G92 E0
G1 E-1 F1800
G1 Z.4 F600
G1 X168.659 Y105.871 F30000
G1 Z.2 F600
G1 E1 F1800
M204 S500
;TYPE:Perimeter
;WIDTH:0.499999
G1 F3300
G1 X168.873 Y106.38 E.02057
G1 X168.943 Y106.959 E.02172
G1 X168.943 Y172.516 E2.44175
G1 X168.93 Y173.268 E.02801
G1 X168.808 Y173.78 E.0196
G1 X168.574 Y174.242 E.01929
G1 X168.233 Y174.628 E.01918
G1 X167.804 Y174.916 E.01925
G1 X167.252 Y175.101 E.02168
G1 X166.888 Y175.143 E.01365
G1 X113.84 Y175.143 E1.97583
G1 X112.919 Y175.13 E.03431
G1 X112.414 Y175.009 E.01934
G1 X111.954 Y174.774 E.01924
G1 X111.571 Y174.432 E.01912
G1 X111.282 Y173.994 E.01955
G1 X111.099 Y173.437 E.02184
G1 X111.057 Y173.068 E.01383
G1 X111.057 Y107.637 E2.43705
G1 X111.07 Y106.733 E.03367
G1 X111.192 Y106.22 E.01964
G1 X111.426 Y105.758 E.01929
G1 X111.767 Y105.371 E.01921
G1 X112.196 Y105.084 E.01922
G1 X112.747 Y104.899 E.02165
M73 P3 R16
G1 X113.112 Y104.857 E.01368
G1 X166.864 Y104.857 E2.00205
G1 X167.454 Y104.937 E.02218
G1 X167.935 Y105.14 E.01945
G1 X168.343 Y105.458 E.01927
G1 X168.623 Y105.823 E.01713
M204 S10000
G1 X169.058 Y105.64 F30000
M204 S500
;TYPE:External perimeter
G1 F3300
G1 X169.338 Y106.373 E.02923
G1 X169.4 Y106.959 E.02195
G1 X169.4 Y172.928 E2.45709
G1 X169.377 Y173.43 E.01872
G1 X169.202 Y174.07 E.02471
G1 X168.88 Y174.626 E.02393
G1 X168.431 Y175.077 E.0237
G1 X167.881 Y175.402 E.02379
G1 X167.374 Y175.542 E.01959
G1 X166.903 Y175.6 E.01768
G1 X113.272 Y175.6 E1.99755
G1 X112.755 Y175.577 E.01928
G1 X112.119 Y175.402 E.02457
G1 X111.569 Y175.077 E.02379
G1 X111.12 Y174.626 E.0237
G1 X110.798 Y174.07 E.02393
G1 X110.658 Y173.557 E.01981
G1 X110.6 Y173.083 E.01779
G1 X110.6 Y107.071 E2.45869
G1 X110.623 Y106.57 E.01868
G1 X110.798 Y105.93 E.02471
G1 X111.12 Y105.374 E.02393
G1 X111.569 Y104.923 E.0237
G1 X112.119 Y104.598 E.02379
G1 X112.626 Y104.458 E.01959
G1 X113.097 Y104.4 E.01768
G1 X166.895 Y104.4 E2.00377
G1 X167.576 Y104.492 E.0256
G1 X168.168 Y104.743 E.02395
G1 X168.671 Y105.133 E.02371
G1 X169.022 Y105.592 E.02152
M204 S10000
G1 X168.851 Y105.982 F30000
;WIPE_START
G1 F24000
G1 X169.338 Y106.373 E-.06003
G1 X169.4 Y106.959 E-.04199
G1 X169.4 Y119.562 E-.89798
;WIPE_END
G1 Z.6 F600
G1 X165.866 Y106.272 F30000
G1 Z.2 F600
G1 E1 F1800
M204 S500
;TYPE:Perimeter
G1 F3300
G1 X166.16 Y106.306 E.01102
G1 X166.743 Y106.553 E.02358
G1 X166.974 Y106.738 E.01102
G1 X167.311 Y107.148 E.01977
G1 X167.489 Y107.641 E.01952
G1 X167.524 Y107.905 E.00992
G1 X167.49 Y108.389 E.01807
G1 X167.247 Y108.943 E.02253
G1 X167.084 Y109.154 E.00993
G1 X166.777 Y109.424 E.01523
G1 X166.545 Y109.558 E.00998
G1 X166.014 Y109.722 E.0207
G1 X165.484 Y109.698 E.01976
G1 X165.225 Y109.629 E.00998
G1 X164.762 Y109.39 E.01941
G1 X164.376 Y108.978 E.02103
G1 X164.242 Y108.746 E.00998
G1 X164.082 Y108.242 E.0197
G1 X164.102 Y107.684 E.0208
G1 X164.171 Y107.425 E.00998
G1 X164.483 Y106.876 E.02352
G1 X164.816 Y106.576 E.01669
G1 X165.265 Y106.358 E.01859
G1 X165.807 Y106.265 E.02048
M204 S10000
G1 X165.873 Y106.731 F30000
M204 S500
;TYPE:External perimeter
G1 F3300
G1 X166.172 Y106.781 E.01129
G1 X166.63 Y107.039 E.01958
G1 X166.925 Y107.401 E.01739
G1 X167.068 Y107.876 E.01848
G1 X167.019 Y108.372 E.01856
G1 X166.837 Y108.74 E.01529
G1 X166.475 Y109.081 E.01852
G1 X165.962 Y109.268 E.02034
G1 X165.45 Y109.229 E.01913
G1 X164.998 Y108.992 E.01901
G1 X164.675 Y108.599 E.01895
G1 X164.531 Y108.122 E.01856
G1 X164.581 Y107.627 E.01853
G1 X164.806 Y107.199 E.01801
G1 X165.046 Y106.971 E.01233
G1 X165.354 Y106.806 E.01301
G1 X165.814 Y106.726 E.01739
M204 S10000
G1 X166.029 Y106.471 F30000
;WIPE_START
G1 F24000
G1 X166.172 Y106.781 E-.02581
G1 X166.63 Y107.039 E-.03745
G1 X166.925 Y107.401 E-.03327
G1 X167.068 Y107.876 E-.03534
G1 X167.019 Y108.372 E-.03551
G1 X166.837 Y108.74 E-.02925
G1 X166.475 Y109.081 E-.03543
G1 X165.962 Y109.268 E-.0389
G1 X165.45 Y109.229 E-.03659
G1 X164.998 Y108.992 E-.03636
G1 X164.675 Y108.599 E-.03625
G1 X164.531 Y108.122 E-.0355
G1 X164.581 Y107.627 E-.03545
G1 X164.806 Y107.199 E-.03445
G1 X165.046 Y106.971 E-.02359
G1 X165.354 Y106.806 E-.0249
G1 X165.814 Y106.726 E-.03327
;WIPE_END
G1 E-.43268 F1800
G1 Z.6 F600
G1 X164.696 Y142.479 F30000
G1 Z.2 F600
G1 E1 F1800
M204 S500
;TYPE:Perimeter
G1 F3300
G1 X164.664 Y142.556 E.00311
G1 X164.347 Y143.004 E.02044
G1 X163.908 Y143.311 E.01995
G1 X163.621 Y143.422 E.01146
G1 X163.122 Y143.505 E.01884
G1 X162.596 Y143.414 E.01988
G1 X162.347 Y143.311 E.01004
G1 X161.918 Y143.013 E.01946
G1 X161.591 Y142.556 E.02093
G1 X161.488 Y142.309 E.00997
G1 X161.395 Y141.8 E.01927
G1 X161.488 Y141.236 E.02129
G1 X161.591 Y140.99 E.00993
G1 X161.886 Y140.565 E.01927
G1 X162.345 Y140.236 E.02103
G1 X162.587 Y140.134 E.00978
G1 X163.137 Y140.041 E.02078
G1 X163.655 Y140.132 E.01959
G1 X163.91 Y140.236 E.01026
G1 X164.348 Y140.544 E.01994
G1 X164.664 Y140.99 E.02036
G1 X164.767 Y141.236 E.00993
G1 X164.861 Y141.773 E.02031
G1 X164.767 Y142.309 E.02027
G1 X164.719 Y142.424 E.00464
M204 S10000
G1 X164.262 Y142.333 F30000
M204 S500
;TYPE:External perimeter
G1 F3300
G1 X163.994 Y142.704 E.01705
G1 X163.571 Y142.965 E.01851
G1 X163.083 Y143.044 E.01841
G1 X162.601 Y142.931 E.01844
G1 X162.199 Y142.642 E.01844
G1 X161.971 Y142.302 E.01525
G1 X161.854 Y141.809 E.01887
G1 X161.94 Y141.31 E.01886
G1 X162.21 Y140.888 E.01866
G1 X162.632 Y140.597 E.01909
G1 X163.152 Y140.502 E.01969
G1 X163.655 Y140.615 E.0192
G1 X164.057 Y140.905 E.01846
G1 X164.318 Y141.326 E.01845
G1 X164.399 Y141.818 E.01857
G1 X164.289 Y142.281 E.01772
M204 S10000
G1 X164.491 Y142.661 F30000
;WIPE_START
G1 F24000
G1 X163.994 Y142.704 E-.03674
G1 X163.571 Y142.965 E-.03541
G1 X163.083 Y143.044 E-.03522
G1 X162.601 Y142.931 E-.03527
G1 X162.199 Y142.642 E-.03528
G1 X161.971 Y142.302 E-.02917
G1 X161.854 Y141.809 E-.0361
G1 X161.94 Y141.31 E-.03608
G1 X162.21 Y140.888 E-.0357
G1 X162.632 Y140.597 E-.03652
G1 X163.152 Y140.502 E-.03766
G1 X163.655 Y140.615 E-.03673
G1 X164.057 Y140.905 E-.03532
G1 X164.318 Y141.326 E-.03529
G1 X164.399 Y141.818 E-.03553
G1 X164.289 Y142.281 E-.03391
;WIPE_END
G1 E-.43407 F1800
G1 Z.6 F600
G1 X163.031 Y153.988 F30000
G1 Z.2 F600
G1 E1 F1800
M204 S500
;TYPE:Perimeter
G1 F3300
G1 X162.593 Y153.917 E.01653
G1 X162.345 Y153.814 E.01
G1 X161.93 Y153.528 E.01877
G1 X161.591 Y153.06 E.02152
G1 X161.488 Y152.814 E.00993
G1 X161.395 Y152.305 E.01927
G1 X161.488 Y151.741 E.02129
G1 X161.591 Y151.494 E.00997
G1 X161.885 Y151.07 E.01922
G1 X162.347 Y150.739 E.02117
G1 X162.614 Y150.632 E.01071
G1 X163.11 Y150.546 E.01875
G1 X163.653 Y150.635 E.02049
G1 X163.908 Y150.739 E.01026
G1 X164.347 Y151.046 E.01995
G1 X164.664 Y151.494 E.02044
G1 X164.767 Y151.741 E.00997
G1 X164.861 Y152.277 E.02027
G1 X164.767 Y152.814 E.02031
G1 X164.664 Y153.06 E.00993
G1 X164.348 Y153.506 E.02036
G1 X163.91 Y153.814 E.01994
G1 X163.662 Y153.917 E.01
G1 X163.159 Y154.009 E.01905
G1 X163.09 Y153.997 E.00261
M204 S10000
G1 X163.042 Y153.539 F30000
M204 S500
;TYPE:External perimeter
G1 F3300
G1 X162.599 Y153.434 E.01696
G1 X162.198 Y153.145 E.01841
G1 X161.937 Y152.724 E.01845
G1 X161.856 Y152.232 E.01857
G1 X161.971 Y151.748 E.01853
G1 X162.262 Y151.345 E.01851
G1 X162.705 Y151.08 E.01923
G1 X163.154 Y151.007 E.01694
G1 X163.654 Y151.119 E.01908
G1 X164.056 Y151.408 E.01844
G1 X164.319 Y151.831 E.01855
G1 X164.399 Y152.322 E.01853
G1 X164.284 Y152.806 E.01853
G1 X163.995 Y153.207 E.01841
G1 X163.573 Y153.469 E.0185
G1 X163.101 Y153.545 E.01781
M204 S10000
G1 X162.828 Y153.876 F30000
;WIPE_START
G1 F24000
G1 X162.599 Y153.434 E-.03663
G1 X162.198 Y153.145 E-.03522
G1 X161.937 Y152.724 E-.03529
G1 X161.856 Y152.232 E-.03553
G1 X161.971 Y151.748 E-.03545
G1 X162.262 Y151.345 E-.03542
G1 X162.705 Y151.08 E-.03678
G1 X163.154 Y151.007 E-.03241
G1 X163.654 Y151.119 E-.03651
G1 X164.056 Y151.408 E-.03528
G1 X164.319 Y151.831 E-.03549
G1 X164.399 Y152.322 E-.03545
G1 X164.284 Y152.806 E-.03545
G1 X163.995 Y153.207 E-.03522
G1 X163.573 Y153.469 E-.03539
G1 X163.101 Y153.545 E-.03406
;WIPE_END
G1 E-.43442 F1800
G1 Z.6 F600
G1 X165.445 Y170.325 F30000
G1 Z.2 F600
G1 E1 F1800
M204 S500
;TYPE:Perimeter
G1 F3300
G1 X165.891 Y170.275 E.01672
G1 X166.203 Y170.313 E.01171
G1 X166.743 Y170.553 E.02201
G1 X166.954 Y170.715 E.00991
G1 X167.224 Y171.022 E.01523
G1 X167.358 Y171.254 E.00998
G1 X167.526 Y171.862 E.02349
G1 X167.49 Y172.389 E.01967
G1 X167.247 Y172.943 E.02253
G1 X167.085 Y173.154 E.00991
G1 X166.637 Y173.519 E.02152
G1 X166.159 Y173.689 E.0189
G1 X165.895 Y173.724 E.00992
G1 X165.486 Y173.698 E.01526
G1 X165.226 Y173.629 E.01002
G1 X164.857 Y173.447 E.01532
G1 X164.646 Y173.285 E.00991
G1 X164.376 Y172.978 E.01523
G1 X164.242 Y172.746 E.00998
G1 X164.078 Y172.215 E.0207
G1 X164.102 Y171.684 E.0198
G1 X164.171 Y171.425 E.00998
G1 X164.414 Y170.957 E.01964
G1 X164.779 Y170.599 E.01904
G1 X165.292 Y170.342 E.02137
G1 X165.385 Y170.332 E.00348
M204 S10000
G1 X165.41 Y170.805 F30000
M204 S500
;TYPE:External perimeter
G1 F3300
G1 X165.513 Y170.758 E.00422
G1 X165.98 Y170.735 E.01742
G1 X166.173 Y170.781 E.00739
G1 X166.611 Y171.017 E.01853
G1 X166.925 Y171.401 E.01848
G1 X167.068 Y171.876 E.01848
G1 X167.019 Y172.372 E.01856
G1 X166.783 Y172.811 E.01856
G1 X166.399 Y173.125 E.01848
G1 X165.924 Y173.268 E.01848
G1 X165.515 Y173.242 E.01526
G1 X165.06 Y173.037 E.01859
G1 X164.72 Y172.676 E.01847
G1 X164.532 Y172.163 E.02035
G1 X164.571 Y171.65 E.01916
G1 X164.802 Y171.204 E.01871
G1 X165.059 Y170.964 E.0131
G1 X165.356 Y170.829 E.01215
M204 S10000
G1 X165.416 Y170.692 F30000
;WIPE_START
G1 F24000
G1 X165.513 Y170.758 E-.01228
G1 X165.98 Y170.735 E-.03331
G1 X166.173 Y170.781 E-.01414
G1 X166.611 Y171.017 E-.03545
G1 X166.925 Y171.401 E-.03534
G1 X167.068 Y171.876 E-.03534
G1 X167.019 Y172.372 E-.03551
G1 X166.783 Y172.811 E-.03551
G1 X166.399 Y173.125 E-.03534
G1 X165.924 Y173.268 E-.03534
G1 X165.515 Y173.242 E-.0292
G1 X165.06 Y173.037 E-.03556
G1 X164.72 Y172.676 E-.03533
G1 X164.532 Y172.163 E-.03893
G1 X164.571 Y171.65 E-.03666
M73 P4 R16
G1 X164.802 Y171.204 E-.03579
G1 X165.059 Y170.964 E-.02505
G1 X165.356 Y170.829 E-.02324
;WIPE_END
G1 E-.43268 F1800
G1 Z.6 F600
G1 X125.518 Y150.616 F30000
G1 Z.2 F600
G1 E1 F1800
M204 S500
;TYPE:Perimeter
G1 F3300
G1 X125.649 Y150.635 E.00493
G1 X125.905 Y150.739 E.01029
G1 X126.332 Y151.037 E.01939
G1 X126.659 Y151.494 E.02093
G1 X126.762 Y151.741 E.00997
G1 X126.855 Y152.25 E.01927
G1 X126.762 Y152.814 E.02129
G1 X126.659 Y153.06 E.00993
G1 X126.365 Y153.484 E.01922
G1 X125.907 Y153.813 E.021
G1 X125.658 Y153.917 E.01005
G1 X125.156 Y154.009 E.01901
G1 X124.588 Y153.917 E.02143
G1 X124.34 Y153.814 E.01
G1 X123.902 Y153.506 E.01994
G1 X123.586 Y153.06 E.02036
G1 X123.483 Y152.812 E.01
G1 X123.39 Y152.277 E.02023
G1 X123.483 Y151.742 E.02023
G1 X123.586 Y151.494 E.01
G1 X123.891 Y151.058 E.01982
G1 X124.342 Y150.739 E.02058
G1 X124.609 Y150.632 E.01071
G1 X125.05 Y150.548 E.01672
G1 X125.459 Y150.607 E.01539
M204 S10000
G1 X125.133 Y151.011 F30000
M204 S500
;TYPE:External perimeter
G1 F3300
G1 X125.592 Y151.091 E.01735
G1 X126.019 Y151.369 E.01898
G1 X126.299 Y151.784 E.01865
G1 X126.399 Y152.277 E.01874
G1 X126.297 Y152.775 E.01893
G1 X126.011 Y153.191 E.0188
G1 X125.584 Y153.465 E.0189
G1 X125.087 Y153.55 E.01878
G1 X124.594 Y153.434 E.01886
G1 X124.193 Y153.145 E.01841
G1 X123.931 Y152.723 E.0185
G1 X123.852 Y152.233 E.01849
G1 X123.966 Y151.748 E.01856
G1 X124.256 Y151.346 E.01846
G1 X124.7 Y151.08 E.01928
G1 X125.074 Y151.006 E.0142
M204 S10000
G1 X125.331 Y150.663 F30000
;WIPE_START
G1 F24000
G1 X125.592 Y151.091 E-.0374
G1 X126.019 Y151.369 E-.0363
G1 X126.299 Y151.784 E-.03567
G1 X126.399 Y152.277 E-.03584
G1 X126.297 Y152.775 E-.03622
G1 X126.011 Y153.191 E-.03597
G1 X125.584 Y153.465 E-.03615
G1 X125.087 Y153.55 E-.03593
G1 X124.594 Y153.434 E-.03609
G1 X124.193 Y153.145 E-.03522
G1 X123.931 Y152.723 E-.03539
G1 X123.852 Y152.233 E-.03536
G1 X123.966 Y151.748 E-.0355
G1 X124.256 Y151.346 E-.03532
G1 X124.7 Y151.08 E-.03688
G1 X125.074 Y151.006 E-.02716
;WIPE_END
G1 E-.4336 F1800
G1 Z.6 F600
G1 X126.834 Y141.871 F30000
G1 Z.2 F600
G1 E1 F1800
M204 S500
;TYPE:Perimeter
G1 F3300
G1 X126.762 Y142.309 E.01653
G1 X126.659 Y142.556 E.00997
G1 X126.365 Y142.98 E.01922
G1 X125.905 Y143.311 E.02111
G1 X125.617 Y143.422 E.0115
G1 X125.119 Y143.505 E.0188
G1 X124.591 Y143.414 E.01996
G1 X124.342 Y143.311 E.01004
G1 X123.891 Y142.992 E.02058
G1 X123.586 Y142.556 E.01982
G1 X123.483 Y142.308 E.01
G1 X123.39 Y141.773 E.02023
G1 X123.483 Y141.238 E.02023
G1 X123.586 Y140.99 E.01
G1 X123.902 Y140.544 E.02036
G1 X124.34 Y140.236 E.01994
G1 X124.583 Y140.134 E.00982
G1 X125.094 Y140.041 E.01935
G1 X125.652 Y140.132 E.02106
G1 X125.907 Y140.236 E.01026
G1 X126.326 Y140.528 E.01902
G1 X126.659 Y140.99 E.02121
G1 X126.762 Y141.236 E.00993
G1 X126.855 Y141.745 E.01927
G1 X126.844 Y141.812 E.00253
M204 S10000
G1 X126.385 Y141.856 F30000
M204 S500
;TYPE:External perimeter
G1 F3300
G1 X126.279 Y142.302 E.01707
G1 X125.989 Y142.704 E.01846
G1 X125.567 Y142.965 E.01848
G1 X125.079 Y143.044 E.01841
G1 X124.596 Y142.931 E.01848
G1 X124.194 Y142.642 E.01844
G1 X123.931 Y142.219 E.01855
G1 X123.852 Y141.729 E.01849
G1 X123.966 Y141.244 E.01856
G1 X124.255 Y140.843 E.01841
G1 X124.675 Y140.582 E.01842
G1 X125.148 Y140.502 E.01787
G1 X125.644 Y140.611 E.01891
G1 X126.052 Y140.905 E.01873
G1 X126.313 Y141.326 E.01845
G1 X126.391 Y141.797 E.01778
M204 S10000
G1 X126.723 Y142.07 F30000
;WIPE_START
G1 F24000
G1 X126.279 Y142.302 E-.03686
G1 X125.989 Y142.704 E-.03532
G1 X125.567 Y142.965 E-.03535
G1 X125.079 Y143.044 E-.03522
G1 X124.596 Y142.931 E-.03534
G1 X124.194 Y142.642 E-.03528
G1 X123.931 Y142.219 E-.03549
G1 X123.852 Y141.729 E-.03536
G1 X123.966 Y141.244 E-.0355
G1 X124.255 Y140.843 E-.03522
G1 X124.675 Y140.582 E-.03523
G1 X125.148 Y140.502 E-.03418
G1 X125.644 Y140.611 E-.03618
G1 X126.052 Y140.905 E-.03583
G1 X126.313 Y141.326 E-.03529
G1 X126.391 Y141.797 E-.03402
;WIPE_END
G1 E-.43433 F1800
G1 Z.6 F600
G1 X113.233 Y170.594 F30000
G1 Z.2 F600
G1 E1 F1800
M204 S500
;TYPE:Perimeter
G1 F3300
G1 X113.623 Y170.372 E.01671
G1 X113.883 Y170.302 E.01003
G1 X114.468 Y170.287 E.0218
G1 X114.775 Y170.371 E.01185
G1 X115.227 Y170.602 E.01891
G1 X115.624 Y171.022 E.02153
G1 X115.758 Y171.254 E.00998
G1 X115.918 Y171.756 E.01962
G1 X115.898 Y172.314 E.0208
G1 X115.829 Y172.575 E.01006
G1 X115.647 Y172.943 E.01529
G1 X115.485 Y173.154 E.00991
G1 X115.178 Y173.424 E.01523
G1 X114.946 Y173.558 E.00998
G1 X114.457 Y173.716 E.01914
G1 X113.886 Y173.698 E.02128
G1 X113.507 Y173.571 E.01489
G1 X113.075 Y173.315 E.0187
G1 X112.678 Y172.832 E.02329
G1 X112.51 Y172.356 E.0188
G1 X112.475 Y172.092 E.00992
G1 X112.502 Y171.684 E.01523
G1 X112.571 Y171.425 E.00998
G1 X112.753 Y171.057 E.01529
G1 X113.076 Y170.684 E.01838
G1 X113.181 Y170.624 E.0045
M204 S10000
G1 X113.393 Y171.03 F30000
M204 S500
;TYPE:External perimeter
G1 F3300
G1 X113.459 Y170.964 E.00348
G1 X113.913 Y170.758 E.01857
G1 X114.38 Y170.735 E.01742
G1 X114.573 Y170.781 E.00739
G1 X115.012 Y171.018 E.01858
G1 X115.325 Y171.401 E.01842
G1 X115.468 Y171.876 E.01848
G1 X115.419 Y172.372 E.01856
G1 X115.183 Y172.811 E.01856
G1 X114.799 Y173.125 E.01848
G1 X114.324 Y173.268 E.01848
G1 X113.828 Y173.219 E.01856
G1 X113.389 Y172.983 E.01856
G1 X113.075 Y172.598 E.0185
G1 X112.931 Y172.121 E.01856
G1 X112.981 Y171.627 E.01849
G1 X113.163 Y171.26 E.01526
G1 X113.35 Y171.072 E.00988
M204 S10000
G1 X113.363 Y170.941 F30000
;WIPE_START
G1 F24000
G1 X113.459 Y170.964 E-.01093
G1 X113.913 Y170.758 E-.03552
G1 X114.38 Y170.735 E-.03331
G1 X114.573 Y170.781 E-.01414
G1 X115.012 Y171.018 E-.03555
G1 X115.325 Y171.401 E-.03524
G1 X115.468 Y171.876 E-.03534
G1 X115.419 Y172.372 E-.03551
G1 X115.183 Y172.811 E-.03551
G1 X114.799 Y173.125 E-.03534
G1 X114.324 Y173.268 E-.03534
G1 X113.828 Y173.219 E-.03551
G1 X113.389 Y172.983 E-.03551
G1 X113.075 Y172.598 E-.0354
G1 X112.931 Y172.121 E-.0355
G1 X112.981 Y171.627 E-.03538
G1 X113.163 Y171.26 E-.02919
G1 X113.35 Y171.072 E-.01889
;WIPE_END
G1 E-.43289 F1800
G1 Z.6 F600
G1 X114.266 Y106.272 F30000
G1 Z.2 F600
G1 E1 F1800
M204 S500
;TYPE:Perimeter
G1 F3300
G1 X114.56 Y106.306 E.01102
G1 X115.143 Y106.553 E.02358
G1 X115.354 Y106.715 E.00991
G1 X115.624 Y107.022 E.01523
G1 X115.758 Y107.254 E.00998
G1 X115.921 Y107.783 E.02062
G1 X115.898 Y108.314 E.0198
G1 X115.829 Y108.575 E.01006
G1 X115.59 Y109.038 E.01941
G1 X115.177 Y109.424 E.02106
G1 X114.945 Y109.558 E.00998
G1 X114.441 Y109.718 E.0197
G1 X113.884 Y109.698 E.02076
G1 X113.625 Y109.629 E.00998
G1 X113.257 Y109.447 E.01529
G1 X113.046 Y109.284 E.00993
G1 X112.776 Y108.977 E.01523
G1 X112.642 Y108.745 E.00998
G1 X112.484 Y108.255 E.01918
G1 X112.502 Y107.684 E.02128
G1 X112.621 Y107.325 E.01409
G1 X112.883 Y106.876 E.01936
G1 X113.216 Y106.576 E.01669
G1 X113.665 Y106.358 E.01859
G1 X114.207 Y106.265 E.02048
M204 S10000
G1 X114.142 Y106.739 F30000
M204 S500
;TYPE:External perimeter
G1 F3300
G1 X114.231 Y106.724 E.00336
G1 X114.572 Y106.781 E.01288
G1 X115.011 Y107.017 E.01856
G1 X115.325 Y107.401 E.01848
G1 X115.468 Y107.876 E.01848
G1 X115.419 Y108.372 E.01856
G1 X115.183 Y108.811 E.01856
G1 X114.798 Y109.125 E.0185
G1 X114.321 Y109.269 E.01856
G1 X113.827 Y109.219 E.01849
G1 X113.389 Y108.983 E.01853
G1 X113.075 Y108.598 E.0185
G1 X112.931 Y108.121 E.01856
G1 X112.981 Y107.627 E.01849
G1 X113.206 Y107.199 E.01801
G1 X113.446 Y106.971 E.01233
G1 X113.754 Y106.806 E.01301
G1 X114.083 Y106.749 E.01244
M204 S10000
G1 X114.169 Y106.653 F30000
;WIPE_START
G1 F24000
G1 X114.231 Y106.724 E-.01069
G1 X114.572 Y106.781 E-.02463
G1 X115.011 Y107.017 E-.03551
G1 X115.325 Y107.401 E-.03534
G1 X115.468 Y107.876 E-.03534
G1 X115.419 Y108.372 E-.03551
G1 X115.183 Y108.811 E-.03551
G1 X114.798 Y109.125 E-.0354
G1 X114.321 Y109.269 E-.0355
G1 X113.827 Y109.219 E-.03538
G1 X113.389 Y108.983 E-.03545
G1 X113.075 Y108.598 E-.0354
G1 X112.931 Y108.121 E-.0355
G1 X112.981 Y107.627 E-.03538
G1 X113.206 Y107.199 E-.03445
G1 X113.446 Y106.971 E-.02359
G1 X113.754 Y106.806 E-.0249
G1 X114.083 Y106.749 E-.02379
;WIPE_END
G1 E-.43273 F1800
G1 Z.6 F600
G1 X166.723 Y105.04 F30000
G1 Z.2 F600
G1 E1 F1800
M204 S500
;TYPE:Solid infill
;WIDTH:0.501963
G1 F3300
G1 X168.549 Y106.866 E.0966
G1 X168.554 Y107.52 E.02446
G1 X166.28 Y105.246 E.1203
G1 X165.631 Y105.246 E.02428
G1 X166.344 Y105.959 E.03772
G1 X166.535 Y106.017 E.00747
G1 X166.973 Y106.235 E.0183
G1 X167.131 Y106.345 E.0072
G1 X167.521 Y106.771 E.0216
G1 X167.655 Y106.965 E.00882
G1 X167.832 Y107.447 E.01921
G1 X168.554 Y108.169 E.03819
G1 X168.554 Y108.819 E.02431
G1 X167.894 Y108.158 E.03494
G1 X167.873 Y108.46 E.01132
G1 X167.792 Y108.706 E.00969
G1 X168.554 Y109.468 E.04031
G1 X168.554 Y110.117 E.02428
G1 X167.579 Y109.141 E.0516
G1 X167.353 Y109.436 E.0139
G1 X167.284 Y109.496 E.00342
G1 X168.554 Y110.766 E.06718
G1 X168.554 Y111.415 E.02428
G1 X166.923 Y109.784 E.08628
G1 X166.684 Y109.921 E.0103
G1 X166.48 Y109.99 E.00806
G1 X168.554 Y112.065 E.10974
G1 X168.554 Y112.714 E.02428
G1 X165.736 Y109.895 E.1491
M204 S10000
;WIPE_START
G1 F24000
G1 X168.554 Y112.714 E-.284
G1 X168.554 Y112.065 E-.04624
G1 X166.48 Y109.99 E-.20903
G1 X166.684 Y109.921 E-.01534
G1 X166.923 Y109.784 E-.01963
G1 X168.554 Y111.415 E-.16434
G1 X168.554 Y110.766 E-.04624
G1 X167.284 Y109.496 E-.12797
G1 X167.353 Y109.436 E-.00651
G1 X167.579 Y109.141 E-.02648
G1 X168.117 Y109.679 E-.05422
;WIPE_END
G1 Z.6 F600
G1 X165.82 Y106.084 F30000
G1 Z.2 F600
G1 E1 F1800
M204 S500
G1 F3300
G1 X164.981 Y105.246 E.04436
G1 X164.332 Y105.246 E.02428
G1 X165.096 Y106.009 E.04039
G1 X164.871 Y106.094 E.009
G1 X164.656 Y106.219 E.0093
G1 X163.683 Y105.246 E.05147
G1 X163.034 Y105.246 E.02428
G1 X164.299 Y106.511 E.06692
G1 X164.199 Y106.611 E.00529
G1 X164.011 Y106.872 E.01203
G1 X162.385 Y105.246 E.08602
G1 X161.735 Y105.246 E.02431
G1 X163.804 Y107.314 E.10942
G1 X163.715 Y107.643 E.01275
G1 X163.701 Y107.86 E.00813
G1 X161.086 Y105.246 E.13831
G1 X160.437 Y105.246 E.02428
G1 X163.789 Y108.597 E.1773
G1 X163.877 Y108.878 E.01101
G1 X163.981 Y109.098 E.0091
G1 X164.476 Y109.662 E.02807
G1 X164.676 Y109.791 E.0089
G1 X165.061 Y109.981 E.01606
G1 X165.234 Y110.042 E.00686
G1 X168.554 Y113.363 E.17566
G1 X168.554 Y114.012 E.02428
G1 X159.788 Y105.246 E.46372
G1 X159.139 Y105.246 E.02428
G1 X168.554 Y114.661 E.49806
G1 X168.554 Y115.31 E.02428
G1 X158.49 Y105.246 E.53239
G1 X157.84 Y105.246 E.02431
G1 X168.554 Y115.96 E.56677
G1 X168.554 Y116.609 E.02428
G1 X157.191 Y105.246 E.60111
G1 X156.542 Y105.246 E.02428
G1 X168.554 Y117.258 E.63544
G1 X168.554 Y117.907 E.02428
G1 X155.893 Y105.246 E.66977
G1 X155.244 Y105.246 E.02428
G1 X168.554 Y118.556 E.7041
G1 X168.554 Y119.206 E.02431
G1 X154.594 Y105.246 E.73849
G1 X153.945 Y105.246 E.02428
G1 X168.554 Y119.855 E.77282
M73 P5 R16
G1 X168.554 Y120.504 E.02428
G1 X153.296 Y105.246 E.80715
G1 X152.647 Y105.246 E.02428
G1 X168.554 Y121.153 E.84149
G1 X168.554 Y121.802 E.02428
G1 X151.998 Y105.246 E.87582
G1 X151.349 Y105.246 E.02428
G1 X168.554 Y122.451 E.91015
G1 X168.554 Y123.101 E.02431
G1 X150.699 Y105.246 E.94454
G1 X150.05 Y105.246 E.02428
G1 X168.554 Y123.75 E.97887
G1 X168.554 Y124.399 E.02428
G1 X149.401 Y105.246 E1.0132
G1 X148.752 Y105.246 E.02428
G1 X168.554 Y125.048 E1.04753
G1 X168.554 Y125.697 E.02428
G1 X148.103 Y105.246 E1.08186
G1 X147.453 Y105.246 E.02431
G1 X168.554 Y126.347 E1.11625
G1 X168.554 Y126.996 E.02428
G1 X146.804 Y105.246 E1.15058
G1 X146.155 Y105.246 E.02428
G1 X168.554 Y127.645 E1.18491
G1 X168.554 Y128.294 E.02428
G1 X145.506 Y105.246 E1.21925
G1 X144.857 Y105.246 E.02428
G1 X168.554 Y128.943 E1.25358
G1 X168.554 Y129.593 E.02431
G1 X144.208 Y105.246 E1.28794
G1 X143.558 Y105.246 E.02431
G1 X168.554 Y130.242 E1.3223
G1 X168.554 Y130.891 E.02428
G1 X142.909 Y105.246 E1.35663
G1 X142.26 Y105.246 E.02428
G1 X168.554 Y131.54 E1.39096
M73 P6 R16
G1 X168.554 Y132.189 E.02428
G1 X141.611 Y105.246 E1.42529
G1 X140.962 Y105.246 E.02428
G1 X168.554 Y132.838 E1.45963
G1 X168.554 Y133.488 E.02431
G1 X140.312 Y105.246 E1.49401
G1 X139.663 Y105.246 E.02428
G1 X168.554 Y134.137 E1.52834
G1 X168.554 Y134.786 E.02428
G1 X139.014 Y105.246 E1.56268
G1 X138.365 Y105.246 E.02428
G1 X168.554 Y135.435 E1.59701
G1 X168.554 Y136.084 E.02428
G1 X137.716 Y105.246 E1.63134
G1 X137.066 Y105.246 E.02431
G1 X168.554 Y136.734 E1.66573
G1 X168.554 Y137.383 E.02428
G1 X136.417 Y105.246 E1.70006
G1 X135.768 Y105.246 E.02428
G1 X168.554 Y138.032 E1.73439
G1 X168.554 Y138.681 E.02428
G1 X135.119 Y105.246 E1.76872
G1 X134.47 Y105.246 E.02428
G1 X168.554 Y139.33 E1.80306
M73 P7 R16
G1 X168.554 Y139.979 E.02428
G1 X133.821 Y105.246 E1.83739
G1 X133.171 Y105.246 E.02431
G1 X168.554 Y140.629 E1.87177
M73 P7 R15
G1 X168.554 Y141.278 E.02428
G1 X132.522 Y105.246 E1.90611
G1 X131.873 Y105.246 E.02428
G1 X168.554 Y141.927 E1.94044
G1 X168.554 Y142.576 E.02428
G1 X131.224 Y105.246 E1.97477
G1 X130.575 Y105.246 E.02428
G1 X168.554 Y143.225 E2.0091
G1 X168.554 Y143.875 E.02431
G1 X129.925 Y105.246 E2.04349
G1 X129.276 Y105.246 E.02428
G1 X163.81 Y139.779 E1.82683
G1 X163.918 Y139.803 E.00414
G1 X164.121 Y139.909 E.00857
G1 X164.618 Y140.263 E.02282
G1 X164.755 Y140.428 E.00802
M73 P8 R15
G1 X164.996 Y140.787 E.01617
G1 X165.123 Y141.092 E.01236
G1 X168.554 Y144.524 E.18153
G1 X168.554 Y145.173 E.02428
G1 X165.242 Y141.861 E.17521
G1 X165.141 Y142.409 E.02084
G1 X168.554 Y145.822 E.18055
G1 X168.554 Y146.471 E.02428
G1 X164.934 Y142.851 E.1915
G1 X164.663 Y143.229 E.0174
G1 X168.554 Y147.12 E.20584
G1 X168.554 Y147.77 E.02431
G1 X164.297 Y143.512 E.22522
G1 X164.117 Y143.639 E.00824
G1 X163.889 Y143.754 E.00955
G1 X168.554 Y148.419 E.24678
G1 X168.554 Y149.068 E.02428
G1 X163.17 Y143.684 E.28482
M204 S10000
;WIPE_START
G1 F24000
G1 X168.554 Y149.068 E-.54251
G1 X168.554 Y148.419 E-.04624
G1 X164.473 Y144.338 E-.41125
;WIPE_END
G1 Z.6 F600
G1 X163.254 Y139.872 F30000
G1 Z.2 F600
G1 E1 F1800
M204 S500
G1 F3300
G1 X128.627 Y105.246 E1.83175
G1 X127.978 Y105.246 E.02428
G1 X162.491 Y139.759 E1.82575
G1 X162.28 Y139.827 E.00829
G1 X162.054 Y139.971 E.01002
G1 X127.329 Y105.246 E1.83696
G1 X126.68 Y105.246 E.02428
G1 X161.672 Y140.239 E1.85112
G1 X161.6 Y140.3 E.00353
G1 X161.388 Y140.603 E.01383
G1 X126.03 Y105.246 E1.87042
G1 X125.381 Y105.246 E.02428
G1 X161.151 Y141.015 E1.89222
G1 X161.031 Y141.544 E.02029
G1 X124.732 Y105.246 E1.9202
G1 X124.083 Y105.246 E.02428
G1 X161.082 Y142.245 E1.95726
G1 X161.177 Y142.609 E.01407
G1 X161.5 Y143.118 E.02255
G1 X161.653 Y143.299 E.00887
G1 X162.136 Y143.638 E.02207
G1 X162.301 Y143.727 E.00701
G1 X162.655 Y143.818 E.01367
M73 P9 R15
G1 X168.554 Y149.717 E.31206
G1 X168.554 Y150.366 E.02428
G1 X123.434 Y105.246 E2.38686
G1 X122.784 Y105.246 E.02431
G1 X168.554 Y151.016 E2.42125
G1 X168.554 Y151.665 E.02428
G1 X122.135 Y105.246 E2.45558
G1 X121.486 Y105.246 E.02428
G1 X168.554 Y152.314 E2.48991
G1 X168.554 Y152.963 E.02428
G1 X120.837 Y105.246 E2.52425
G1 X120.188 Y105.246 E.02428
G1 X168.554 Y153.612 E2.55858
G1 X168.554 Y154.262 E.02431
G1 X119.538 Y105.246 E2.59296
G1 X118.889 Y105.246 E.02428
G1 X168.554 Y154.911 E2.6273
G1 X168.554 Y155.56 E.02428
G1 X165.247 Y152.253 E.17494
G1 X165.234 Y152.458 E.00768
G1 X165.162 Y152.817 E.0137
M73 P10 R15
G1 X168.554 Y156.209 E.17944
G1 X168.554 Y156.858 E.02428
G1 X164.981 Y153.285 E.18901
G1 X164.716 Y153.669 E.01745
G1 X168.554 Y157.507 E.20303
G1 X168.554 Y158.157 E.02431
G1 X164.365 Y153.967 E.22163
G1 X164.122 Y154.14 E.01116
G1 X163.969 Y154.221 E.00648
G1 X168.554 Y158.806 E.24255
G1 X168.554 Y159.455 E.02428
G1 X163.272 Y154.172 E.27945
M204 S10000
;WIPE_START
G1 F24000
G1 X168.554 Y159.455 E-.53228
G1 X168.554 Y158.806 E-.04624
G1 X164.371 Y154.623 E-.42148
;WIPE_END
G1 Z.6 F600
G1 X163.399 Y150.404 F30000
G1 Z.2 F600
G1 E1 F1800
M204 S500
G1 F3300
G1 X118.24 Y105.246 E2.3889
G1 X117.591 Y105.246 E.02428
G1 X162.588 Y150.242 E2.38033
G1 X162.296 Y150.324 E.01135
G1 X162.127 Y150.431 E.00748
G1 X116.942 Y105.246 E2.3903
G1 X116.293 Y105.246 E.02428
G1 X161.736 Y150.689 E2.40395
G1 X161.598 Y150.806 E.00677
G1 X161.436 Y151.038 E.01058
G1 X115.643 Y105.246 E2.42244
G1 X114.994 Y105.246 E.02428
G1 X161.185 Y151.436 E2.44349
G1 X161.156 Y151.493 E.00239
G1 X161.052 Y151.953 E.01764
G1 X114.139 Y105.04 E2.48171
M204 S10000
;WIPE_START
G1 F24000
G1 X124.063 Y114.964 E-1
;WIPE_END
G1 Z.6 F600
M73 P11 R15
G1 X114.574 Y106.124 F30000
G1 Z.2 F600
G1 E1 F1800
M204 S500
G1 F3300
G1 X113.696 Y105.246 E.04645
G1 X113.052 Y105.251 E.02409
G1 X113.746 Y105.945 E.03671
G1 X113.576 Y105.979 E.00648
G1 X113.255 Y106.104 E.01289
G1 X112.517 Y105.366 E.03904
G1 X112.452 Y105.384 E.00252
G1 X112.096 Y105.593 E.01544
G1 X112.858 Y106.355 E.04031
G1 X112.541 Y106.688 E.0172
G1 X111.778 Y105.925 E.04036
G1 X111.585 Y106.259 E.01443
G1 X111.558 Y106.354 E.00369
G1 X112.303 Y107.098 E.03938
G1 X112.217 Y107.265 E.00703
G1 X112.133 Y107.578 E.01212
G1 X111.449 Y106.894 E.03618
G1 X111.446 Y107.54 E.02416
G1 X112.357 Y108.451 E.04819
M204 S10000
;WIPE_START
G1 F24000
G1 X111.446 Y107.54 E-.09179
G1 X111.449 Y106.894 E-.04603
G1 X112.133 Y107.578 E-.06892
G1 X112.217 Y107.265 E-.02309
G1 X112.303 Y107.098 E-.01338
G1 X111.558 Y106.354 E-.07502
G1 X111.585 Y106.259 E-.00704
G1 X111.778 Y105.925 E-.02748
G1 X112.541 Y106.688 E-.07688
G1 X112.858 Y106.355 E-.03276
G1 X112.096 Y105.593 E-.07678
G1 X112.452 Y105.384 E-.02941
G1 X112.517 Y105.366 E-.00481
G1 X113.255 Y106.104 E-.07436
G1 X113.576 Y105.979 E-.02454
G1 X113.746 Y105.945 E-.01235
G1 X113.052 Y105.251 E-.06993
G1 X113.696 Y105.246 E-.04589
G1 X114.574 Y106.124 E-.08847
;WIPE_END
G1 E-.11107 F1800
G1 Z.6 F600
G1 X116.071 Y107.621 F30000
G1 Z.2 F600
G1 E1 F1800
M204 S500
G1 F3300
G1 X161.057 Y152.606 E2.37975
G1 X161.108 Y152.896 E.01101
G1 X161.165 Y153.083 E.00731
G1 X161.265 Y153.272 E.008
G1 X161.616 Y153.767 E.0227
G1 X161.78 Y153.903 E.00797
G1 X162.136 Y154.142 E.01604
G1 X162.337 Y154.247 E.00848
G1 X162.802 Y154.351 E.01782
G1 X168.554 Y160.104 E.30431
G1 X168.554 Y160.753 E.02428
G1 X116.267 Y108.466 E2.766
G1 X116.181 Y108.74 E.01074
G1 X116.082 Y108.93 E.00801
G1 X168.554 Y161.403 E2.77581
G1 X168.554 Y162.052 E.02428
G1 X115.84 Y109.338 E2.78859
G1 X115.746 Y109.442 E.00524
G1 X115.501 Y109.648 E.01197
G1 X168.554 Y162.701 E2.80652
G1 X168.554 Y163.35 E.02428
G1 X115.112 Y109.907 E2.82713
G1 X114.621 Y110.066 E.01931
G1 X168.554 Y163.999 E2.85307
G1 X168.554 Y164.648 E.02428
G1 X113.754 Y109.848 E2.89894
M204 S10000
;WIPE_START
M73 P12 R15
G1 F24000
G1 X123.678 Y119.772 E-1
;WIPE_END
G1 Z.6 F600
G1 X111.24 Y107.983 F30000
G1 Z.2 F600
G1 E1 F1800
M204 S500
G1 F3300
G1 X168.554 Y165.298 E3.03196
G1 X168.554 Y165.947 E.02428
G1 X111.446 Y108.838 E3.02106
G1 X111.446 Y109.487 E.02428
G1 X168.554 Y166.596 E3.02106
G1 X168.554 Y167.245 E.02428
G1 X111.446 Y110.136 E3.02106
G1 X111.446 Y110.786 E.02431
G1 X168.554 Y167.894 E3.02103
G1 X168.554 Y168.544 E.02431
G1 X111.446 Y111.435 E3.02106
M73 P12 R14
G1 X111.446 Y112.084 E.02428
G1 X168.554 Y169.193 E3.02106
M73 P13 R14
G1 X168.554 Y169.842 E.02428
G1 X111.446 Y112.733 E3.02106
G1 X111.446 Y113.382 E.02428
G1 X168.554 Y170.491 E3.02106
G1 X168.554 Y171.14 E.02428
G1 X111.446 Y114.032 E3.02103
G1 X111.446 Y114.681 E.02428
G1 X168.76 Y171.995 E3.03193
M204 S10000
;WIPE_START
G1 F24000
G1 X158.836 Y162.071 E-1
;WIPE_END
G1 Z.6 F600
G1 X167.644 Y171.529 F30000
M73 P14 R14
G1 Z.2 F600
G1 E1 F1800
M204 S500
G1 F3300
G1 X168.554 Y172.439 E.04814
G1 X168.552 Y173.086 E.0242
G1 X167.876 Y172.41 E.03576
G1 X167.782 Y172.736 E.01269
G1 X167.707 Y172.889 E.00637
G1 X168.446 Y173.629 E.03912
G1 X168.415 Y173.741 E.00435
G1 X168.23 Y174.062 E.01386
G1 X167.473 Y173.304 E.04007
G1 X167.139 Y173.62 E.0172
G1 X167.916 Y174.397 E.0411
G1 X167.499 Y174.63 E.01787
G1 X166.756 Y173.886 E.03933
G1 X166.271 Y174.05 E.01915
G1 X166.969 Y174.748 E.03692
G1 X166.326 Y174.754 E.02405
G1 X165.443 Y173.872 E.04668
M204 S10000
;WIPE_START
G1 F24000
G1 X166.326 Y174.754 E-.08892
G1 X166.969 Y174.748 E-.04582
G1 X166.271 Y174.05 E-.07033
G1 X166.756 Y173.886 E-.03648
G1 X167.499 Y174.63 E-.07492
G1 X167.916 Y174.397 E-.03403
G1 X167.139 Y173.62 E-.07829
G1 X167.473 Y173.304 E-.03276
G1 X168.23 Y174.062 E-.07633
G1 X168.415 Y173.741 E-.0264
G1 X168.446 Y173.629 E-.00828
G1 X167.707 Y172.889 E-.07451
G1 X167.782 Y172.736 E-.01214
G1 X167.876 Y172.41 E-.02417
G1 X168.552 Y173.086 E-.06812
G1 X168.554 Y172.439 E-.0461
G1 X167.644 Y171.529 E-.09169
;WIPE_END
G1 E-.11071 F1800
G1 Z.6 F600
G1 X166.256 Y170.14 F30000
G1 Z.2 F600
G1 E1 F1800
M204 S500
G1 F3300
G1 X111.446 Y115.33 E2.89947
G1 X111.446 Y115.979 E.02428
G1 X165.393 Y169.926 E2.85381
G1 X165.161 Y169.975 E.00887
G1 X164.915 Y170.098 E.01029
G1 X111.446 Y116.628 E2.82855
G1 X111.446 Y117.277 E.02428
G1 X164.497 Y170.329 E2.80644
G1 X164.171 Y170.652 E.01717
G1 X111.446 Y117.927 E2.78917
G1 X111.446 Y118.576 E.02428
G1 X163.926 Y171.056 E2.77621
G1 X163.82 Y171.259 E.00857
G1 X163.735 Y171.514 E.01005
G1 X111.446 Y119.225 E2.76611
G1 X111.446 Y119.874 E.02428
M73 P15 R14
G1 X163.923 Y172.351 E2.77605
M204 S10000
;WIPE_START
G1 F24000
G1 X153.999 Y162.427 E-1
;WIPE_END
G1 Z.6 F600
G1 X165.882 Y174.96 F30000
G1 Z.2 F600
G1 E1 F1800
M204 S500
G1 F3300
G1 X111.446 Y120.523 E2.87971
G1 X111.446 Y121.173 E.02431
G1 X165.027 Y174.754 E2.83445
G1 X164.378 Y174.754 E.02428
G1 X111.446 Y121.822 E2.80012
G1 X111.446 Y122.471 E.02428
G1 X163.729 Y174.754 E2.76579
G1 X163.08 Y174.754 E.02428
G1 X111.446 Y123.12 E2.73146
G1 X111.446 Y123.769 E.02428
G1 X162.431 Y174.754 E2.69712
G1 X161.782 Y174.754 E.02428
G1 X111.446 Y124.418 E2.66279
M73 P16 R14
G1 X111.446 Y125.068 E.02431
G1 X161.132 Y174.754 E2.62841
G1 X160.483 Y174.754 E.02428
G1 X127.198 Y141.469 E1.76079
G1 X127.141 Y141.153 E.01201
G1 X127.074 Y140.938 E.00842
G1 X126.751 Y140.428 E.02258
G1 X126.589 Y140.24 E.00928
G1 X126.085 Y139.889 E.02297
G1 X125.892 Y139.795 E.00803
G1 X125.425 Y139.696 E.01786
G1 X111.446 Y125.717 E.73949
G1 X111.446 Y126.366 E.02428
G1 X124.78 Y139.701 E.7054
G1 X124.497 Y139.755 E.01078
G1 X124.265 Y139.834 E.00917
G1 X111.446 Y127.015 E.67813
G1 X111.446 Y127.664 E.02428
G1 X123.868 Y140.087 E.65715
G1 X123.628 Y140.267 E.01122
G1 X123.524 Y140.392 E.00608
G1 X111.446 Y128.314 E.63893
G1 X111.446 Y128.963 E.02428
G1 X123.269 Y140.786 E.62544
G1 X123.166 Y140.951 E.00728
G1 X123.085 Y141.251 E.01162
G1 X111.446 Y129.612 E.61571
G1 X111.446 Y130.261 E.02428
G1 X123.259 Y142.074 E.62491
M204 S10000
;WIPE_START
G1 F24000
G1 X113.335 Y132.15 E-1
;WIPE_END
G1 Z.6 F600
G1 X127.021 Y141.942 F30000
M73 P17 R14
G1 Z.2 F600
G1 E1 F1800
M204 S500
G1 F3300
G1 X159.834 Y174.754 E1.73579
G1 X159.185 Y174.754 E.02428
G1 X127.058 Y142.628 E1.6995
G1 X126.986 Y142.767 E.00586
G1 X126.806 Y143.024 E.01174
G1 X158.536 Y174.754 E1.67853
G1 X157.886 Y174.754 E.02431
G1 X126.503 Y143.371 E1.66017
G1 X126.11 Y143.628 E.01756
G1 X157.237 Y174.754 E1.6466
G1 X156.588 Y174.754 E.02428
G1 X125.645 Y143.812 E1.63687
G1 X125.31 Y143.878 E.01277
G1 X125.073 Y143.889 E.00887
G1 X155.939 Y174.754 E1.6328
G1 X155.29 Y174.754 E.02428
G1 X111.446 Y130.91 E2.31936
G1 X111.446 Y131.56 E.02431
G1 X154.64 Y174.754 E2.28498
G1 X153.991 Y174.754 E.02428
G1 X111.446 Y132.209 E2.25065
G1 X111.446 Y132.858 E.02428
G1 X153.342 Y174.754 E2.21631
G1 X152.693 Y174.754 E.02428
G1 X111.446 Y133.507 E2.18198
G1 X111.446 Y134.156 E.02428
G1 X152.044 Y174.754 E2.14765
M73 P18 R14
G1 X151.395 Y174.754 E.02428
G1 X111.446 Y134.805 E2.11332
G1 X111.446 Y135.455 E.02431
G1 X150.745 Y174.754 E2.07893
G1 X150.096 Y174.754 E.02428
G1 X127.173 Y151.831 E1.21263
G1 X127.141 Y151.657 E.00662
G1 X127.073 Y151.441 E.00847
G1 X126.75 Y150.932 E.02255
G1 X126.598 Y150.752 E.00881
G1 X126.116 Y150.413 E.02204
G1 X125.949 Y150.322 E.00711
G1 X125.566 Y150.224 E.01479
G1 X111.446 Y136.104 E.74695
G1 X111.446 Y136.753 E.02428
G1 X124.879 Y150.186 E.71061
G1 X124.503 Y150.257 E.01431
G1 X124.349 Y150.306 E.00605
G1 X111.446 Y137.402 E.6826
G1 X111.446 Y138.051 E.02428
G1 X123.94 Y150.546 E.66096
G1 X123.782 Y150.646 E.00699
M73 P18 R13
G1 X123.578 Y150.833 E.01035
G1 X111.446 Y138.701 E.64179
G1 X111.446 Y139.35 E.02428
G1 X123.309 Y151.213 E.62756
G1 X123.164 Y151.46 E.01071
G1 X123.104 Y151.657 E.0077
G1 X111.446 Y139.999 E.61671
G1 X111.446 Y140.648 E.02428
G1 X123.227 Y152.43 E.62325
M204 S10000
;WIPE_START
G1 F24000
G1 X113.303 Y142.505 E-1
;WIPE_END
G1 Z.6 F600
G1 X127.03 Y152.337 F30000
G1 Z.2 F600
G1 E1 F1800
M204 S500
M73 P19 R13
G1 F3300
G1 X149.447 Y174.754 E1.18587
G1 X148.798 Y174.754 E.02428
G1 X127.094 Y153.051 E1.14812
G1 X126.986 Y153.271 E.00917
G1 X126.854 Y153.459 E.00859
G1 X148.149 Y174.754 E1.12651
G1 X147.499 Y174.754 E.02431
G1 X126.566 Y153.821 E1.10736
G1 X126.467 Y153.905 E.00486
G1 X126.181 Y154.086 E.01266
G1 X146.85 Y174.754 E1.09337
G1 X146.201 Y174.754 E.02428
G1 X125.743 Y154.296 E1.08224
G1 X125.193 Y154.395 E.0209
G1 X145.552 Y174.754 E1.077
G1 X144.903 Y174.754 E.02428
G1 X124.417 Y154.268 E1.08372
G1 X124.352 Y154.254 E.00249
G1 X124.129 Y154.141 E.00935
G1 X123.631 Y153.787 E.02286
G1 X123.493 Y153.62 E.0081
G1 X123.166 Y153.099 E.02301
G1 X123.13 Y152.981 E.00461
G1 X111.446 Y141.297 E.61809
G1 X111.446 Y141.946 E.02428
G1 X144.254 Y174.754 E1.73555
G1 X143.604 Y174.754 E.02431
G1 X111.446 Y142.596 E1.70117
G1 X111.446 Y143.245 E.02428
G1 X142.955 Y174.754 E1.66684
G1 X142.306 Y174.754 E.02428
G1 X111.446 Y143.894 E1.6325
G1 X111.446 Y144.543 E.02428
G1 X141.657 Y174.754 E1.59817
G1 X141.008 Y174.754 E.02428
G1 X111.446 Y145.192 E1.56384
G1 X111.446 Y145.842 E.02431
G1 X140.358 Y174.754 E1.52945
G1 X139.709 Y174.754 E.02428
G1 X111.446 Y146.491 E1.49512
M73 P20 R13
G1 X111.446 Y147.14 E.02428
G1 X139.06 Y174.754 E1.46079
G1 X138.411 Y174.754 E.02428
G1 X111.446 Y147.789 E1.42646
G1 X111.446 Y148.438 E.02428
G1 X137.762 Y174.754 E1.39213
G1 X137.113 Y174.754 E.02428
G1 X111.446 Y149.088 E1.35777
G1 X111.446 Y149.737 E.02428
G1 X136.463 Y174.754 E1.32341
G1 X135.814 Y174.754 E.02428
G1 X111.446 Y150.386 E1.28908
G1 X111.446 Y151.035 E.02428
G1 X135.165 Y174.754 E1.25474
G1 X134.516 Y174.754 E.02428
G1 X111.446 Y151.684 E1.22041
G1 X111.446 Y152.333 E.02428
G1 X133.867 Y174.754 E1.18608
G1 X133.217 Y174.754 E.02431
G1 X111.446 Y152.983 E1.15169
G1 X111.446 Y153.632 E.02428
G1 X132.568 Y174.754 E1.11736
G1 X131.919 Y174.754 E.02428
G1 X111.446 Y154.281 E1.08303
G1 X111.446 Y154.93 E.02428
G1 X131.27 Y174.754 E1.0487
G1 X130.621 Y174.754 E.02428
G1 X111.446 Y155.579 E1.01436
M73 P21 R13
G1 X111.446 Y156.229 E.02431
G1 X129.971 Y174.754 E.97998
G1 X129.322 Y174.754 E.02428
G1 X111.446 Y156.878 E.94565
G1 X111.446 Y157.527 E.02428
G1 X128.673 Y174.754 E.91131
G1 X128.024 Y174.754 E.02428
G1 X111.446 Y158.176 E.87698
G1 X111.446 Y158.825 E.02428
G1 X127.375 Y174.754 E.84265
G1 X126.726 Y174.754 E.02428
G1 X111.446 Y159.474 E.80832
G1 X111.446 Y160.124 E.02431
G1 X126.076 Y174.754 E.77393
G1 X125.427 Y174.754 E.02428
G1 X111.446 Y160.773 E.7396
G1 X111.446 Y161.422 E.02428
G1 X124.778 Y174.754 E.70527
G1 X124.129 Y174.754 E.02428
G1 X111.446 Y162.071 E.67094
G1 X111.446 Y162.72 E.02428
G1 X123.48 Y174.754 E.6366
G1 X122.83 Y174.754 E.02431
G1 X111.446 Y163.37 E.60222
G1 X111.446 Y164.019 E.02428
G1 X122.181 Y174.754 E.56789
G1 X121.532 Y174.754 E.02428
G1 X111.446 Y164.668 E.53355
G1 X111.446 Y165.317 E.02428
G1 X120.883 Y174.754 E.49922
G1 X120.234 Y174.754 E.02428
G1 X111.446 Y165.966 E.46489
G1 X111.446 Y166.615 E.02428
G1 X114.803 Y169.973 E.17761
G1 X114.939 Y170.019 E.00537
G1 X115.447 Y170.281 E.02138
G1 X115.64 Y170.452 E.00965
G1 X115.94 Y170.794 E.01702
G1 X116.043 Y170.943 E.00678
G1 X116.124 Y171.123 E.00738
G1 X116.202 Y171.372 E.00976
G1 X119.585 Y174.754 E.17894
G1 X118.935 Y174.754 E.02431
G1 X116.3 Y172.119 E.13939
G1 X116.285 Y172.355 E.00885
G1 X116.201 Y172.669 E.01216
G1 X118.286 Y174.754 E.1103
G1 X117.637 Y174.754 E.02428
G1 X115.996 Y173.113 E.08681
G1 X115.708 Y173.475 E.0173
M73 P22 R13
G1 X116.988 Y174.754 E.06769
G1 X116.339 Y174.754 E.02428
G1 X115.351 Y173.767 E.05224
G1 X115.085 Y173.921 E.0115
G1 X114.911 Y173.976 E.00683
G1 X115.689 Y174.754 E.04116
G1 X115.04 Y174.754 E.02428
G1 X114.185 Y173.9 E.0452
M204 S10000
;WIPE_START
G1 F24000
G1 X115.04 Y174.754 E-.0861
G1 X115.689 Y174.754 E-.04624
G1 X114.911 Y173.976 E-.07839
G1 X115.085 Y173.921 E-.013
G1 X115.351 Y173.767 E-.0219
G1 X116.339 Y174.754 E-.0995
G1 X116.988 Y174.754 E-.04624
G1 X115.708 Y173.475 E-.12893
G1 X115.996 Y173.113 E-.03296
G1 X117.637 Y174.754 E-.16535
G1 X118.286 Y174.754 E-.04624
G1 X116.201 Y172.669 E-.21009
G1 X116.285 Y172.355 E-.02316
G1 X116.287 Y172.328 E-.0019
;WIPE_END
G1 Z.6 F600
G1 X114.274 Y170.093 F30000
G1 Z.2 F600
G1 E1 F1800
M204 S500
G1 F3300
G1 X111.446 Y167.265 E.1496
G1 X111.446 Y167.914 E.02428
G1 X113.531 Y169.999 E.1103
G1 X113.087 Y170.204 E.01829
G1 X111.446 Y168.563 E.08681
G1 X111.446 Y169.212 E.02428
G1 X112.722 Y170.488 E.0675
G1 X112.599 Y170.611 E.00651
G1 X112.43 Y170.846 E.01083
G1 X111.446 Y169.861 E.05208
G1 X111.446 Y170.511 E.02431
G1 X112.213 Y171.278 E.04057
G1 X112.115 Y171.643 E.01414
G1 X112.104 Y171.819 E.0066
G1 X111.446 Y171.16 E.03483
G1 X111.446 Y171.809 E.02428
G1 X112.171 Y172.534 E.03835
G1 X112.329 Y173.006 E.01862
G1 X112.477 Y173.226 E.00992
G1 X112.801 Y173.592 E.01828
G1 X112.951 Y173.717 E.0073
G1 X113.466 Y173.984 E.0217
G1 X113.677 Y174.04 E.00817
G1 X114.391 Y174.754 E.03777
G1 X113.742 Y174.754 E.02428
G1 X111.446 Y172.458 E.12146
G1 X111.449 Y173.111 E.02443
G1 X113.09 Y174.752 E.08681
G1 X112.897 Y174.739 E.00724
G1 X112.452 Y174.616 E.01727
G1 X112.095 Y174.406 E.01549
G1 X111.349 Y173.66 E.03946
M204 S10000
M106 P2 S255
M106 P3 S255
M900 K0.031 T0.03
M106 S255
;LAYER_CHANGE
;Z:0.45
;HEIGHT:0.25
G92 E0
;WIPE_START
G1 F24000
G1 X112.095 Y174.406 E-.07517
G1 X112.452 Y174.616 E-.02951
G1 X112.897 Y174.739 E-.0329
G1 X113.09 Y174.752 E-.01378
G1 X111.449 Y173.111 E-.16535
G1 X111.446 Y172.458 E-.04653
G1 X113.742 Y174.754 E-.23135
G1 X114.391 Y174.754 E-.04624
G1 X113.677 Y174.04 E-.07194
G1 X113.466 Y173.984 E-.01555
G1 X112.951 Y173.717 E-.04133
G1 X112.801 Y173.592 E-.01391
G1 X112.477 Y173.226 E-.03483
G1 X112.329 Y173.006 E-.01889
G1 X112.171 Y172.534 E-.03546
G1 X111.446 Y171.809 E-.07305
G1 X111.446 Y171.16 E-.04624
G1 X111.525 Y171.239 E-.00797
;WIPE_END
G1 Z.6 F600
M104 S220 ; set temperature
G1 X168.828 Y105.671 F30000
G1 Z.45 F600
G1 E1 F1800
M204 S5000
;TYPE:Perimeter
;WIDTH:0.449999
G1 F8477.377

G1 X168.973 Y105.933 E.01209
G1 X169.152 Y106.416 E.0208
G1 X169.209 Y106.959 E.02204
G1 X169.206 Y173.112 E2.67071
G1 X169.129 Y173.695 E.02374
G1 X168.89 Y174.263 E.02488
G1 X168.533 Y174.73 E.02373
G1 X168.193 Y174.995 E.0174
G1 X167.872 Y175.174 E.01484
G1 X167.396 Y175.352 E.02052
G1 X166.896 Y175.409 E.02032
G1 X113.543 Y175.409 E2.15396
G1 X112.792 Y175.388 E.03033
G1 X112.195 Y175.223 E.02501
G1 X111.688 Y174.924 E.02376
G1 X111.274 Y174.508 E.02369
G1 X111.024 Y174.077 E.02012
G1 X110.859 Y173.636 E.01901
G1 X110.791 Y173.077 E.02273
G1 X110.794 Y106.888 E2.67217
G1 X110.871 Y106.305 E.02374
G1 X111.11 Y105.737 E.02488
G1 X111.467 Y105.27 E.02373
G1 X111.808 Y105.005 E.01744
G1 X112.072 Y104.85 E.01236
G1 X112.604 Y104.648 E.02297
G1 X113.104 Y104.591 E.02032
G1 X166.877 Y104.591 E2.17091
G1 X167.525 Y104.679 E.0264
G1 X168.07 Y104.91 E.0239
G1 X168.533 Y105.27 E.02368
G1 X168.799 Y105.619 E.01772

M204 S10000
G1 X169.169 Y105.473 F30000
M204 S3000
;TYPE:External perimeter
;WIDTH:0.419999
G1 F9171.582

G1 X169.223 Y105.544 E.00333
G1 X169.437 Y106.053 E.0206
G1 X169.545 Y106.437 E.01489
G1 X169.59 Y106.959 E.01955
G1 X169.59 Y107.379 E.01567
G1 X169.587 Y172.717 E2.43815
G1 X169.587 Y173.137 E.01567
G1 X169.495 Y173.808 E.02527
G1 X169.223 Y174.456 E.02622
G1 X168.806 Y175.001 E.02561
G1 X168.265 Y175.422 E.02558
G1 X168.021 Y175.525 E.00988
G1 X167.473 Y175.725 E.02177
G1 X166.909 Y175.79 E.02119
G1 X166.489 Y175.79 E.01567
G1 X113.963 Y175.79 E1.96006
G1 X113.543 Y175.79 E.01567
G1 X112.727 Y175.766 E.03046
G1 X112.045 Y175.577 E.02641
G1 X111.452 Y175.228 E.02568
G1 X110.969 Y174.742 E.02557
G1 X110.619 Y174.139 E.02602
G1 X110.462 Y173.597 E.02106
G1 X110.41 Y173.089 E.01906
G1 X110.41 Y172.669 E.01567
G1 X110.413 Y107.283 E2.43994
G1 X110.413 Y106.863 E.01567
G1 X110.505 Y106.192 E.02527
G1 X110.777 Y105.544 E.02622
G1 X111.194 Y104.999 E.02561
G1 X111.735 Y104.578 E.02558
G1 X112.112 Y104.419 E.01527
G1 X112.581 Y104.264 E.01843
G1 X113.091 Y104.21 E.01914
G1 X113.511 Y104.21 E.01567
G1 X166.483 Y104.21 E1.9767
G1 X166.903 Y104.21 E.01567
G1 X167.627 Y104.308 E.02726
G1 X168.265 Y104.578 E.02585
G1 X168.806 Y104.999 E.02558
G1 X169.132 Y105.426 E.02005

M204 S10000
G1 X169.138 Y105.557 F30000
G1 X165.881 Y106.549
M204 S5000
;TYPE:Perimeter
;WIDTH:0.449999
G1 F3000
G1 X166.373 Y106.647 E.02025
G1 X166.838 Y106.961 E.02265
G1 X167.148 Y107.415 E.02219
G1 X167.27 Y108 E.02413
G1 X167.189 Y108.457 E.01874
G1 X167.104 Y108.661 E.00892
G1 X166.908 Y108.954 E.01423
G1 X166.754 Y109.108 E.00879
G1 X166.461 Y109.305 E.01425
G1 X166.255 Y109.39 E.009
G1 X165.789 Y109.468 E.01907
G1 X165.277 Y109.372 E.02103
G1 X164.846 Y109.108 E.02041
G1 X164.692 Y108.954 E.00879
G1 X164.427 Y108.521 E.02049
G1 X164.332 Y108.011 E.02094
G1 X164.41 Y107.546 E.01904
G1 X164.495 Y107.34 E.009
G1 X164.692 Y107.046 E.01429
G1 X164.846 Y106.892 E.00879
G1 X165.139 Y106.696 E.01423
G1 X165.341 Y106.611 E.00885
G1 X165.822 Y106.538 E.01964
M204 S10000
G1 X165.837 Y106.919 F30000
M204 S3000
;TYPE:External perimeter
;WIDTH:0.419999
G1 F3000
G1 X166.248 Y107.012 E.01572
G1 X166.591 Y107.259 E.01577
G1 X166.802 Y107.576 E.01421
G1 X166.885 Y108.036 E.01744
G1 X166.788 Y108.448 E.01579
G1 X166.541 Y108.791 E.01577
G1 X166.182 Y109.016 E.01581
G1 X165.765 Y109.084 E.01577
G1 X165.352 Y108.988 E.01582
G1 X165.009 Y108.741 E.01577
G1 X164.784 Y108.381 E.01584
G1 X164.716 Y107.965 E.01573
G1 X164.812 Y107.552 E.01582
G1 X165.059 Y107.209 E.01577
G1 X165.417 Y106.985 E.01576
G1 X165.778 Y106.924 E.01366
M204 S10000
G1 X166.047 Y106.578 F30000
;WIPE_START
G1 F24000
G1 X166.248 Y107.012 E-.03407
G1 X166.591 Y107.259 E-.03012
G1 X166.802 Y107.576 E-.02713
G1 X166.885 Y108.036 E-.0333
G1 X166.788 Y108.448 E-.03016
G1 X166.541 Y108.791 E-.03012
G1 X166.182 Y109.016 E-.03019
G1 X165.765 Y109.084 E-.0301
G1 X165.352 Y108.988 E-.03021
G1 X165.009 Y108.741 E-.03012
G1 X164.784 Y108.381 E-.03025
G1 X164.716 Y107.965 E-.03003
G1 X164.812 Y107.552 E-.03021
G1 X165.059 Y107.209 E-.03012
G1 X165.417 Y106.985 E-.03009
G1 X165.778 Y106.924 E-.02609
;WIPE_END
G1 E-.51769 F1800
G1 Z.85 F600
G1 X164.457 Y142.368 F30000
G1 Z.45 F600
G1 E1 F1800
M204 S5000
;TYPE:Perimeter
;WIDTH:0.449999
G1 F3000
G1 X164.429 Y142.433 E.00286
G1 X164.16 Y142.814 E.01883
G1 X163.664 Y143.138 E.02392
G1 X163.122 Y143.239 E.02226
G1 X162.611 Y143.145 E.02098
G1 X162.177 Y142.881 E.02051
G1 X162.022 Y142.726 E.00885
G1 X161.758 Y142.294 E.02044
G1 X161.671 Y141.884 E.01692
G1 X161.671 Y141.662 E.00896
G1 X161.792 Y141.169 E.02049
G1 X162.078 Y140.75 E.02048
G1 X162.491 Y140.455 E.02049
G1 X162.992 Y140.319 E.02096
G1 X163.21 Y140.316 E.0088
G1 X163.678 Y140.413 E.0193
G1 X164.161 Y140.733 E.02339
G1 X164.43 Y141.113 E.0188
G1 X164.514 Y141.316 E.00887
G1 X164.595 Y141.773 E.01874
G1 X164.514 Y142.23 E.01874
G1 X164.48 Y142.312 E.00358
M204 S10000
G1 X164.113 Y142.221 F30000
M204 S3000
;TYPE:External perimeter
;WIDTH:0.419999
G1 F3000
G1 X163.866 Y142.564 E.01577
G1 X163.507 Y142.787 E.01577
G1 X163.092 Y142.855 E.01569
G1 X162.68 Y142.758 E.01579
G1 X162.338 Y142.514 E.01568
G1 X162.115 Y142.155 E.01577
G1 X162.045 Y141.809 E.01317
G1 X162.14 Y141.329 E.01826
G1 X162.388 Y140.983 E.01589
G1 X162.744 Y140.76 E.01568
G1 X163.141 Y140.691 E.01504
G1 X163.574 Y140.787 E.01655
G1 X163.917 Y141.033 E.01575
G1 X164.14 Y141.391 E.01574
G1 X164.21 Y141.809 E.01582
G1 X164.126 Y142.163 E.01358
M204 S10000
G1 X164.345 Y142.547 F30000
;WIPE_START
G1 F24000
G1 X163.866 Y142.564 E-.03405
G1 X163.507 Y142.787 E-.03011
G1 X163.092 Y142.855 E-.02996
G1 X162.68 Y142.758 E-.03016
G1 X162.338 Y142.514 E-.02993
G1 X162.115 Y142.155 E-.03011
G1 X162.045 Y141.809 E-.02515
G1 X162.14 Y141.329 E-.03486
G1 X162.388 Y140.983 E-.03033
G1 X162.744 Y140.76 E-.02993
G1 X163.141 Y140.691 E-.02871
G1 X163.574 Y140.787 E-.0316
G1 X163.917 Y141.033 E-.03007
G1 X164.14 Y141.391 E-.03005
G1 X164.21 Y141.809 E-.0302
G1 X164.126 Y142.163 E-.02592
;WIPE_END
G1 E-.51886 F1800
G1 Z.85 F600
G1 X163.04 Y153.723 F30000
G1 Z.45 F600
G1 E1 F1800
M204 S5000
;TYPE:Perimeter
;WIDTH:0.449999
G1 F3000
G1 X162.603 Y153.646 E.01791
G1 X162.146 Y153.363 E.0217
G1 X161.825 Y152.937 E.02153
G1 X161.741 Y152.734 E.00887
G1 X161.662 Y152.232 E.02052
G1 X161.764 Y151.738 E.02036
G1 X162.036 Y151.303 E.02071
G1 X162.178 Y151.168 E.00791
G1 X162.61 Y150.906 E.0204
G1 X163.104 Y150.812 E.0203
G1 X163.623 Y150.899 E.02125
G1 X164.078 Y151.169 E.02136
G1 X164.233 Y151.324 E.00885
G1 X164.429 Y151.617 E.01423
G1 X164.514 Y151.82 E.00888
G1 X164.595 Y152.277 E.01874
G1 X164.514 Y152.734 E.01874
G1 X164.43 Y152.937 E.00887
G1 X164.161 Y153.317 E.0188
G1 X163.682 Y153.635 E.02321
G1 X163.154 Y153.743 E.02176
G1 X163.099 Y153.733 E.00226
M204 S10000
G1 X163.091 Y153.359 F30000
M204 S3000
;TYPE:External perimeter
;WIDTH:0.419999
G1 F3000
G1 X162.68 Y153.263 E.01575
G1 X162.378 Y153.06 E.01358
G1 X162.115 Y152.659 E.01789
G1 X162.045 Y152.241 E.01582
G1 X162.142 Y151.829 E.01579
G1 X162.39 Y151.485 E.01582
G1 X162.786 Y151.255 E.01709
G1 X163.14 Y151.196 E.01339
G1 X163.573 Y151.29 E.01653
G1 X163.917 Y151.536 E.01578
G1 X164.14 Y151.895 E.01577
G1 X164.21 Y152.313 E.01582
G1 X164.113 Y152.725 E.01579
G1 X163.867 Y153.067 E.01572
G1 X163.509 Y153.29 E.01574
G1 X163.151 Y153.349 E.01354
M204 S10000
G1 X162.88 Y153.698 F30000
G1 X165.33 Y170.618
M204 S5000
;TYPE:Perimeter
;WIDTH:0.449999
G1 F3000
G1 X165.776 Y170.532 E.01834
G1 X166.25 Y170.609 E.01939
G1 X166.46 Y170.695 E.00916
G1 X166.754 Y170.892 E.01429
G1 X166.908 Y171.046 E.00879
G1 X167.104 Y171.339 E.01423
G1 X167.189 Y171.543 E.00892
G1 X167.27 Y172 E.01874
G1 X167.148 Y172.585 E.02413
G1 X166.838 Y173.039 E.02219
G1 X166.391 Y173.345 E.02187
G1 X165.898 Y173.461 E.02045
G1 X165.689 Y173.459 E.00844
G1 X165.343 Y173.389 E.01425
G1 X165.139 Y173.304 E.00892
G1 X164.846 Y173.108 E.01423
G1 X164.692 Y172.954 E.00879
G1 X164.495 Y172.66 E.01429
G1 X164.41 Y172.454 E.009
G1 X164.332 Y171.99 E.019
G1 X164.427 Y171.479 E.02098
G1 X164.692 Y171.046 E.02049
G1 X164.934 Y170.833 E.01302
G1 X165.272 Y170.631 E.0159
M204 S10000
G1 X165.454 Y170.978 F30000
M204 S3000
;TYPE:External perimeter
;WIDTH:0.419999
G1 F3000
G1 X165.824 Y170.917 E.01399
G1 X166.248 Y171.012 E.01621
G1 X166.591 Y171.259 E.01577
G1 X166.815 Y171.618 E.01579
G1 X166.885 Y172.036 E.01582
G1 X166.788 Y172.448 E.01579
G1 X166.541 Y172.791 E.01577
G1 X166.182 Y173.015 E.01579
G1 X165.764 Y173.085 E.01582
G1 X165.352 Y172.988 E.01579
G1 X165.009 Y172.741 E.01577
G1 X164.784 Y172.381 E.01584
G1 X164.716 Y171.965 E.01573
G1 X164.812 Y171.552 E.01582
G1 X165.059 Y171.209 E.01577
G1 X165.398 Y170.997 E.01492
M204 S10000
G1 X165.518 Y170.609 F30000
G1 X125.097 Y150.823
M204 S5000
;TYPE:Perimeter
;WIDTH:0.449999
G1 F3000
G1 X125.155 Y150.814 E.00237
G1 X125.692 Y150.925 E.02214
G1 X126.114 Y151.199 E.02031
G1 X126.424 Y151.617 E.02101
G1 X126.509 Y151.82 E.00888
G1 X126.588 Y152.322 E.02052
G1 X126.479 Y152.835 E.02117
G1 X126.194 Y153.276 E.0212
G1 X125.784 Y153.579 E.02058
G1 X125.579 Y153.664 E.00896
G1 X125.068 Y153.741 E.02086
G1 X124.554 Y153.629 E.02124
G1 X124.129 Y153.353 E.02046
G1 X123.82 Y152.937 E.02092
G1 X123.736 Y152.733 E.00891
G1 X123.658 Y152.24 E.02015
G1 X123.769 Y151.713 E.02174
G1 X124.051 Y151.278 E.02093
G1 X124.465 Y150.973 E.02076
G1 X124.699 Y150.883 E.01012
G1 X125.037 Y150.832 E.0138
M204 S10000
G1 X125.129 Y151.197 F30000
M204 S3000
;TYPE:External perimeter
;WIDTH:0.419999
G1 F3000
G1 X125.57 Y151.291 E.01683
G1 X125.912 Y151.536 E.0157
G1 X126.135 Y151.895 E.01577
G1 X126.205 Y152.313 E.01582
G1 X126.108 Y152.725 E.01579
G1 X125.862 Y153.067 E.01572
G1 X125.505 Y153.29 E.01571
G1 X125.087 Y153.359 E.01581
G1 X124.675 Y153.263 E.01579
G1 X124.37 Y153.057 E.01373
G1 X124.11 Y152.659 E.01774
G1 X124.041 Y152.241 E.01581
G1 X124.137 Y151.829 E.01579
G1 X124.384 Y151.486 E.01577
G1 X124.775 Y151.256 E.01693
G1 X125.07 Y151.207 E.01116
M204 S10000
G1 X125.335 Y150.854 F30000
G1 X126.571 Y141.859
M204 S5000
;TYPE:Perimeter
;WIDTH:0.449999
G1 F3000
G1 X126.505 Y142.248 E.01593
G1 X126.424 Y142.434 E.00819
G1 X126.114 Y142.851 E.02098
G1 X125.692 Y143.125 E.02031
G1 X125.171 Y143.237 E.02151
G1 X124.67 Y143.161 E.02046
G1 X124.465 Y143.077 E.00894
G1 X124.051 Y142.772 E.02076
M73 P23 R13
G1 X123.769 Y142.337 E.02093
G1 X123.658 Y141.81 E.02174
G1 X123.75 Y141.262 E.02243
G1 X124.016 Y140.821 E.02079
G1 X124.171 Y140.666 E.00885
G1 X124.624 Y140.396 E.02129
G1 X125.123 Y140.307 E.02046
G1 X125.662 Y140.409 E.02215
G1 X126.093 Y140.679 E.02053
G1 X126.229 Y140.821 E.00794
G1 X126.493 Y141.256 E.02054
G1 X126.589 Y141.75 E.02032
G1 X126.581 Y141.8 E.00204
M204 S10000
G1 X126.205 Y141.809 F30000
M204 S3000
;TYPE:External perimeter
;WIDTH:0.419999
G1 F3000
G1 X126.108 Y142.221 E.01579
G1 X125.861 Y142.564 E.01577
G1 X125.503 Y142.787 E.01574
G1 X125.088 Y142.855 E.01569
G1 X124.677 Y142.76 E.01574
G1 X124.333 Y142.514 E.01578
G1 X124.11 Y142.155 E.01577
G1 X124.041 Y141.737 E.01581
G1 X124.137 Y141.325 E.01579
G1 X124.383 Y140.983 E.01572
G1 X124.739 Y140.76 E.01568
G1 X125.136 Y140.691 E.01504
G1 X125.531 Y140.767 E.01501
G1 X125.912 Y141.033 E.01734
G1 X126.135 Y141.391 E.01574
G1 X126.195 Y141.75 E.01358
M204 S10000
G1 X126.544 Y142.021 F30000
G1 X113.196 Y170.942
M204 S5000
;TYPE:Perimeter
;WIDTH:0.449999
G1 F3000
G1 X113.539 Y170.696 E.01704
G1 X113.742 Y170.611 E.00888
G1 X114.197 Y170.532 E.01864
G1 X114.719 Y170.627 E.02142
G1 X115.154 Y170.892 E.02056
G1 X115.308 Y171.046 E.00879
G1 X115.572 Y171.476 E.02037
G1 X115.669 Y171.989 E.02108
G1 X115.589 Y172.457 E.01917
G1 X115.504 Y172.661 E.00892
G1 X115.308 Y172.954 E.01423
G1 X115.154 Y173.108 E.00879
G1 X114.861 Y173.304 E.01423
G1 X114.657 Y173.389 E.00892
G1 X114.2 Y173.47 E.01874
G1 X113.609 Y173.345 E.02439
G1 X113.161 Y173.037 E.02195
G1 X112.852 Y172.584 E.02214
G1 X112.742 Y172.107 E.01976
G1 X112.742 Y171.89 E.00876
G1 X112.81 Y171.544 E.01424
G1 X112.896 Y171.339 E.00897
G1 X113.092 Y171.046 E.01423
G1 X113.154 Y170.984 E.00354
M204 S10000
G1 X113.5 Y171.183 F30000
M204 S3000
;TYPE:External perimeter
;WIDTH:0.419999
G1 F3000
G1 X113.818 Y170.985 E.01398
G1 X114.224 Y170.917 E.01536
G1 X114.648 Y171.012 E.01621
G1 X114.991 Y171.259 E.01577
G1 X115.215 Y171.618 E.01579
G1 X115.285 Y172.036 E.01582
G1 X115.188 Y172.448 E.01579
G1 X114.941 Y172.791 E.01577
G1 X114.582 Y173.015 E.01579
G1 X114.164 Y173.085 E.01582
G1 X113.752 Y172.988 E.01579
G1 X113.409 Y172.741 E.01577
G1 X113.184 Y172.381 E.01584
G1 X113.116 Y172.034 E.01319
G1 X113.212 Y171.552 E.01834
G1 X113.452 Y171.218 E.01535
M204 S10000
G1 X113.415 Y170.819 F30000
;WIPE_START
G1 F24000
G1 X113.818 Y170.985 E-.03091
G1 X114.224 Y170.917 E-.02933
G1 X114.648 Y171.012 E-.03096
G1 X114.991 Y171.259 E-.03012
G1 X115.215 Y171.618 E-.03015
G1 X115.285 Y172.036 E-.0302
G1 X115.188 Y172.448 E-.03016
G1 X114.941 Y172.791 E-.03012
G1 X114.582 Y173.015 E-.03015
G1 X114.164 Y173.085 E-.0302
G1 X113.752 Y172.988 E-.03016
G1 X113.409 Y172.741 E-.03012
G1 X113.184 Y172.381 E-.03025
G1 X113.116 Y172.034 E-.02519
G1 X113.212 Y171.552 E-.03502
G1 X113.452 Y171.218 E-.0293
;WIPE_END
G1 E-.51766 F1800
G1 Z.85 F600
G1 X114.201 Y106.542 F30000
G1 Z.45 F600
G1 E1 F1800
M204 S5000
;TYPE:Perimeter
;WIDTH:0.449999
G1 F3000
G1 X114.275 Y106.535 E.003
G1 X114.683 Y106.62 E.01683
G1 X115.001 Y106.777 E.01432
G1 X115.175 Y106.91 E.00884
G1 X115.407 Y107.175 E.01422
G1 X115.518 Y107.366 E.00892
G1 X115.657 Y107.816 E.01901
G1 X115.625 Y108.356 E.02184
G1 X115.4 Y108.843 E.02166
G1 X115.025 Y109.207 E.0211
G1 X114.834 Y109.318 E.00892
G1 X114.405 Y109.455 E.01818
G1 X113.93 Y109.437 E.01919
G1 X113.716 Y109.38 E.00894
G1 X113.399 Y109.223 E.01428
G1 X113.225 Y109.09 E.00884
G1 X112.993 Y108.825 E.01422
G1 X112.882 Y108.634 E.00892
G1 X112.739 Y108.119 E.02158
G1 X112.763 Y107.729 E.01577
G1 X112.856 Y107.442 E.01218
G1 X113.048 Y107.089 E.01622
G1 X113.398 Y106.778 E.0189
G1 X113.868 Y106.57 E.02075
G1 X114.141 Y106.547 E.01106
M204 S10000
G1 X114.177 Y106.919 F30000
M204 S3000
;TYPE:External perimeter
;WIDTH:0.419999
G1 F3000
G1 X114.514 Y106.962 E.01268
G1 X114.888 Y107.162 E.01583
G1 X115.157 Y107.489 E.0158
G1 X115.279 Y107.892 E.01571
G1 X115.238 Y108.314 E.01582
G1 X115.038 Y108.688 E.01583
G1 X114.711 Y108.957 E.0158
G1 X114.307 Y109.08 E.01576
G1 X113.885 Y109.038 E.01583
G1 X113.512 Y108.838 E.01579
G1 X113.243 Y108.511 E.0158
G1 X113.12 Y108.107 E.01576
G1 X113.162 Y107.685 E.01583
G1 X113.342 Y107.332 E.01479
G1 X113.602 Y107.102 E.01295
G1 X113.941 Y106.945 E.01394
G1 X114.118 Y106.925 E.00665
M204 S10000
G1 X114.342 Y106.621 F30000
G1 X111.281 Y105.834
;TYPE:Solid infill
;WIDTH:0.39365
G1 F9882.353
G1 X111.632 Y105.433 E.01846
G1 X112.029 Y105.083 E.01833
;WIDTH:0.419999
G1 F9171.582
G1 X112.387 Y105.066 E.01337
G1 X111.273 Y106.18 E.05879
G1 X111.077 Y106.329 E.00919
;WIDTH:0.39365
G1 F9882.353
G1 X111.02 Y106.622 E.01034
;WIDTH:0.419999
G1 F9171.582
G1 X111.119 Y106.852 E.00934
G1 X113.054 Y104.917 E.10212
G1 X112.928 Y104.793 E.0066
;WIDTH:0.39365
G1 F9882.353
G1 X112.534 Y104.877 E.01395
G1 X113.576 Y104.913 F30000
;WIDTH:0.419999
G1 F9171.582
G1 X111.113 Y107.376 E.12998
G1 X111.113 Y107.894 E.01933
G1 X114.094 Y104.913 E.15732
G1 X114.612 Y104.913 E.01933
G1 X111.113 Y108.412 E.18465
G1 X112.441 Y107.745 F30000
G1 F9171.582
G1 X112.436 Y108.294 E.02049
G1 X112.645 Y108.859 E.02248
G1 X112.974 Y109.291 E.02026
G1 X113.231 Y109.496 E.01227
G1 X113.568 Y109.666 E.01408
G1 X113.912 Y109.758 E.01329
G1 X111.113 Y112.557 E.14771
G1 X111.113 Y108.801 E.14016
G1 X111.243 Y108.801 E.00485
G1 X112.477 Y107.566 E.06515
G1 X112.803 Y107.08 E.02184
;WIDTH:0.39365
G1 F9882.353
G1 X113.173 Y106.692 E.01857
G1 X115.001 Y104.913 F30000
;WIDTH:0.419999
G1 F9171.582
G1 X115.001 Y105.043 E.00485
G1 X113.756 Y106.287 E.06568
G1 X114.118 Y106.216 E.01377
G1 X114.591 Y106.259 E.01772
G1 X115.127 Y106.48 E.02163
G1 X115.42 Y106.702 E.01372
G1 X115.666 Y106.987 E.01405
G1 X115.826 Y107.273 E.01223
G1 X115.959 Y107.711 E.01708
G1 X118.757 Y104.913 E.14766
G1 X115.184 Y104.913 E.13333
G1 X115.26 Y105.28 E.01399
G1 X114.658 Y105.903 E.03233
G1 X115.267 Y106.142 E.02441
G1 X115.685 Y106.448 E.01933
G1 X115.984 Y106.804 E.01735
G1 X116.117 Y107.035 E.00995
G1 X117.872 Y105.28 E.09262
G1 X115.443 Y105.28 E.09064
G1 X115.464 Y105.719 E.0164
;WIDTH:0.565706
G1 F6561.782
G1 X115.443 Y105.74 E.00155
G1 X115.885 Y106.038 E.0278
G1 X116.182 Y106.349 E.02243
G1 X116.812 Y105.719 E.04647
G1 X115.647 Y105.719 E.06076
G1 X115.859 Y108.484 F30000
;WIDTH:0.39365
G1 F9882.353
G1 X115.788 Y108.465 E.00255
G1 X115.807 Y108.536 E.00255
G1 X115.848 Y108.525 E.00147
;WIDTH:0.419999
G1 F9171.582
G1 X115.952 Y108.236 E.01146
G1 X119.275 Y104.913 E.17536
G1 X119.793 Y104.913 E.01933
G1 X115.623 Y109.083 E.22006
G1 X114.414 Y109.774 F30000
G1 F9171.582
G1 X111.113 Y113.075 E.1742
G1 X111.047 Y113.841 F30000
;WIDTH:0.39365
G1 F9882.353
G1 X110.976 Y113.822 E.00255
G1 X110.995 Y113.893 E.00255
G1 X111.036 Y113.882 E.00147
;WIDTH:0.419999
G1 F9171.582
G1 X111.113 Y113.593 E.01116
G1 X115.511 Y109.195 E.23209
G1 X120.311 Y104.913 F30000
G1 F9171.582
G1 X111.113 Y114.111 E.4854
G1 X111.113 Y114.629 E.01933
G1 X120.829 Y104.913 E.51274
G1 X121.347 Y104.913 E.01933
G1 X111.113 Y115.147 E.54008
G1 X111.113 Y115.665 E.01933
G1 X121.865 Y104.913 E.56741
G1 X122.383 Y104.913 E.01933
G1 X111.113 Y116.183 E.59475
G1 X111.113 Y116.702 E.01937
G1 X122.902 Y104.913 E.62214
G1 X123.42 Y104.913 E.01933
G1 X111.113 Y117.22 E.64947
G1 X111.113 Y117.738 E.01933
G1 X123.938 Y104.913 E.67681
G1 X124.456 Y104.913 E.01933
G1 X111.113 Y118.256 E.70415
G1 X111.113 Y118.774 E.01933
G1 X124.974 Y104.913 E.73148
G1 X125.492 Y104.913 E.01933
G1 X111.113 Y119.292 E.75882
G1 X111.113 Y119.81 E.01933
G1 X126.01 Y104.913 E.78616
G1 X126.528 Y104.913 E.01933
G1 X111.113 Y120.328 E.81349
G1 X111.113 Y120.846 E.01933
G1 X127.046 Y104.913 E.84083
G1 X127.564 Y104.913 E.01933
G1 X111.113 Y121.364 E.86817
G1 X111.113 Y121.883 E.01937
G1 X128.083 Y104.913 E.89555
G1 X128.601 Y104.913 E.01933
G1 X111.113 Y122.401 E.92289
G1 X111.113 Y122.919 E.01933
G1 X129.119 Y104.913 E.95023
G1 X129.637 Y104.913 E.01933
G1 X111.113 Y123.437 E.97756
G1 X111.113 Y123.955 E.01933
G1 X130.155 Y104.913 E1.0049
G1 X130.673 Y104.913 E.01933
G1 X111.113 Y124.473 E1.03224
G1 X111.113 Y124.991 E.01933
G1 X131.191 Y104.913 E1.05957
G1 X131.709 Y104.913 E.01933
G1 X111.113 Y125.509 E1.08691
G1 X111.113 Y126.027 E.01933
G1 X132.227 Y104.913 E1.11424
G1 X132.745 Y104.913 E.01933
G1 X111.113 Y126.545 E1.14158
G1 X111.113 Y127.063 E.01933
G1 X133.263 Y104.913 E1.16892
G1 X133.782 Y104.913 E.01937
G1 X111.113 Y127.582 E1.19631
G1 X111.113 Y128.1 E.01933
G1 X134.3 Y104.913 E1.22364
G1 X134.818 Y104.913 E.01933
G1 X111.113 Y128.618 E1.25098
G1 X111.113 Y129.136 E.01933
G1 X135.336 Y104.913 E1.27832
G1 X135.854 Y104.913 E.01933
G1 X111.113 Y129.654 E1.30565
G1 X111.113 Y130.172 E.01933
G1 X136.372 Y104.913 E1.33299
G1 X136.89 Y104.913 E.01933
G1 X111.113 Y130.69 E1.36032
G1 X111.113 Y131.208 E.01933
G1 X137.408 Y104.913 E1.38766
G1 X137.926 Y104.913 E.01933
G1 X111.113 Y131.726 E1.415
G1 X111.113 Y132.244 E.01933
G1 X138.444 Y104.913 E1.44233
G1 X138.963 Y104.913 E.01937
G1 X111.113 Y132.763 E1.46972
G1 X111.113 Y133.281 E.01933
G1 X139.481 Y104.913 E1.49706
G1 X139.999 Y104.913 E.01933
G1 X111.113 Y133.799 E1.5244
G1 X111.113 Y134.317 E.01933
G1 X140.517 Y104.913 E1.55173
G1 X141.035 Y104.913 E.01933
M73 P24 R13
G1 X111.113 Y134.835 E1.57907
G1 X111.113 Y135.353 E.01933
G1 X141.553 Y104.913 E1.6064
G1 X142.071 Y104.913 E.01933
G1 X111.113 Y135.871 E1.63374
G1 X111.113 Y136.389 E.01933
G1 X142.589 Y104.913 E1.66108
G1 X143.107 Y104.913 E.01933
G1 X111.113 Y136.907 E1.68841
G1 X111.113 Y137.425 E.01933
G1 X143.625 Y104.913 E1.71575
G1 X144.143 Y104.913 E.01933
G1 X111.113 Y137.943 E1.74309
G1 X111.113 Y138.462 E.01937
G1 X144.662 Y104.913 E1.77047
G1 X145.18 Y104.913 E.01933
G1 X111.113 Y138.98 E1.79781
G1 X111.113 Y139.498 E.01933
G1 X145.698 Y104.913 E1.82515
G1 X146.216 Y104.913 E.01933
G1 X111.113 Y140.016 E1.85248
G1 X111.113 Y140.534 E.01933
G1 X146.734 Y104.913 E1.87982
G1 X147.252 Y104.913 E.01933
G1 X111.113 Y141.052 E1.90716
G1 X111.113 Y141.57 E.01933
G1 X147.77 Y104.913 E1.93449
G1 X148.288 Y104.913 E.01933
G1 X111.113 Y142.088 E1.96183
G1 X111.113 Y142.606 E.01933
G1 X148.806 Y104.913 E1.98917
G1 X149.324 Y104.913 E.01933
G1 X111.113 Y143.124 E2.0165
G1 X111.113 Y143.643 E.01937
G1 X149.843 Y104.913 E2.04389
M73 P24 R12
G1 X150.361 Y104.913 E.01933
G1 X111.113 Y144.161 E2.07123
G1 X111.113 Y144.679 E.01933
G1 X150.879 Y104.913 E2.09856
G1 X151.397 Y104.913 E.01933
G1 X111.113 Y145.197 E2.1259
G1 X111.113 Y145.715 E.01933
G1 X151.915 Y104.913 E2.15324
G1 X152.433 Y104.913 E.01933
G1 X111.113 Y146.233 E2.18057
G1 X111.113 Y146.751 E.01933
G1 X152.951 Y104.913 E2.20791
G1 X153.469 Y104.913 E.01933
G1 X111.113 Y147.269 E2.23524
G1 X111.113 Y147.787 E.01933
G1 X153.987 Y104.913 E2.26258
G1 X154.505 Y104.913 E.01933
G1 X111.113 Y148.305 E2.28992
G1 X111.113 Y148.823 E.01933
G1 X155.024 Y104.913 E2.31728
G1 X155.542 Y104.913 E.01933
G1 X111.113 Y149.342 E2.34464
G1 X111.113 Y149.86 E.01933
G1 X156.06 Y104.913 E2.37198
M73 P25 R12
G1 X156.578 Y104.913 E.01933
G1 X111.113 Y150.378 E2.39932
G1 X111.113 Y150.896 E.01933
G1 X157.096 Y104.913 E2.42665
G1 X157.614 Y104.913 E.01933
G1 X111.113 Y151.414 E2.45399
G1 X111.113 Y151.932 E.01933
G1 X158.132 Y104.913 E2.48132
G1 X158.65 Y104.913 E.01933
G1 X111.113 Y152.45 E2.50866
G1 X111.036 Y153.257 F30000
;WIDTH:0.39365
G1 F9882.353
G1 X110.995 Y153.268 E.00147
G1 X110.976 Y153.197 E.00255
G1 X111.047 Y153.216 E.00255
;WIDTH:0.419999
G1 F9171.582
G1 X111.113 Y152.968 E.00958
G1 X159.168 Y104.913 E2.536
G1 X159.686 Y104.913 E.01933
G1 X124.496 Y140.103 E1.85707
G1 X124.237 Y140.3 E.01214
;WIDTH:0.39365
G1 F9882.353
G1 X123.908 Y140.577 E.01489
G1 X123.651 Y140.889 E.014
;WIDTH:0.419999
G1 F9171.582
G1 X123.452 Y141.148 E.01219
G1 X111.113 Y153.486 E.65114
G1 X111.113 Y154.004 E.01933
G1 X123.335 Y141.783 E.64496
G1 X123.409 Y142.227 E.0168
G1 X111.113 Y154.523 E.64889
G1 X111.113 Y155.041 E.01933
G1 X123.549 Y142.605 E.65628
G1 X123.763 Y142.909 E.01387
G1 X111.113 Y155.559 E.66758
G1 X111.113 Y156.077 E.01933
G1 X124.023 Y143.167 E.6813
G1 X124.34 Y143.368 E.01401
G1 X111.113 Y156.595 E.69803
G1 X111.113 Y157.113 E.01933
G1 X124.729 Y143.497 E.71855
G1 X125.194 Y143.55 E.01746
G1 X111.113 Y157.631 E.74309
G1 X125.126 Y139.992 F30000
G1 F9171.582
G1 X160.204 Y104.913 E1.85119
G1 X160.723 Y104.913 E.01937
G1 X125.572 Y140.064 E1.85502
G1 X125.955 Y140.199 E.01515
G1 X161.241 Y104.913 E1.86214
G1 X161.759 Y104.913 E.01933
G1 X126.26 Y140.412 E1.87338
G1 X126.517 Y140.673 E.01367
G1 X162.277 Y104.913 E1.88716
G1 X162.795 Y104.913 E.01933
G1 X126.718 Y140.99 E1.90388
G1 X126.847 Y141.379 E.01529
G1 X163.313 Y104.913 E1.92441
G1 X163.831 Y104.913 E.01933
G1 X126.903 Y141.841 E1.94879
G1 X126.134 Y143.171 F30000
;WIDTH:0.39365
G1 F9882.353
G1 X126.382 Y142.959 E.0113
G1 X126.525 Y142.782 E.00788
;WIDTH:0.419999
G1 F9171.582
G1 X126.739 Y142.523 E.01254
G1 X164.349 Y104.913 E1.98478
;WIPE_START
G1 F24000
G1 X154.425 Y114.837 E-1
;WIPE_END
G1 Z.85 F600
G1 X112.159 Y108.632 F30000
G1 Z.45 F600
G1 E1 F1800
G1 F9171.582
G1 X112.226 Y108.841 E.00819
G1 X112.417 Y109.196 E.01504
G1 X112.783 Y109.613 E.0207
G1 X113.24 Y109.912 E.02038
G1 X111.48 Y111.672 E.09288
G1 X111.48 Y109.661 E.07504
G1 X111.502 Y109.06 E.02244
G1 X112.104 Y108.458 E.03177
G1 X111.919 Y109.27 F30000
;WIDTH:0.566407
G1 F6552.812
G1 X111.919 Y110.611 E.07004
G1 X112.545 Y109.985 E.04624
G1 X112.149 Y109.574 E.02981
G1 X112.03 Y109.416 E.01033
;WIPE_START
G1 F24000
G1 X112.149 Y109.574 E-.01409
G1 X112.545 Y109.985 E-.04066
G1 X111.919 Y110.611 E-.06308
G1 X111.919 Y109.27 E-.09555
;WIPE_END
G1 E-.78662 F1800
G1 Z.85 F600
G1 X125.875 Y143.387 F30000
G1 Z.45 F600
G1 E1 F1800
;WIDTH:0.419999
G1 F9171.582
G1 X111.113 Y158.149 E.77903
G1 X111.036 Y158.438 E.01116
;WIDTH:0.39365
G1 F9882.353
G1 X110.995 Y158.449 E.00147
G1 X110.976 Y158.378 E.00255
G1 X111.047 Y158.397 E.00255
;WIDTH:0.419999
G1 F9171.582
M73 P26 R12
G1 X111.113 Y158.667 E.01037
G1 X164.867 Y104.913 E2.83675
G1 X165.385 Y104.913 E.01933
G1 X111.113 Y159.185 E2.86409
G1 X111.113 Y159.704 E.01937
G1 X165.904 Y104.913 E2.89147
G1 X166.292 Y104.913 E.01448
G1 X166.292 Y105.043 E.00485
G1 X164.68 Y106.634 E.08452
;WIDTH:0.41888
G1 F9199.683
G1 X164.986 Y106.415 E.014
;WIDTH:0.419999
G1 F9171.582
G1 X165.283 Y106.294 E.01197
G1 X165.665 Y106.221 E.01451
G1 X165.968 Y106.227 E.01131
G1 X166.468 Y106.341 E.01914
G1 X166.974 Y106.668 E.02248
G1 X167.134 Y106.829 E.00847
G1 X167.424 Y107.254 E.0192
G1 X167.587 Y107.963 E.02715
G1 X167.511 Y108.487 E.01976
G1 X168.757 Y107.24 E.06578
G1 X168.887 Y107.237 E.00485
G1 X168.857 Y106.708 E.01977
G1 X168.773 Y106.289 E.01595
G1 X168.542 Y105.811 E.01981
G1 X168.214 Y105.43 E.01876
G1 X167.801 Y105.146 E.0187
G1 X167.328 Y104.977 E.01874
G1 X166.805 Y104.913 E.01966
G1 X166.475 Y104.913 E.01231
G1 X166.551 Y105.302 E.01479
G1 X165.99 Y105.863 E.02961
G1 X166.549 Y105.984 E.02134
G1 X166.735 Y106.065 E.00757
G1 X167.243 Y106.408 E.02287
G1 X167.437 Y106.623 E.01081
G1 X167.727 Y107.048 E.0192
G1 X167.811 Y107.245 E.00799
G1 X167.884 Y107.595 E.01334
G1 X168.52 Y106.961 E.03351
G1 X168.435 Y106.431 E.02003
G1 X168.251 Y106.034 E.01633
G1 X167.989 Y105.719 E.01529
G1 X167.658 Y105.483 E.01517
G1 X167.278 Y105.34 E.01515
G1 X166.733 Y105.28 E.02046
G1 X166.844 Y105.637 E.01395
;WIDTH:0.374456
G1 F10473.62
G1 X167.232 Y105.681 E.01276
G1 X167.524 Y105.799 E.01029
G1 X167.677 Y105.909 E.00616
;WIDTH:0.370772
G1 F10595.291
G1 X167.928 Y106.175 E.01181
;WIDTH:0.373044
G1 F10519.922
G1 X168.119 Y106.564 E.0141
G1 X168.159 Y106.836 E.00894
G1 X168.049 Y106.946 E.00506
G1 X168.009 Y106.852 E.00332
G1 X167.643 Y106.322 E.02095
;WIDTH:0.374456
G1 F10473.62
G1 X167.372 Y106.08 E.01187
G1 X166.927 Y105.78 E.01754
G1 X166.675 Y105.663 E.00908
G1 X164.68 Y106.634 F30000
;WIDTH:0.39365
G1 F9882.353
G1 X164.573 Y106.739 E.00519
;WIDTH:0.419999
G1 F9171.582
G1 X164.337 Y106.998 E.01308
G1 X111.113 Y160.222 E2.80878
G1 X111.113 Y160.74 E.01933
G1 X164.041 Y107.812 E2.79316
G1 X164.202 Y107.583 E.01045
;WIDTH:0.39365
G1 F9882.353
G1 X164.161 Y107.594 E.00147
G1 X164.142 Y107.523 E.00255
G1 X164.213 Y107.542 E.00255
G1 X164.059 Y108.312 F30000
;WIDTH:0.419999
G1 F9171.582
G1 X111.113 Y161.258 E2.79411
G1 X111.113 Y161.776 E.01933
G1 X164.164 Y108.725 E2.79965
G1 X164.366 Y109.041 E.014
G1 X111.113 Y162.294 E2.81031
G1 X111.113 Y162.812 E.01933
G1 X164.602 Y109.323 E2.82276
G1 X164.912 Y109.532 E.01395
G1 X111.113 Y163.33 E2.8391
G1 X111.036 Y163.619 E.01116
;WIDTH:0.39365
G1 F9882.353
G1 X110.995 Y163.63 E.00147
G1 X110.976 Y163.559 E.00255
G1 X111.047 Y163.578 E.00255
G1 X124.176 Y150.786 F30000
;WIDTH:0.419999
G1 F9171.582
G1 X165.262 Y109.7 E2.16822
G1 X165.702 Y109.778 E.01668
G1 X124.977 Y150.502 E2.14915
G1 X124.759 Y150.629 E.00941
;WIDTH:0.39365
G1 F9882.353
G1 X124.688 Y150.61 E.00255
G1 X124.707 Y150.682 E.00258
G1 X124.748 Y150.671 E.00147
;WIDTH:0.419999
G1 F9171.582
G1 X125.458 Y150.54 E.02694
G1 X166.287 Y109.711 E2.15466
G1 X166.546 Y109.543 E.01152
;WIDTH:0.39365
G1 F9882.353
G1 X167.087 Y109.067 E.02496
G1 X168.887 Y107.629 F30000
;WIDTH:0.419999
G1 F9171.582
G1 X125.861 Y150.655 E2.2706
G1 X126.172 Y150.862 E.01394
G1 X168.887 Y108.147 E2.25419
G1 X168.887 Y108.665 E.01933
G1 X126.456 Y151.096 E2.2392
G1 X126.663 Y151.407 E.01394
G1 X168.887 Y109.183 E2.22828
G1 X168.887 Y109.701 E.01933
G1 X126.826 Y151.762 E2.21968
G1 X126.905 Y152.202 E.01668
G1 X168.887 Y110.22 E2.21551
G1 X168.887 Y110.738 E.01933
G1 X126.811 Y152.813 E2.22044
G1 X126.635 Y153.072 E.01169
;WIDTH:0.39365
G1 F9882.353
G1 X126.318 Y153.457 E.01727
G1 X125.904 Y153.8 E.01862
;WIPE_START
G1 F24000
G1 X126.318 Y153.457 E-.03831
G1 X126.635 Y153.072 E-.03553
G1 X126.811 Y152.813 E-.02231
G1 X135.781 Y143.843 E-.90385
;WIPE_END
G1 Z.85 F600
G1 X123.917 Y151.004 F30000
G1 Z.45 F600
G1 E1 F1800
G1 F9882.353
G1 X123.842 Y151.079 E.00367
;WIDTH:0.419999
G1 F9171.582
G1 X123.623 Y151.338 E.01266
G1 X111.113 Y163.848 E.66019
G1 X111.113 Y164.366 E.01933
M73 P27 R12
G1 X123.346 Y152.133 E.64557
G1 X123.52 Y151.907 E.01064
;WIDTH:0.39365
G1 F9882.353
G1 X123.479 Y151.918 E.00147
G1 X123.46 Y151.847 E.00255
G1 X123.531 Y151.866 E.00255
G1 X123.386 Y152.611 F30000
;WIDTH:0.419999
G1 F9171.582
G1 X111.113 Y164.884 E.64768
G1 X111.113 Y165.403 E.01937
G1 X123.501 Y153.015 E.65375
G1 X123.701 Y153.333 E.01402
G1 X111.113 Y165.921 E.6643
G1 X111.113 Y166.439 E.01933
G1 X123.941 Y153.611 E.67697
G1 X124.253 Y153.817 E.01395
G1 X111.113 Y166.957 E.69343
G1 X111.113 Y167.475 E.01933
G1 X124.617 Y153.971 E.71264
G1 X125.05 Y154.057 E.01647
G1 X111.113 Y167.993 E.73547
G1 X111.047 Y168.759 F30000
;WIDTH:0.39365
G1 F9882.353
G1 X110.976 Y168.74 E.00255
G1 X110.995 Y168.811 E.00255
G1 X111.036 Y168.8 E.00147
;WIDTH:0.419999
G1 F9171.582
G1 X111.113 Y168.511 E.01116
G1 X125.645 Y153.979 E.76689
G1 X111.113 Y169.029 F30000
G1 F9171.582
G1 X168.887 Y111.256 E3.04887
G1 X168.887 Y111.774 E.01933
G1 X111.113 Y169.547 E3.04887
G1 X111.113 Y170.065 E.01933
G1 X168.887 Y112.292 E3.04887
G1 X168.887 Y112.81 E.01933
G1 X111.113 Y170.584 E3.0489
G1 X111.113 Y171.102 E.01933
G1 X168.887 Y113.328 E3.0489
G1 X168.887 Y113.846 E.01933
G1 X111.113 Y171.62 E3.0489
G1 X111.113 Y172.138 E.01933
G1 X168.887 Y114.364 E3.0489
G1 X168.887 Y114.882 E.01933
G1 X113.303 Y170.466 E2.93332
G1 X113.044 Y170.695 E.0129
;WIDTH:0.39365
G1 F9882.353
G1 X112.846 Y170.884 E.00948
;WIDTH:0.393858
G1 F9876.311
G1 X112.844 Y170.886 E.0001
;WIDTH:0.419999
G1 F9171.582
G1 X112.392 Y171.377 E.0249
G1 X111.243 Y172.526 E.06064
G1 X111.113 Y172.526 E.00485
G1 X111.113 Y173.066 E.02015
G1 X111.154 Y173.441 E.01408
G1 X111.321 Y173.948 E.01992
G1 X111.611 Y174.391 E.01976
G1 X111.983 Y174.725 E.01866
G1 X112.431 Y174.954 E.01877
G1 X112.927 Y175.074 E.01904
G1 X113.475 Y175.087 E.02045
G1 X113.496 Y174.936 E.00569
G1 X114.731 Y173.701 E.06517
G1 X114.231 Y173.788 E.01894
G1 X113.512 Y173.649 E.02733
G1 X112.959 Y173.286 E.02468
G1 X112.597 Y172.777 E.02331
G1 X112.547 Y172.679 E.00411
G1 X112.414 Y172.036 E.0245
G1 X112.493 Y171.492 E.02051
G1 X112.635 Y171.157 E.01358
;WIDTH:0.41643
G1 F9261.811
G1 X112.732 Y171.031 E.00588
G1 X113.839 Y170.401 F30000
;WIDTH:0.39365
G1 F9882.353
G1 X113.798 Y170.412 E.00147
G1 X113.779 Y170.341 E.00255
G1 X113.85 Y170.36 E.00255
;WIDTH:0.419999
G1 F9171.582
G1 X114.065 Y170.222 E.00953
G1 X168.887 Y115.4 E2.89311
G1 X168.887 Y115.919 E.01937
G1 X114.542 Y170.264 E2.86794
G1 X114.944 Y170.38 E.01561
G1 X168.887 Y116.437 E2.84672
G1 X168.887 Y116.955 E.01933
G1 X115.259 Y170.582 E2.83007
G1 X115.538 Y170.822 E.01373
G1 X168.887 Y117.473 E2.81538
G1 X168.887 Y117.991 E.01933
G1 X115.745 Y171.133 E2.80445
G1 X115.907 Y171.489 E.0146
G1 X168.887 Y118.509 E2.7959
G1 X168.887 Y119.027 E.01933
G1 X115.984 Y171.93 E2.79184
G1 X115.904 Y172.528 E.02251
G1 X168.887 Y119.545 E2.79606
G1 X115.731 Y172.787 F30000
;WIDTH:0.39365
G1 F9882.353
G1 X115.275 Y173.296 E.02367
G1 X113.863 Y175.087 F30000
;WIDTH:0.419999
M73 P28 R12
G1 F9171.582
G1 X168.887 Y120.063 E2.90377
G1 X168.887 Y120.581 E.01933
G1 X114.381 Y175.087 E2.87643
G1 X114.9 Y175.087 E.01937
G1 X168.887 Y121.1 E2.84905
G1 X168.887 Y121.618 E.01933
G1 X115.418 Y175.087 E2.82171
G1 X115.936 Y175.087 E.01933
G1 X168.887 Y122.136 E2.79437
G1 X168.887 Y122.654 E.01933
G1 X116.454 Y175.087 E2.76704
G1 X116.972 Y175.087 E.01933
G1 X168.887 Y123.172 E2.7397
G1 X168.887 Y123.69 E.01933
G1 X117.49 Y175.087 E2.71236
G1 X118.008 Y175.087 E.01933
G1 X168.887 Y124.208 E2.68503
G1 X168.887 Y124.726 E.01933
G1 X118.526 Y175.087 E2.65769
G1 X119.044 Y175.087 E.01933
G1 X168.887 Y125.244 E2.63035
G1 X168.887 Y125.762 E.01933
G1 X119.562 Y175.087 E2.60302
G1 X120.08 Y175.087 E.01933
G1 X168.887 Y126.281 E2.57566
G1 X168.887 Y126.799 E.01933
G1 X120.599 Y175.087 E2.54829
G1 X121.117 Y175.087 E.01933
G1 X168.887 Y127.317 E2.52096
G1 X168.887 Y127.835 E.01933
G1 X121.635 Y175.087 E2.49362
G1 X122.153 Y175.087 E.01933
G1 X168.887 Y128.353 E2.46628
G1 X168.887 Y128.871 E.01933
G1 X122.671 Y175.087 E2.43895
G1 X123.189 Y175.087 E.01933
G1 X168.887 Y129.389 E2.41161
G1 X168.887 Y129.907 E.01933
G1 X123.707 Y175.087 E2.38428
G1 X124.225 Y175.087 E.01933
G1 X168.887 Y130.425 E2.35694
G1 X168.887 Y130.943 E.01933
G1 X124.743 Y175.087 E2.3296
G1 X125.261 Y175.087 E.01933
G1 X168.887 Y131.461 E2.30227
M73 P29 R12
G1 X168.887 Y131.98 E.01937
G1 X125.78 Y175.087 E2.27488
G1 X126.298 Y175.087 E.01933
G1 X168.887 Y132.498 E2.24754
G1 X168.887 Y133.016 E.01933
G1 X126.816 Y175.087 E2.2202
G1 X127.105 Y175.224 E.01193
;WIDTH:0.39365
G1 F9882.353
G1 X127.064 Y175.235 E.00147
G1 X127.045 Y175.164 E.00255
G1 X127.116 Y175.183 E.00255
;WIPE_START
G1 F24000
G1 X127.045 Y175.164 E-.00524
G1 X127.064 Y175.235 E-.00524
G1 X127.105 Y175.224 E-.00302
G1 X126.816 Y175.087 E-.02279
G1 X136.38 Y165.523 E-.96371
;WIPE_END
G1 Z.85 F600
G1 X112.113 Y172.39 F30000
G1 Z.45 F600
G1 E1 F1800
;WIDTH:0.419999
G1 F9171.582
G1 X112.189 Y172.754 E.01388
G1 X112.273 Y172.952 E.00803
G1 X112.608 Y173.444 E.02221
G1 X112.751 Y173.588 E.00757
G1 X113.254 Y173.932 E.02274
G1 X113.824 Y174.089 E.02206
G1 X113.216 Y174.72 E.0327
G1 X112.998 Y174.712 E.00814
G1 X112.529 Y174.601 E.01798
G1 X112.212 Y174.434 E.01337
G1 X111.871 Y174.132 E.017
G1 X111.638 Y173.764 E.01625
G1 X111.507 Y173.345 E.01638
G1 X111.48 Y173.067 E.01042
G1 X111.502 Y172.785 E.01056
G1 X112.076 Y172.211 E.03029
G1 X111.877 Y172.887 E.0263
;WIDTH:0.362026
G1 F10895.79
G1 X111.817 Y172.964 E.00307
G1 X111.833 Y173.257 E.00922
G1 X111.93 Y173.595 E.01105
;WIDTH:0.369901
G1 F10624.472
G1 X112.206 Y173.986 E.01542
G1 X112.599 Y174.269 E.0156
;WIDTH:0.364713
G1 F10801.671
G1 X113.058 Y174.376 E.01493
G1 X113.175 Y174.26 E.00522
G1 X112.748 Y173.997 E.01589
;WIDTH:0.369901
G1 F10624.472
G1 X112.431 Y173.763 E.01269
G1 X112.015 Y173.173 E.02325
;WIDTH:0.362026
G1 F10895.79
G1 X111.957 Y173.052 E.00421
;WIPE_START
G1 F24000
G1 X112.015 Y173.173 E-.00956
G1 X112.431 Y173.763 E-.05144
G1 X112.748 Y173.997 E-.02807
G1 X113.175 Y174.26 E-.03573
G1 X113.058 Y174.376 E-.01174
G1 X112.599 Y174.269 E-.03358
G1 X112.206 Y173.986 E-.03451
G1 X111.93 Y173.595 E-.0341
G1 X111.833 Y173.257 E-.02505
G1 X111.817 Y172.964 E-.02091
G1 X111.877 Y172.887 E-.00696
G1 X112.076 Y172.211 E-.05021
G1 X111.502 Y172.785 E-.05784
G1 X111.48 Y173.067 E-.02015
G1 X111.507 Y173.345 E-.0199
G1 X111.638 Y173.764 E-.03128
G1 X111.871 Y174.132 E-.03103
G1 X112.212 Y174.434 E-.03245
G1 X112.529 Y174.601 E-.02553
G1 X112.998 Y174.712 E-.03434
G1 X113.216 Y174.72 E-.01554
G1 X113.824 Y174.089 E-.06243
G1 X113.254 Y173.932 E-.04212
G1 X112.751 Y173.588 E-.04342
G1 X112.608 Y173.444 E-.01446
G1 X112.273 Y172.952 E-.04241
G1 X112.189 Y172.754 E-.01532
G1 X112.113 Y172.39 E-.02649
;WIPE_END
G1 E-.14343 F1800
G1 Z.85 F600
G1 X161.963 Y140.593 F30000
G1 Z.45 F600
G1 E1 F1800
;WIDTH:0.39365
G1 F9882.353
G1 X161.808 Y140.438 E.00759
;WIDTH:0.419999
G1 F9171.582
G1 X162.067 Y140.353 E.01017
G1 X168.887 Y133.534 E.35988
G1 X168.887 Y134.052 E.01933
G1 X162.932 Y140.006 E.31424
G1 X162.714 Y140.136 E.00947
;WIDTH:0.39365
G1 F9882.353
G1 X162.643 Y140.117 E.00255
G1 X162.662 Y140.188 E.00255
G1 X162.703 Y140.177 E.00147
G1 X163.424 Y140.033 F30000
;WIDTH:0.419999
G1 F9171.582
G1 X168.887 Y134.57 E.2883
G1 X168.887 Y135.088 E.01933
G1 X163.839 Y140.136 E.2664
G1 X164.156 Y140.337 E.01401
G1 X168.887 Y135.606 E.24967
G1 X168.887 Y136.124 E.01933
G1 X164.439 Y140.572 E.23473
G1 X164.655 Y140.874 E.01386
G1 X168.887 Y136.642 E.22333
G1 X168.887 Y137.161 E.01937
G1 X164.821 Y141.226 E.21455
G1 X164.9 Y141.665 E.01664
G1 X168.887 Y137.679 E.21038
G1 X161.724 Y140.697 F30000
G1 F9171.582
G1 X127.334 Y175.087 E1.81486
G1 X127.852 Y175.087 E.01933
G1 X161.36 Y141.578 E1.76834
G1 X161.536 Y141.349 E.01078
;WIDTH:0.39365
G1 F9882.353
G1 X161.495 Y141.36 E.00147
G1 X161.476 Y141.289 E.00255
G1 X161.547 Y141.308 E.00255
G1 X161.385 Y142.071 F30000
;WIDTH:0.419999
G1 F9171.582
G1 X128.37 Y175.087 E1.74232
G1 X128.888 Y175.087 E.01933
G1 X161.488 Y142.487 E1.72039
G1 X161.69 Y142.803 E.014
G1 X129.406 Y175.087 E1.70372
G1 X129.924 Y175.087 E.01933
G1 X161.924 Y143.087 E1.68873
G1 X162.236 Y143.294 E.01397
G1 X130.442 Y175.087 E1.67783
G1 X130.961 Y175.087 E.01937
G1 X162.579 Y143.468 E1.6686
G1 X163.019 Y143.546 E.01668
G1 X131.479 Y175.087 E1.66448
G1 X131.886 Y175.273 E.0167
;WIDTH:0.39365
G1 F9882.353
G1 X131.845 Y175.284 E.00147
G1 X131.826 Y175.213 E.00255
G1 X131.897 Y175.232 E.00255
;WIDTH:0.419999
G1 F9171.582
G1 X131.997 Y175.087 E.00657
G1 X163.605 Y143.478 E1.66807
G1 X163.865 Y143.31 E.01155
;WIDTH:0.39365
G1 F9882.353
G1 X164.292 Y142.964 E.01903
G1 X164.673 Y142.505 E.02066
;WIDTH:0.419999
G1 F9171.582
G1 X164.838 Y142.246 E.01146
G1 X168.887 Y138.197 E.21368
G1 X168.887 Y138.715 E.01933
G1 X132.515 Y175.087 E1.91945
G1 X132.297 Y175.183 E.00889
;WIDTH:0.39365
G1 F9882.353
G1 X132.226 Y175.164 E.00255
G1 X132.245 Y175.235 E.00255
G1 X132.286 Y175.224 E.00147
G1 X133.033 Y175.087 F30000
;WIDTH:0.419999
G1 F9171.582
G1 X168.887 Y139.233 E1.89212
G1 X168.887 Y139.751 E.01933
G1 X133.551 Y175.087 E1.86478
G1 X134.069 Y175.087 E.01933
G1 X168.887 Y140.269 E1.83744
G1 X168.887 Y140.787 E.01933
G1 X134.587 Y175.087 E1.81011
G1 X135.105 Y175.087 E.01933
G1 X168.887 Y141.305 E1.78277
G1 X168.887 Y141.823 E.01933
G1 X135.623 Y175.087 E1.75543
G1 X136.141 Y175.087 E.01933
G1 X168.887 Y142.341 E1.7281
G1 X168.887 Y142.86 E.01937
G1 X136.66 Y175.087 E1.70071
G1 X137.178 Y175.087 E.01933
G1 X168.887 Y143.378 E1.67337
M73 P30 R12
G1 X168.887 Y143.896 E.01933
G1 X137.696 Y175.087 E1.64604
G1 X137.596 Y175.232 E.00657
;WIDTH:0.39365
G1 F9882.353
G1 X137.525 Y175.213 E.00255
G1 X137.544 Y175.284 E.00255
G1 X137.585 Y175.273 E.00147
;WIDTH:0.419999
G1 F9171.582
G1 X137.985 Y175.224 E.01504
;WIDTH:0.39365
G1 F9882.353
G1 X137.944 Y175.235 E.00147
G1 X137.925 Y175.164 E.00255
G1 X137.996 Y175.183 E.00255
;WIDTH:0.419999
G1 F9171.582
G1 X138.214 Y175.087 E.00889
G1 X161.401 Y151.899 E1.22367
G1 X161.575 Y151.67 E.01073
;WIDTH:0.39365
G1 F9882.353
G1 X161.534 Y151.681 E.00147
G1 X161.515 Y151.61 E.00255
G1 X161.586 Y151.629 E.00255
G1 X161.366 Y152.452 F30000
;WIDTH:0.419999
G1 F9171.582
G1 X138.732 Y175.087 E1.19449
G1 X139.25 Y175.087 E.01933
G1 X161.455 Y152.881 E1.17185
G1 X161.635 Y153.22 E.01432
G1 X139.768 Y175.087 E1.15398
G1 X140.286 Y175.087 E.01933
G1 X161.849 Y153.524 E1.13794
G1 X162.145 Y153.746 E.01381
G1 X140.804 Y175.087 E1.12622
G1 X141.322 Y175.087 E.01933
G1 X162.473 Y153.937 E1.11617
G1 X162.893 Y154.034 E.01609
G1 X141.841 Y175.087 E1.111
G1 X142.248 Y175.273 E.0167
;WIDTH:0.39365
G1 F9882.353
G1 X142.207 Y175.284 E.00147
G1 X142.188 Y175.213 E.00255
G1 X142.259 Y175.232 E.00255
;WIDTH:0.419999
G1 F9171.582
G1 X142.359 Y175.087 E.00657
G1 X163.434 Y154.011 E1.11221
G1 X163.723 Y153.902 E.01153
;WIDTH:0.39365
G1 F9882.353
G1 X163.682 Y153.913 E.00147
G1 X163.663 Y153.842 E.00255
G1 X163.734 Y153.861 E.00255
;WIPE_START
G1 F24000
G1 X163.663 Y153.842 E-.00524
G1 X163.682 Y153.913 E-.00524
G1 X163.723 Y153.902 E-.00302
G1 X163.434 Y154.011 E-.02201
G1 X153.862 Y163.583 E-.96449
;WIPE_END
G1 Z.85 F600
G1 X162.526 Y150.723 F30000
G1 Z.45 F600
G1 E1 F1800
G1 F9882.353
G1 X162.485 Y150.734 E.00147
G1 X162.466 Y150.663 E.00255
G1 X162.537 Y150.682 E.00255
;WIDTH:0.419999
G1 F9171.582
G1 X162.755 Y150.546 E.00959
G1 X168.887 Y144.414 E.3236
G1 X168.887 Y144.932 E.01933
G1 X163.306 Y150.512 E.2945
G1 X163.736 Y150.6 E.01638
G1 X168.887 Y145.45 E.27181
G1 X168.887 Y145.968 E.01933
G1 X164.072 Y150.782 E.25407
M73 P30 R11
G1 X164.376 Y150.997 E.01389
G1 X168.887 Y146.486 E.23806
G1 X168.887 Y147.004 E.01933
G1 X164.595 Y151.296 E.2265
G1 X164.779 Y151.63 E.01423
G1 X168.887 Y147.522 E.21679
G1 X168.887 Y148.041 E.01937
G1 X164.879 Y152.048 E.21149
G1 X164.584 Y153.048 F30000
;WIDTH:0.39365
G1 F9882.353
G1 X164.726 Y152.837 E.00881
;WIDTH:0.419999
G1 F9171.582
G1 X164.867 Y152.578 E.011
G1 X168.887 Y148.559 E.21212
G1 X168.887 Y149.077 E.01933
G1 X142.877 Y175.087 E1.37262
G1 X142.659 Y175.183 E.00889
;WIDTH:0.39365
G1 F9882.353
G1 X142.588 Y175.164 E.00255
G1 X142.607 Y175.235 E.00255
G1 X142.648 Y175.224 E.00147
G1 X143.395 Y175.087 F30000
;WIDTH:0.419999
G1 F9171.582
G1 X168.887 Y149.595 E1.34528
G1 X168.887 Y150.113 E.01933
G1 X143.913 Y175.087 E1.31795
G1 X144.431 Y175.087 E.01933
G1 X168.887 Y150.631 E1.29061
G1 X168.887 Y151.149 E.01933
G1 X144.949 Y175.087 E1.26328
G1 X145.467 Y175.087 E.01933
G1 X168.887 Y151.667 E1.23594
G1 X168.887 Y152.185 E.01933
G1 X145.985 Y175.087 E1.2086
G1 X146.503 Y175.087 E.01933
G1 X168.887 Y152.703 E1.18127
G1 X168.887 Y153.221 E.01933
G1 X147.021 Y175.087 E1.15393
G1 X147.54 Y175.087 E.01937
G1 X168.887 Y153.74 E1.12654
G1 X168.887 Y154.258 E.01933
G1 X148.058 Y175.087 E1.0992
G1 X148.576 Y175.087 E.01933
G1 X168.887 Y154.776 E1.07187
G1 X168.887 Y155.294 E.01933
G1 X149.094 Y175.087 E1.04453
G1 X149.612 Y175.087 E.01933
G1 X168.887 Y155.812 E1.0172
G1 X168.887 Y156.33 E.01933
G1 X150.13 Y175.087 E.98986
G1 X150.648 Y175.087 E.01933
G1 X168.887 Y156.848 E.96252
G1 X168.887 Y157.366 E.01933
G1 X151.166 Y175.087 E.93519
G1 X151.684 Y175.087 E.01933
G1 X168.887 Y157.884 E.90785
G1 X168.887 Y158.402 E.01933
G1 X152.202 Y175.087 E.88051
G1 X152.721 Y175.087 E.01937
G1 X168.887 Y158.921 E.85313
G1 X168.887 Y159.439 E.01933
G1 X153.239 Y175.087 E.82579
G1 X153.757 Y175.087 E.01933
G1 X168.887 Y159.957 E.79845
G1 X168.887 Y160.475 E.01933
G1 X154.275 Y175.087 E.77112
G1 X154.793 Y175.087 E.01933
G1 X168.887 Y160.993 E.74378
G1 X168.887 Y161.511 E.01933
G1 X155.311 Y175.087 E.71644
G1 X155.829 Y175.087 E.01933
G1 X168.887 Y162.029 E.68911
G1 X168.887 Y162.547 E.01933
G1 X156.347 Y175.087 E.66177
G1 X156.865 Y175.087 E.01933
G1 X168.887 Y163.065 E.63443
G1 X168.887 Y163.583 E.01933
G1 X157.383 Y175.087 E.6071
G1 X157.901 Y175.087 E.01933
G1 X168.887 Y164.101 E.57976
G1 X168.887 Y164.62 E.01937
G1 X158.42 Y175.087 E.55237
G1 X158.938 Y175.087 E.01933
G1 X168.887 Y165.138 E.52504
G1 X168.887 Y165.656 E.01933
G1 X159.456 Y175.087 E.4977
M73 P31 R11
G1 X159.863 Y175.273 E.0167
;WIDTH:0.39365
G1 F9882.353
G1 X159.822 Y175.284 E.00147
G1 X159.803 Y175.213 E.00255
G1 X159.874 Y175.232 E.00255
;WIDTH:0.419999
G1 F9171.582
G1 X159.974 Y175.087 E.00657
G1 X168.887 Y166.174 E.47036
G1 X168.887 Y166.692 E.01933
G1 X165.285 Y170.294 E.19009
G1 X165.157 Y170.474 E.00824
;WIDTH:0.39365
G1 F9882.353
G1 X165.026 Y170.47 E.00454
G1 X164.59 Y170.835 E.01969
G1 X164.268 Y171.226 E.01754
G1 X164.59 Y170.835 E.01754
G1 X164.986 Y170.503 E.0179
G1 X165.878 Y170.219 F30000
;WIDTH:0.419999
G1 F9171.582
G1 X168.887 Y167.21 E.15879
G1 X164.094 Y171.485 F30000
G1 F9171.582
G1 X160.492 Y175.087 E.19009
G1 X160.274 Y175.183 E.00889
;WIDTH:0.39365
G1 F9882.353
G1 X160.203 Y175.164 E.00255
G1 X160.222 Y175.235 E.00255
G1 X160.263 Y175.224 E.00147
;WIDTH:0.419999
G1 F9171.582
G1 X160.899 Y175.273 E.0238
;WIDTH:0.39365
G1 F9882.353
G1 X160.858 Y175.284 E.00147
G1 X160.839 Y175.213 E.00255
G1 X160.91 Y175.232 E.00255
;WIDTH:0.419999
G1 F9171.582
G1 X161.01 Y175.087 E.00657
G1 X164.023 Y172.074 E.159
G1 X168.887 Y167.911 F30000
G1 F9171.582
G1 X168.887 Y172.172 E.159
G1 X168.857 Y173.29 E.04173
G1 X168.773 Y173.711 E.01602
G1 X168.542 Y174.189 E.01981
G1 X168.214 Y174.57 E.01876
G1 X167.906 Y174.81 E.01457
G1 X167.417 Y175.017 E.01982
G1 X166.88 Y175.087 E.02021
G1 X161.528 Y175.087 E.19972
G1 X164.096 Y172.519 E.13552
G1 X164.214 Y172.812 E.01179
G1 X164.422 Y173.128 E.01412
G1 X164.644 Y173.356 E.01187
G1 X164.955 Y173.568 E.01405
G1 X165.29 Y173.707 E.01353
G1 X165.838 Y173.787 E.02067
G1 X166.554 Y173.621 E.02743
G1 X166.97 Y173.336 E.01882
G1 X167.134 Y173.171 E.00868
G1 X167.452 Y172.68 E.02183
G1 X167.591 Y172 E.0259
G1 X167.507 Y171.49 E.01929
G1 X167.385 Y171.186 E.01222
G1 X167.178 Y170.871 E.01407
G1 X166.956 Y170.644 E.01185
G1 X166.645 Y170.431 E.01407
G1 X166.319 Y170.296 E.01317
G1 X168.887 Y167.728 E.13552
G1 X168.52 Y168.613 F30000
G1 F9171.582
G1 X166.943 Y170.19 E.08322
G1 X167.215 Y170.385 E.01249
G1 X167.482 Y170.667 E.01449
;WIDTH:0.456687
G1 F8336.703
G1 X167.675 Y170.981 E.01513
;WIDTH:0.493375
G1 F7641.139
G1 X167.867 Y171.296 E.01652
;WIDTH:0.529346
G1 F7063.343
G1 X167.904 Y171.356 E.00342
;WIDTH:0.565316
G1 F6566.784
G1 X167.94 Y171.417 E.00369
G1 X168.006 Y172 E.03058
;WIDTH:0.51854
G1 F7227.517
G1 X167.909 Y172.378 E.01848
;WIDTH:0.46927
G1 F8084.318
G1 X167.811 Y172.755 E.01649
;WIDTH:0.419999
G1 F9171.582
G1 X167.727 Y172.952 E.00799
G1 X167.389 Y173.447 E.02237
G1 X167.177 Y173.638 E.01065
G1 X166.761 Y173.923 E.01882
;WIDTH:0.468499
G1 F8099.342
G1 X166.343 Y174.058 E.01856
;WIDTH:0.516998
G1 F7251.569
G1 X165.924 Y174.192 E.02076
;WIDTH:0.524422
G1 F7137.213
G1 X165.699 Y174.201 E.0108
;WIDTH:0.565312
G1 F6566.835
G1 X165.217 Y174.14 E.02532
G1 X165.061 Y174.051 E.00936
;WIDTH:0.516875
G1 F7253.505
G1 X164.906 Y173.962 E.00843
;WIDTH:0.468437
G1 F8100.55
G1 X164.75 Y173.872 E.00761
;WIDTH:0.419999
G1 F9171.582
G1 X164.385 Y173.615 E.01666
G1 X164.118 Y173.333 E.01449
G1 X163.99 Y173.143 E.00855
G1 X162.413 Y174.72 E.08322
G1 X164.686 Y174.72 E.08482
;WIDTH:0.468437
G1 F8100.55
G1 X164.849 Y174.696 E.00696
;WIDTH:0.516875
G1 F7253.505
G1 X165.011 Y174.672 E.00773
;WIDTH:0.565312
G1 F6566.835
G1 X165.174 Y174.648 E.00859
G1 X165.8 Y174.671 E.03265
;WIDTH:0.51854
G1 F7227.517
G1 X166.22 Y174.696 E.01992
;WIDTH:0.46927
G1 F8084.318
G1 X166.639 Y174.72 E.01777
;WIDTH:0.419999
G1 F9171.582
G1 X167.256 Y174.669 E.0231
G1 X167.719 Y174.491 E.01851
G1 X167.989 Y174.281 E.01276
G1 X168.29 Y173.915 E.01768
G1 X168.468 Y173.446 E.01872
G1 X168.52 Y172.828 E.02314
;WIDTH:0.45581
G1 F8354.891
G1 X168.503 Y172.61 E.00896
;WIDTH:0.491621
G1 F7671.752
G1 X168.485 Y172.391 E.0098
;WIDTH:0.527431
G1 F7091.885
G1 X168.467 Y172.172 E.0106
;WIDTH:0.565316
G1 F6566.784
G1 X168.448 Y171.374 E.0416
G1 X168.472 Y171.147 E.0119
;WIDTH:0.516877
G1 F7253.463
G1 X168.496 Y170.919 E.01082
;WIDTH:0.468438
G1 F8100.523
G1 X168.52 Y170.692 E.00964
;WIDTH:0.419999
G1 F9171.582
G1 X168.52 Y168.796 E.07075
G1 X168.11 Y169.603 F30000
;WIDTH:0.508043
G1 F7394.48
G1 X167.562 Y170.152 E.0359
G1 X167.823 Y170.438 E.01792
G1 X168.106 Y170.886 E.02453
G1 X168.11 Y169.787 E.05087
G1 X168.178 Y172.677 F30000
;WIDTH:0.373045
G1 F10519.889
G1 X168.093 Y172.995 E.01071
G1 X167.72 Y173.571 E.02233
G1 X167.482 Y173.841 E.01171
;WIDTH:0.374173
G1 F10482.867
G1 X166.955 Y174.206 E.02093
G1 X166.636 Y174.343 E.01133
G1 X166.475 Y174.377 E.00537
G1 X167.012 Y174.354 E.01755
G1 X167.246 Y174.319 E.00772
G1 X167.627 Y174.129 E.0139
;WIDTH:0.374704
G1 F10465.529
G1 X167.778 Y174.01 E.00629
G1 X167.999 Y173.723 E.01185
;WIDTH:0.373045
G1 F10519.889
G1 X168.128 Y173.403 E.01122
G1 X168.175 Y172.86 E.01773
G1 X164.087 Y173.885 F30000
;WIDTH:0.50804
G1 F7394.53
G1 X164.238 Y174.023 E.00947
G1 X164.686 Y174.306 E.02453
G1 X163.403 Y174.31 E.05938
G1 X163.952 Y173.762 E.0359
;LAYER_CHANGE
;Z:0.7
;HEIGHT:0.25
G92 E0
;WIPE_START
G1 F24000
G1 X163.403 Y174.31 E-.05527
G1 X164.492 Y174.31 E-.07759
G1 X164.686 Y174.306 E-.01383
G1 X164.238 Y174.023 E-.03776
G1 X164.087 Y173.885 E-.01457
;WIPE_END
G1 E-.80098 F1800
G1 Z.85 F600
G1 X168.798 Y105.616 F30000
G1 Z.7 F600
G1 E1 F1800
M204 S5000
;TYPE:Perimeter
;WIDTH:0.449999
G1 F8477.377

G1 X168.973 Y105.933 E.01462
G1 X169.152 Y106.416 E.0208
G1 X169.209 Y106.959 E.02204
G1 X169.206 Y173.112 E2.67071
G1 X169.129 Y173.695 E.02374
G1 X168.89 Y174.263 E.02488
G1 X168.533 Y174.73 E.02373
G1 X168.193 Y174.995 E.0174
G1 X167.872 Y175.174 E.01484
G1 X167.396 Y175.352 E.02052
G1 X166.896 Y175.409 E.02032
G1 X113.543 Y175.409 E2.15396
G1 X112.792 Y175.388 E.03033
G1 X112.195 Y175.223 E.02501
G1 X111.688 Y174.924 E.02376
G1 X111.274 Y174.508 E.02369
G1 X111.024 Y174.077 E.02012
G1 X110.859 Y173.636 E.01901
G1 X110.791 Y173.077 E.02273
G1 X110.794 Y106.888 E2.67217
G1 X110.871 Y106.305 E.02374
G1 X111.11 Y105.737 E.02488
G1 X111.467 Y105.27 E.02373
G1 X111.807 Y105.006 E.01738
G1 X112.073 Y104.849 E.01247
G1 X112.604 Y104.648 E.02292
G1 X113.104 Y104.591 E.02032
G1 X166.877 Y104.591 E2.17091
G1 X167.525 Y104.679 E.0264
G1 X168.07 Y104.91 E.0239
G1 X168.533 Y105.27 E.02368
G1 X168.761 Y105.568 E.01515

M204 S10000
G1 X169.112 Y105.399 F30000
M204 S3000
;TYPE:External perimeter
;WIDTH:0.419999
G1 F9171.582

G1 X169.223 Y105.544 E.00681
G1 X169.437 Y106.053 E.0206
G1 X169.545 Y106.437 E.01489
G1 X169.59 Y106.959 E.01955
G1 X169.59 Y107.379 E.01567
G1 X169.587 Y172.717 E2.43815
G1 X169.587 Y173.137 E.01567
G1 X169.495 Y173.808 E.02527
G1 X169.223 Y174.456 E.02622
G1 X168.806 Y175.001 E.02561
G1 X168.265 Y175.422 E.02558
G1 X168.021 Y175.525 E.00988
G1 X167.473 Y175.725 E.02177
G1 X166.909 Y175.79 E.02119
G1 X166.489 Y175.79 E.01567
G1 X113.963 Y175.79 E1.96006
G1 X113.543 Y175.79 E.01567
G1 X112.727 Y175.766 E.03046
G1 X112.045 Y175.577 E.02641
G1 X111.452 Y175.228 E.02568
G1 X110.969 Y174.742 E.02557
G1 X110.619 Y174.139 E.02602
G1 X110.462 Y173.597 E.02106
G1 X110.41 Y173.089 E.01906
G1 X110.413 Y106.863 E2.47129
G1 X110.505 Y106.192 E.02527
G1 X110.777 Y105.544 E.02622
G1 X111.194 Y104.999 E.02561
G1 X111.735 Y104.578 E.02558
G1 X111.99 Y104.471 E.01032
G1 X112.526 Y104.275 E.0213
G1 X113.091 Y104.21 E.02122
G1 X113.511 Y104.21 E.01567
G1 X166.483 Y104.21 E1.9767
G1 X166.903 Y104.21 E.01567
G1 X167.627 Y104.308 E.02726
G1 X168.265 Y104.578 E.02585
G1 X168.806 Y104.999 E.02558
G1 X169.075 Y105.351 E.01653

M204 S10000
G1 X169.05 Y105.571 F30000
G1 X165.872 Y106.549
M204 S5000
;TYPE:Perimeter
;WIDTH:0.449999
G1 F3000
G1 X166.373 Y106.647 E.02061
G1 X166.838 Y106.961 E.02265
G1 X167.148 Y107.415 E.02219
G1 X167.27 Y108 E.02413
G1 X167.189 Y108.457 E.01874
G1 X167.104 Y108.661 E.00892
G1 X166.908 Y108.954 E.01423
G1 X166.754 Y109.108 E.00879
G1 X166.46 Y109.305 E.01429
G1 X166.254 Y109.39 E.009
G1 X165.788 Y109.468 E.01907
G1 X165.277 Y109.372 E.02099
G1 X164.846 Y109.108 E.02041
G1 X164.692 Y108.954 E.00879
G1 X164.427 Y108.521 E.02049
G1 X164.332 Y108.011 E.02094
G1 X164.41 Y107.546 E.01904
G1 X164.495 Y107.34 E.009
G1 X164.692 Y107.046 E.01429
G1 X164.846 Y106.892 E.00879
G1 X165.139 Y106.696 E.01423
G1 X165.339 Y106.611 E.00877
G1 X165.813 Y106.538 E.01936
M204 S10000
G1 X165.825 Y106.918 F30000
M204 S3000
;TYPE:External perimeter
;WIDTH:0.419999
G1 F3092.943

G1 X166.248 Y107.012 E.01617
G1 F3016.906
G1 X166.585 Y107.25 E.0154
G1 X166.815 Y107.618 E.01619
G1 F3019.244
G1 X166.885 Y108.036 E.01582
G1 F3001.594
G1 X166.788 Y108.448 E.01579
G1 F3000
G1 X166.541 Y108.791 E.01577
G1 X166.181 Y109.016 E.01584
G1 X165.764 Y109.084 E.01577
G1 X165.352 Y108.988 E.01579
G1 X165.009 Y108.741 E.01577
G1 X164.784 Y108.381 E.01584
G1 F3003.185
G1 X164.716 Y107.965 E.01573
G1 F3024.011
G1 X164.812 Y107.552 E.01582
G1 F3059.962
G1 X165.059 Y107.209 E.01577
G1 F3081.944
G1 X165.417 Y106.985 E.01576
G1 X165.766 Y106.925 E.01321
G1 F3124.84

M204 S10000
G1 X166.034 Y106.577 F30000
;WIPE_START
G1 F24000
G1 X166.248 Y107.012 E-.0349
G1 X166.585 Y107.25 E-.0294
G1 X166.815 Y107.618 E-.03092
G1 X166.885 Y108.036 E-.0302
G1 X166.788 Y108.448 E-.03016
G1 X166.541 Y108.791 E-.03012
G1 X166.181 Y109.016 E-.03025
G1 X165.764 Y109.084 E-.0301
G1 X165.352 Y108.988 E-.03014
G1 X165.009 Y108.741 E-.03012
G1 X164.784 Y108.381 E-.03025
G1 X164.716 Y107.965 E-.03003
G1 X164.812 Y107.552 E-.03021
G1 X165.059 Y107.209 E-.03012
G1 X165.417 Y106.985 E-.03009
G1 X165.766 Y106.925 E-.02523
;WIPE_END
G1 E-.51776 F1800
G1 Z1.1 F600
G1 X164.457 Y142.368 F30000
G1 Z.7 F600
G1 E1 F1800
M204 S5000
;TYPE:Perimeter
;WIDTH:0.449999
G1 F3000
G1 X164.429 Y142.433 E.00286
G1 X164.16 Y142.814 E.01883
G1 X163.664 Y143.138 E.02392
G1 X163.174 Y143.237 E.02018
G1 X162.674 Y143.161 E.02042
G1 X162.468 Y143.075 E.00901
G1 X162.054 Y142.77 E.02076
G1 X161.777 Y142.346 E.02045
G1 X161.741 Y142.23 E.0049
G1 X161.662 Y141.728 E.02052
G1 X161.763 Y141.237 E.02024
G1 X162.031 Y140.806 E.02049
G1 X162.176 Y140.666 E.00814
G1 X162.619 Y140.399 E.02088
G1 X163.108 Y140.308 E.02008
G1 X163.675 Y140.412 E.02327
G1 X164.161 Y140.733 E.02351
G1 X164.43 Y141.113 E.0188
G1 X164.514 Y141.316 E.00887
G1 X164.595 Y141.773 E.01874
G1 X164.514 Y142.23 E.01874
G1 X164.48 Y142.312 E.00358
M204 S10000
G1 X164.116 Y142.206 F30000
M204 S3000
;TYPE:External perimeter
;WIDTH:0.419999
G1 F3000
G1 X163.866 Y142.564 E.01629
G1 X163.507 Y142.787 E.01577
G1 X163.092 Y142.855 E.01569
G1 X162.68 Y142.758 E.01579
G1 X162.338 Y142.514 E.01568
G1 X162.115 Y142.155 E.01577
G1 X162.045 Y141.737 E.01582
G1 X162.142 Y141.325 E.01579
G1 X162.388 Y140.983 E.01572
G1 X162.743 Y140.76 E.01564
G1 X163.124 Y140.692 E.01444
G1 X163.574 Y140.787 E.01716
G1 X163.917 Y141.033 E.01575
G1 X164.14 Y141.391 E.01574
G1 X164.21 Y141.809 E.01582
G1 X164.13 Y142.148 E.013
M204 S10000
G1 X164.352 Y142.529 F30000
;WIPE_START
G1 F24000
G1 X163.866 Y142.564 E-.0351
G1 X163.507 Y142.787 E-.03011
G1 X163.092 Y142.855 E-.02996
G1 X162.68 Y142.758 E-.03016
G1 X162.338 Y142.514 E-.02993
G1 X162.115 Y142.155 E-.03011
G1 X162.045 Y141.737 E-.0302
G1 X162.142 Y141.325 E-.03016
G1 X162.388 Y140.983 E-.03002
G1 X162.743 Y140.76 E-.02987
G1 X163.124 Y140.692 E-.02758
G1 X163.574 Y140.787 E-.03277
G1 X163.917 Y141.033 E-.03007
G1 X164.14 Y141.391 E-.03005
G1 X164.21 Y141.809 E-.0302
G1 X164.13 Y142.148 E-.02482
;WIPE_END
G1 E-.51889 F1800
G1 Z1.1 F600
G1 X163.04 Y153.723 F30000
G1 Z.7 F600
G1 E1 F1800
M204 S5000
;TYPE:Perimeter
;WIDTH:0.449999
G1 F3000
G1 X162.603 Y153.646 E.01791
G1 X162.176 Y153.384 E.02023
G1 X162.021 Y153.229 E.00885
G1 X161.754 Y152.786 E.02088
G1 X161.66 Y152.277 E.0209
G1 X161.749 Y151.784 E.02023
G1 X162.022 Y151.324 E.0216
G1 X162.178 Y151.168 E.00891
G1 X162.608 Y150.907 E.02031
G1 X163.144 Y150.815 E.02196
G1 X163.664 Y150.912 E.02136
G1 X164.16 Y151.236 E.02392
G1 X164.429 Y151.617 E.01883
G1 X164.514 Y151.82 E.00888
G1 X164.595 Y152.277 E.01874
G1 X164.514 Y152.734 E.01874
G1 X164.43 Y152.937 E.00887
G1 X164.161 Y153.317 E.0188
G1 X163.682 Y153.635 E.02321
G1 X163.154 Y153.743 E.02176
G1 X163.099 Y153.733 E.00226
M204 S10000
G1 X163.106 Y153.356 F30000
M204 S3000
;TYPE:External perimeter
;WIDTH:0.419999
G1 F3000
G1 X162.68 Y153.263 E.01627
G1 X162.338 Y153.017 E.01572
G1 X162.115 Y152.659 E.01574
G1 X162.045 Y152.241 E.01582
G1 X162.142 Y151.829 E.01579
G1 X162.39 Y151.485 E.01582
G1 X162.745 Y151.264 E.0156
G1 X163.124 Y151.197 E.01436
G1 X163.573 Y151.29 E.01711
G1 X163.917 Y151.536 E.01578
G1 X164.14 Y151.895 E.01577
G1 X164.21 Y152.313 E.01582
G1 X164.113 Y152.725 E.01579
G1 X163.867 Y153.067 E.01572
G1 X163.509 Y153.29 E.01574
G1 X163.165 Y153.347 E.01301
M204 S10000
G1 X162.898 Y153.698 F30000
G1 X165.329 Y170.618
M204 S5000
;TYPE:Perimeter
;WIDTH:0.449999
G1 F3000
G1 X165.766 Y170.533 E.01797
G1 X166.247 Y170.609 E.01966
G1 X166.46 Y170.695 E.00927
G1 X166.754 Y170.892 E.01429
G1 X166.908 Y171.046 E.00879
G1 X167.104 Y171.339 E.01423
G1 X167.189 Y171.543 E.00892
G1 X167.27 Y172 E.01874
G1 X167.148 Y172.585 E.02413
G1 X166.838 Y173.039 E.02219
G1 X166.391 Y173.345 E.02187
G1 X166.257 Y173.389 E.00569
G1 X165.8 Y173.47 E.01874
G1 X165.343 Y173.389 E.01874
G1 X165.139 Y173.304 E.00892
G1 X164.846 Y173.108 E.01423
G1 X164.692 Y172.954 E.00879
G1 X164.495 Y172.66 E.01429
G1 X164.41 Y172.454 E.009
G1 X164.332 Y171.989 E.01904
G1 X164.427 Y171.479 E.02094
G1 X164.692 Y171.046 E.02049
G1 X164.934 Y170.833 E.01302
G1 X165.271 Y170.631 E.01586
M204 S10000
G1 X165.442 Y170.98 F30000
M204 S3000
;TYPE:External perimeter
;WIDTH:0.419999
G1 F3004.655

G1 X165.815 Y170.917 E.01412
G1 F3033.567
G1 X166.248 Y171.012 E.01654
G1 F3084.165
G1 X166.591 Y171.259 E.01577
G1 X166.815 Y171.618 E.01579
G1 F3077.91
G1 X166.885 Y172.036 E.01582
G1 X166.788 Y172.448 E.01579
G1 F3084.145
G1 X166.541 Y172.791 E.01577
G1 F3068.521
G1 X166.182 Y173.015 E.01579
G1 F3020.963
G1 X165.764 Y173.085 E.01582
G1 F3000.845
G1 X165.352 Y172.988 E.01579
G1 X165.009 Y172.741 E.01577
G1 X164.784 Y172.381 E.01584
G1 X164.716 Y171.965 E.01573
G1 X164.812 Y171.552 E.01582
G1 X165.059 Y171.209 E.01577
G1 X165.388 Y171.003 E.01449

M204 S10000
G1 X165.505 Y170.607 F30000
G1 X125.074 Y150.826
M204 S5000
;TYPE:Perimeter
;WIDTH:0.449999
G1 F3000
G1 X125.14 Y150.815 E.0027
G1 X125.637 Y150.904 E.02038
G1 X126.074 Y151.169 E.02063
G1 X126.228 Y151.324 E.00882
G1 X126.492 Y151.756 E.02044
G1 X126.589 Y152.254 E.02048
G1 X126.506 Y152.748 E.02022
G1 X126.425 Y152.937 E.0083
G1 X126.128 Y153.343 E.02031
G1 X125.688 Y153.631 E.02123
G1 X125.192 Y153.739 E.02049
G1 X124.667 Y153.664 E.02141
G1 X124.463 Y153.58 E.00891
G1 X124.051 Y153.276 E.02067
G1 X123.769 Y152.841 E.02093
G1 X123.658 Y152.314 E.02174
G1 X123.75 Y151.766 E.02243
G1 X124.017 Y151.324 E.02085
G1 X124.173 Y151.168 E.00891
G1 X124.603 Y150.906 E.02033
G1 X125.015 Y150.836 E.01687
M204 S10000
G1 X125.114 Y151.198 F30000
M204 S3000
;TYPE:External perimeter
;WIDTH:0.419999
G1 F3000
G1 X125.57 Y151.291 E.01737
G1 X125.912 Y151.536 E.0157
G1 X126.135 Y151.895 E.01577
G1 X126.205 Y152.313 E.01582
G1 X126.108 Y152.725 E.01579
G1 X125.862 Y153.067 E.01572
G1 X125.505 Y153.29 E.01571
G1 X125.087 Y153.359 E.01581
G1 X124.675 Y153.263 E.01579
G1 X124.344 Y153.032 E.01506
G1 X124.11 Y152.659 E.01643
G1 X124.041 Y152.241 E.01581
G1 X124.137 Y151.829 E.01579
G1 X124.385 Y151.485 E.01582
G1 X124.74 Y151.264 E.0156
G1 X125.055 Y151.208 E.01194
M204 S10000
G1 X125.317 Y150.853 F30000
G1 X126.564 Y141.851
M204 S5000
;TYPE:Perimeter
;WIDTH:0.449999
G1 F3000
G1 X126.509 Y142.23 E.01546
G1 X126.424 Y142.434 E.00892
G1 X126.114 Y142.851 E.02098
G1 X125.692 Y143.125 E.02031
G1 X125.17 Y143.237 E.02155
G1 X124.67 Y143.161 E.02042
G1 X124.463 Y143.075 E.00905
G1 X124.051 Y142.772 E.02065
G1 X123.769 Y142.337 E.02093
G1 X123.658 Y141.81 E.02174
G1 X123.75 Y141.262 E.02243
G1 X124.016 Y140.821 E.02079
G1 X124.171 Y140.666 E.00885
G1 X124.621 Y140.397 E.02117
G1 X125.04 Y140.31 E.01728
G1 X125.566 Y140.383 E.02144
G1 X125.783 Y140.47 E.00944
G1 X126.197 Y140.777 E.02081
G1 X126.473 Y141.202 E.02046
G1 X126.586 Y141.705 E.02081
G1 X126.573 Y141.792 E.00355
M204 S10000
G1 X126.202 Y141.795 F30000
M204 S3000
;TYPE:External perimeter
;WIDTH:0.419999
G1 F3000
G1 X126.108 Y142.221 E.01628
G1 X125.861 Y142.564 E.01577
G1 X125.503 Y142.787 E.01574
G1 X125.088 Y142.855 E.01569
G1 X124.675 Y142.758 E.01583
G1 X124.333 Y142.514 E.01568
G1 X124.11 Y142.155 E.01577
G1 X124.041 Y141.737 E.01581
G1 X124.137 Y141.325 E.01579
G1 X124.383 Y140.983 E.01572
G1 X124.738 Y140.76 E.01564
G1 X125.073 Y140.69 E.01277
G1 X125.564 Y140.783 E.01865
G1 X125.912 Y141.033 E.01599
G1 X126.135 Y141.391 E.01574
G1 X126.192 Y141.735 E.01301
M204 S10000
G1 X126.544 Y142.003 F30000
G1 X113.196 Y170.942
M204 S5000
;TYPE:Perimeter
;WIDTH:0.449999
G1 F3000
G1 X113.539 Y170.696 E.01704
G1 X113.741 Y170.611 E.00885
G1 X114.187 Y170.533 E.01828
G1 X114.717 Y170.626 E.02172
G1 X115.154 Y170.892 E.02065
G1 X115.308 Y171.046 E.00879
G1 X115.572 Y171.476 E.02037
G1 X115.669 Y171.989 E.02108
G1 X115.589 Y172.457 E.01917
G1 X115.504 Y172.661 E.00892
G1 X115.308 Y172.954 E.01423
G1 X115.154 Y173.108 E.00879
G1 X114.861 Y173.304 E.01423
G1 X114.657 Y173.389 E.00892
G1 X114.2 Y173.47 E.01874
G1 X113.609 Y173.345 E.02439
G1 X113.161 Y173.037 E.02195
G1 X112.852 Y172.584 E.02214
G1 X112.732 Y172 E.02407
G1 X112.81 Y171.546 E.0186
G1 X112.895 Y171.34 E.009
G1 X113.092 Y171.046 E.01429
G1 X113.154 Y170.985 E.00351
M204 S10000
G1 X113.489 Y171.19 F30000
M204 S3000
;TYPE:External perimeter
;WIDTH:0.419999
G1 F3057.203

G1 X113.817 Y170.985 E.01443
G1 F3022.014
G1 X114.215 Y170.917 E.01507
G1 F3001.989
G1 X114.648 Y171.012 E.01654
G1 F3000
G1 X114.991 Y171.259 E.01577
G1 X115.215 Y171.618 E.01579
G1 X115.285 Y172.036 E.01582
G1 X115.188 Y172.448 E.01579
G1 X114.941 Y172.791 E.01577
G1 X114.582 Y173.015 E.01579
G1 F3003.503
G1 X114.164 Y173.085 E.01582
G1 F3000
G1 X113.774 Y173.001 E.01489
G1 X113.409 Y172.741 E.01672
G1 F3084.729
G1 X113.184 Y172.381 E.01584
G1 F3089.519
G1 X113.116 Y171.965 E.01573
G1 F3092.906
G1 X113.212 Y171.552 E.01582
G1 X113.444 Y171.229 E.01484
G1 F3084.846

M204 S10000
G1 X113.403 Y170.812 F30000
;WIPE_START
G1 F24000
G1 X113.817 Y170.985 E-.03176
G1 X114.215 Y170.917 E-.02877
G1 X114.648 Y171.012 E-.03159
G1 X114.991 Y171.259 E-.03012
G1 X115.215 Y171.618 E-.03015
G1 X115.285 Y172.036 E-.0302
G1 X115.188 Y172.448 E-.03016
G1 X114.941 Y172.791 E-.03012
G1 X114.582 Y173.015 E-.03015
G1 X114.164 Y173.085 E-.0302
G1 X113.774 Y173.001 E-.02842
G1 X113.409 Y172.741 E-.03193
G1 X113.184 Y172.381 E-.03025
G1 X113.116 Y171.965 E-.03003
G1 X113.212 Y171.552 E-.03021
G1 X113.444 Y171.229 E-.02834
;WIPE_END
G1 E-.5176 F1800
G1 Z1.1 F600
G1 X114.07 Y106.547 F30000
G1 Z.7 F600
G1 E1 F1800
M204 S5000
;TYPE:Perimeter
;WIDTH:0.449999
G1 F3000
G1 X114.475 Y106.563 E.01636
M73 P32 R11
G1 X114.684 Y106.62 E.00875
G1 X115.001 Y106.777 E.01428
G1 X115.175 Y106.91 E.00884
G1 X115.407 Y107.175 E.01422
G1 X115.518 Y107.366 E.00892
G1 X115.657 Y107.816 E.01901
G1 X115.625 Y108.356 E.02184
G1 X115.4 Y108.843 E.02166
G1 X115.025 Y109.207 E.0211
G1 X114.834 Y109.318 E.00892
G1 X114.405 Y109.455 E.01818
G1 X113.93 Y109.437 E.01919
G1 X113.716 Y109.38 E.00894
G1 X113.399 Y109.223 E.01428
G1 X113.225 Y109.09 E.00884
G1 X112.993 Y108.825 E.01422
G1 X112.882 Y108.634 E.00892
G1 X112.747 Y108.216 E.01773
G1 X112.763 Y107.729 E.01967
G1 X112.856 Y107.442 E.01218
G1 X113.048 Y107.089 E.01622
G1 X113.441 Y106.742 E.02117
G1 X113.924 Y106.565 E.02077
G1 X114.01 Y106.555 E.0035
M204 S10000
G1 X114.148 Y106.923 F30000
M204 S3000
;TYPE:External perimeter
;WIDTH:0.419999
G1 F3092.212

G1 X114.515 Y106.962 E.01377
G1 F3076.309
G1 X114.888 Y107.162 E.01579
G1 F3071.918
G1 X115.157 Y107.488 E.01577
G1 F3031.647
G1 X115.279 Y107.892 E.01575
G1 F3005.751
G1 X115.238 Y108.314 E.01582
G1 F3000
G1 X115.038 Y108.688 E.01583
G1 X114.711 Y108.957 E.0158
G1 X114.307 Y109.08 E.01576
G1 F3021.496
G1 X113.885 Y109.038 E.01583
G1 F3067.558
G1 X113.512 Y108.838 E.01579
G1 F3076.066
G1 X113.243 Y108.511 E.0158
G1 F3000
G1 X113.123 Y108.15 E.0142
G1 X113.162 Y107.685 E.01741
G1 F3092.2
G1 X113.366 Y107.308 E.016
G1 F3093.214
G1 X113.692 Y107.042 E.0157
G1 F3105.994
G1 X114.09 Y106.926 E.01547
G1 F3134.575

M204 S10000
G1 X114.306 Y106.59 F30000
;WIPE_START
G1 F24000
G1 X114.515 Y106.962 E-.03039
G1 X114.888 Y107.162 E-.03016
G1 X115.157 Y107.488 E-.03011
G1 X115.279 Y107.892 E-.03007
G1 X115.238 Y108.314 E-.03021
G1 X115.038 Y108.688 E-.03022
G1 X114.711 Y108.957 E-.03017
G1 X114.307 Y109.08 E-.03009
G1 X113.885 Y109.038 E-.03022
G1 X113.512 Y108.838 E-.03016
G1 X113.243 Y108.511 E-.03017
G1 X113.123 Y108.15 E-.02711
G1 X113.162 Y107.685 E-.03325
G1 X113.366 Y107.308 E-.03054
G1 X113.692 Y107.042 E-.02998
G1 X114.09 Y106.926 E-.02954
;WIPE_END
G1 E-.51761 F1800
G1 Z1.1 F600
G1 X111.458 Y174.368 F30000
G1 Z.7 F600
G1 E1 F1800
;TYPE:Solid infill
;WIDTH:0.39365
G1 F9882.353
G1 X111.83 Y174.741 E.01824
;WIDTH:0.419999
G1 F9171.582
G1 X112.432 Y174.955 E.02384
G1 X111.229 Y173.751 E.06351
G1 X111.117 Y173.121 E.02388
G1 X113.08 Y175.084 E.10359
G1 X113.601 Y175.087 E.01944
G1 X111.113 Y172.599 E.1313
G1 X111.113 Y172.081 E.01933
G1 X114.119 Y175.087 E.15864
G1 X114.637 Y175.087 E.01933
G1 X111.113 Y171.563 E.18597
G1 X111.113 Y171.175 E.01448
G1 X111.243 Y171.175 E.00485
G1 X112.495 Y172.427 E.06607
G1 X112.413 Y171.97 E.01733
G1 X112.504 Y171.454 E.01955
G1 X112.631 Y171.156 E.01209
G1 X112.937 Y170.752 E.01891
G1 X113.355 Y170.432 E.01964
G1 X113.682 Y170.294 E.01324
G1 X113.937 Y170.242 E.00971
G1 X111.113 Y167.418 E.14903
G1 X111.113 Y170.991 E.13333
G1 X111.48 Y170.916 E.01398
G1 X112.115 Y171.529 E.03294
G1 X112.275 Y171.048 E.01892
G1 X112.585 Y170.585 E.02079
G1 X112.867 Y170.318 E.01449
G1 X113.243 Y170.073 E.01675
G1 X111.48 Y168.303 E.09322
G1 X111.48 Y170.732 E.09064
G1 X111.846 Y170.742 E.01366
G1 X111.963 Y170.858 E.00615
G1 X112.326 Y170.326 E.02403
G1 X112.664 Y170.005 E.01739
G1 X111.846 Y169.187 E.04317
G1 X111.846 Y170.558 E.05116
G1 X114.751 Y170.357 F30000
;WIDTH:0.39365
G1 F9882.353
G1 X114.762 Y170.398 E.00147
G1 X114.691 Y170.417 E.00255
G1 X114.71 Y170.346 E.00255
;WIDTH:0.419999
G1 F9171.582
G1 X114.462 Y170.249 E.00994
G1 X111.113 Y166.9 E.17674
G1 X113.772 Y173.704 F30000
G1 F9171.582
G1 X115.025 Y174.957 E.06612
G1 X115.025 Y175.087 E.00485
G1 X118.264 Y175.087 E.12087
G1 X115.836 Y172.659 E.12813
G1 X115.768 Y172.845 E.00739
G1 X115.556 Y173.156 E.01405
G1 X115.329 Y173.378 E.01185
G1 X115.014 Y173.585 E.01407
G1 X114.71 Y173.707 E.01222
G1 X114.162 Y173.787 E.02067
G1 X113.951 Y173.742 E.00805
G1 X114.671 Y174.085 F30000
G1 F9171.582
G1 X115.284 Y174.698 E.03235
G1 X115.849 Y174.72 E.0211
G1 X117.379 Y174.72 E.05709
G1 X115.926 Y173.268 E.07665
G1 X115.568 Y173.657 E.01973
G1 X115.155 Y173.924 E.01835
G1 X114.845 Y174.027 E.01219
G1 X115.381 Y174.243 E.02156
;WIDTH:0.467022
G1 F8128.272
G1 X115.508 Y174.331 E.00651
G1 X116.438 Y174.331 E.03916
G1 X115.944 Y173.837 E.02942
G1 X115.535 Y174.145 E.02156
G1 X115.949 Y172.254 F30000
;WIDTH:0.419999
G1 F9171.582
G1 X118.782 Y175.087 E.14951
G1 X119.3 Y175.087 E.01933
G1 X115.95 Y171.737 E.17679
G1 X115.452 Y170.72 F30000
G1 F9171.582
G1 X119.818 Y175.087 E.23043
G1 X115.439 Y170.708 F30000
G1 F9171.582
G1 X111.113 Y166.382 E.2283
G1 X111.036 Y166.093 E.01116
;WIDTH:0.39365
G1 F9882.353
G1 X111.047 Y166.134 E.00147
G1 X110.976 Y166.153 E.00255
G1 X110.995 Y166.082 E.00255
;WIDTH:0.419999
G1 F9171.582
G1 X111.113 Y165.864 E.00925
G1 X120.336 Y175.087 E.48672
G1 X120.854 Y175.087 E.01933
G1 X111.113 Y165.346 E.51406
G1 X111.113 Y164.828 E.01933
G1 X121.372 Y175.087 E.5414
G1 X121.89 Y175.087 E.01933
G1 X111.113 Y164.31 E.56873
G1 X111.113 Y163.792 E.01933
G1 X122.408 Y175.087 E.59607
G1 X122.926 Y175.087 E.01933
G1 X111.113 Y163.274 E.62341
G1 X111.113 Y162.756 E.01933
G1 X123.444 Y175.087 E.65074
G1 X123.963 Y175.087 E.01937
G1 X111.113 Y162.237 E.67813
G1 X111.113 Y161.719 E.01933
G1 X124.481 Y175.087 E.70547
G1 X124.999 Y175.087 E.01933
G1 X111.113 Y161.201 E.7328
G1 X111.113 Y160.683 E.01933
G1 X125.517 Y175.087 E.76014
G1 X126.035 Y175.087 E.01933
G1 X111.113 Y160.165 E.78748
G1 X111.113 Y159.647 E.01933
G1 X126.553 Y175.087 E.81481
G1 X127.071 Y175.087 E.01933
G1 X111.113 Y159.129 E.84215
G1 X111.113 Y158.611 E.01933
G1 X127.589 Y175.087 E.86948
G1 X128.107 Y175.087 E.01933
G1 X111.113 Y158.093 E.89682
G1 X111.113 Y157.575 E.01933
G1 X128.625 Y175.087 E.92416
G1 X129.144 Y175.087 E.01937
G1 X111.113 Y157.056 E.95155
G1 X111.113 Y156.538 E.01933
G1 X129.662 Y175.087 E.97888
G1 X130.18 Y175.087 E.01933
G1 X111.113 Y156.02 E1.00622
G1 X111.113 Y155.502 E.01933
G1 X130.698 Y175.087 E1.03356
G1 X131.216 Y175.087 E.01933
G1 X111.113 Y154.984 E1.06089
G1 X111.113 Y154.466 E.01933
G1 X131.734 Y175.087 E1.08823
G1 X132.252 Y175.087 E.01933
G1 X111.113 Y153.948 E1.11556
G1 X111.113 Y153.43 E.01933
G1 X132.77 Y175.087 E1.1429
G1 X133.288 Y175.087 E.01933
G1 X111.113 Y152.912 E1.17024
G1 X111.113 Y152.394 E.01933
G1 X133.806 Y175.087 E1.19757
G1 X134.324 Y175.087 E.01933
G1 X111.113 Y151.876 E1.22491
G1 X111.113 Y151.357 E.01937
G1 X134.843 Y175.087 E1.2523
G1 X135.361 Y175.087 E.01933
G1 X111.113 Y150.839 E1.27963
G1 X111.113 Y150.321 E.01933
G1 X135.879 Y175.087 E1.30697
G1 X136.397 Y175.087 E.01933
G1 X111.113 Y149.803 E1.33431
G1 X111.113 Y149.285 E.01933
G1 X136.915 Y175.087 E1.36164
G1 X137.433 Y175.087 E.01933
G1 X111.113 Y148.767 E1.38898
G1 X111.113 Y148.249 E.01933
G1 X137.951 Y175.087 E1.41632
G1 X138.469 Y175.087 E.01933
G1 X111.113 Y147.731 E1.44365
G1 X111.113 Y147.213 E.01933
G1 X138.987 Y175.087 E1.47099
G1 X139.505 Y175.087 E.01933
G1 X111.113 Y146.695 E1.49833
G1 X111.113 Y146.176 E.01937
G1 X140.024 Y175.087 E1.52571
G1 X140.542 Y175.087 E.01933
G1 X111.113 Y145.658 E1.55305
G1 X111.113 Y145.14 E.01933
G1 X141.06 Y175.087 E1.58039
G1 X141.578 Y175.087 E.01933
G1 X111.113 Y144.622 E1.60772
M73 P33 R11
G1 X111.113 Y144.104 E.01933
G1 X142.096 Y175.087 E1.63506
G1 X142.614 Y175.087 E.01933
G1 X111.113 Y143.586 E1.6624
G1 X111.113 Y143.068 E.01933
G1 X143.132 Y175.087 E1.68973
G1 X143.65 Y175.087 E.01933
G1 X111.113 Y142.55 E1.71707
G1 X111.113 Y142.032 E.01933
G1 X144.168 Y175.087 E1.7444
G1 X144.686 Y175.087 E.01933
G1 X111.113 Y141.514 E1.77174
G1 X111.113 Y140.996 E.01933
G1 X145.204 Y175.087 E1.79908
G1 X145.494 Y175.164 E.0112
;WIDTH:0.39365
G1 F9882.353
G1 X145.505 Y175.205 E.00147
G1 X145.433 Y175.224 E.00258
G1 X145.453 Y175.153 E.00255
G1 X124.345 Y153.798 F30000
G1 F9882.353
G1 X123.933 Y153.456 E.01854
G1 X123.591 Y153.041 E.01862
;WIDTH:0.419999
G1 F9171.582
G1 X123.417 Y152.782 E.01164
G1 X111.113 Y140.477 E.64934
G1 X111.113 Y139.959 E.01933
G1 X123.343 Y152.189 E.64541
G1 X123.431 Y151.759 E.01638
G1 X111.113 Y139.441 E.65006
G1 X111.113 Y138.923 E.01933
G1 X123.584 Y151.394 E.65813
G1 X123.799 Y151.091 E.01386
G1 X111.113 Y138.405 E.66948
G1 X111.113 Y137.887 E.01933
G1 X124.075 Y150.849 E.68404
G1 X124.392 Y150.648 E.01401
G1 X111.113 Y137.369 E.70077
G1 X111.113 Y136.851 E.01933
G1 X124.798 Y150.536 E.7222
G1 X125.58 Y150.624 F30000
;WIDTH:0.39365
G1 F9882.353
G1 X125.591 Y150.665 E.00147
G1 X125.52 Y150.684 E.00255
G1 X125.539 Y150.613 E.00255
;WIDTH:0.419999
G1 F9171.582
G1 X125.295 Y150.514 E.00983
G1 X111.113 Y136.333 E.7484
G1 X111.113 Y135.815 E.01933
G1 X126.109 Y150.81 E.79135
;WIPE_START
G1 F24000
G1 X116.184 Y140.886 E-1
;WIPE_END
G1 Z1.1 F600
G1 X124.604 Y153.968 F30000
G1 Z.7 F600
G1 E1 F1800
G1 F9171.582
G1 X145.723 Y175.087 E1.11451
G1 X146.241 Y175.087 E.01933
G1 X125.211 Y154.057 E1.10981
G1 X125.65 Y153.978 E.01664
G1 X146.759 Y175.087 E1.11398
G1 X147.277 Y175.087 E.01933
G1 X126.001 Y153.811 E1.12279
G1 X126.311 Y153.603 E.01393
G1 X147.795 Y175.087 E1.13377
G1 X148.313 Y175.087 E.01933
G1 X126.548 Y153.322 E1.1486
G1 X126.751 Y153.007 E.01398
G1 X148.831 Y175.087 E1.16522
G1 X149.349 Y175.087 E.01933
G1 X126.861 Y152.598 E1.18678
G1 X126.733 Y151.81 F30000
;WIDTH:0.39365
G1 F9882.353
G1 X126.714 Y151.881 E.00255
G1 X126.785 Y151.862 E.00255
G1 X126.774 Y151.821 E.00147
;WIDTH:0.419999
G1 F9171.582
G1 X126.888 Y152.107 E.01149
G1 X149.867 Y175.087 E1.21269
G1 X150.675 Y175.164 F30000
;WIDTH:0.39365
G1 F9882.353
G1 X150.686 Y175.205 E.00147
G1 X150.614 Y175.224 E.00258
G1 X150.634 Y175.153 E.00255
;WIDTH:0.419999
G1 F9171.582
G1 X150.385 Y175.087 E.00961
G1 X126.587 Y151.288 E1.25591
G1 X111.113 Y135.296 F30000
G1 F9171.582
G1 X150.904 Y175.087 E2.09988
G1 X151.422 Y175.087 E.01933
G1 X111.113 Y134.778 E2.12722
G1 X111.113 Y134.26 E.01933
G1 X151.94 Y175.087 E2.15456
G1 X152.458 Y175.087 E.01933
G1 X111.113 Y133.742 E2.18189
G1 X111.113 Y133.224 E.01933
G1 X152.976 Y175.087 E2.20923
G1 X153.494 Y175.087 E.01933
G1 X111.113 Y132.706 E2.23656
G1 X111.113 Y132.188 E.01933
G1 X154.012 Y175.087 E2.2639
G1 X154.53 Y175.087 E.01933
G1 X111.113 Y131.67 E2.29124
G1 X111.113 Y131.152 E.01933
G1 X155.048 Y175.087 E2.31857
G1 X155.856 Y175.164 F30000
;WIDTH:0.39365
G1 F9882.353
M73 P34 R11
G1 X155.867 Y175.205 E.00147
G1 X155.795 Y175.224 E.00258
G1 X155.814 Y175.153 E.00255
;WIDTH:0.419999
G1 F9171.582
G1 X155.566 Y175.087 E.00958
G1 X111.113 Y130.634 E2.34591
G1 X111.113 Y130.115 E.01937
G1 X123.485 Y142.487 E.65291
G1 X123.692 Y142.746 E.01237
;WIDTH:0.39365
G1 F9882.353
G1 X123.884 Y142.974 E.01032
G1 X124.153 Y143.201 E.01219
;WIDTH:0.419999
G1 F9171.582
G1 X124.412 Y143.414 E.01251
G1 X156.085 Y175.087 E1.67147
G1 X156.603 Y175.087 E.01933
G1 X125.072 Y143.556 E1.66398
G1 X125.529 Y143.495 E.0172
G1 X157.121 Y175.087 E1.6672
G1 X157.639 Y175.087 E.01933
G1 X125.913 Y143.361 E1.67427
G1 X126.224 Y143.154 E.01394
G1 X158.157 Y175.087 E1.68519
G1 X158.675 Y175.087 E.01933
G1 X126.495 Y142.907 E1.69823
G1 X126.695 Y142.588 E.01405
G1 X159.193 Y175.087 E1.71504
G1 X159.711 Y175.087 E.01933
G1 X126.834 Y142.21 E1.73501
G1 X126.912 Y141.77 E.01668
G1 X160.229 Y175.087 E1.75823
G1 X123.342 Y141.826 F30000
G1 F9171.582
G1 X111.113 Y129.597 E.64536
G1 X111.113 Y129.079 E.01933
G1 X123.401 Y141.367 E.64847
G1 X123.534 Y140.982 E.0152
G1 X111.113 Y128.561 E.65549
G1 X111.113 Y128.043 E.01933
G1 X123.734 Y140.664 E.66605
G1 X123.989 Y140.4 E.0137
G1 X111.113 Y127.525 E.67948
G1 X111.113 Y127.007 E.01933
G1 X124.305 Y140.198 E.69615
G1 X124.68 Y140.056 E.01496
G1 X111.113 Y126.489 E.71597
G1 X111.113 Y125.971 E.01933
G1 X125.138 Y139.995 E.74011
G1 X126.583 Y140.866 F30000
;WIDTH:0.39365
G1 F9882.353
G1 X126.315 Y140.547 E.01443
G1 X126.027 Y140.311 E.0129
;WIDTH:0.419999
G1 F9171.582
G1 X125.768 Y140.108 E.01228
G1 X111.113 Y125.453 E.77339
G1 X126.785 Y141.125 F30000
G1 F9171.582
G1 X160.747 Y175.087 E1.79227
G1 X160.995 Y175.153 E.00958
;WIDTH:0.39365
G1 F9882.353
G1 X160.976 Y175.224 E.00255
G1 X161.047 Y175.205 E.00255
G1 X161.036 Y175.164 E.00147
;WIDTH:0.419999
G1 F9171.582
G1 X161.265 Y175.087 E.00902
G1 X111.113 Y124.935 E2.64666
G1 X111.113 Y124.416 E.01937
G1 X161.784 Y175.087 E2.67405
G1 X162.302 Y175.087 E.01933
G1 X111.113 Y123.898 E2.70139
G1 X111.113 Y123.38 E.01933
G1 X162.82 Y175.087 E2.72872
G1 X163.338 Y175.087 E.01933
G1 X111.113 Y122.862 E2.75606
G1 X111.113 Y122.344 E.01933
G1 X163.856 Y175.087 E2.7834
G1 X164.374 Y175.087 E.01933
G1 X111.113 Y121.826 E2.81073
G1 X111.113 Y121.308 E.01933
G1 X164.892 Y175.087 E2.83807
G1 X165.41 Y175.087 E.01933
G1 X111.113 Y120.79 E2.8654
G1 X111.113 Y120.272 E.01933
G1 X165.928 Y175.087 E2.89274
G1 X164.83 Y173.47 F30000
;WIDTH:0.416437
G1 F9261.633
M73 P35 R11
G1 X164.956 Y173.566 E.00585
;WIDTH:0.419999
G1 F9171.582
G1 X165.29 Y173.707 E.01353
G1 X165.838 Y173.787 E.02067
G1 X166.554 Y173.621 E.02743
G1 X166.97 Y173.336 E.01882
G1 X167.134 Y173.171 E.00868
G1 X167.452 Y172.68 E.02183
G1 X167.587 Y172.037 E.02452
G1 X167.509 Y171.49 E.02062
G1 X168.757 Y172.735 E.06578
G1 X168.887 Y172.736 E.00485
G1 X168.887 Y173.06 E.01209
G1 X168.817 Y173.606 E.02054
G1 X168.61 Y174.1 E.01999
G1 X168.303 Y174.501 E.01885
G1 X167.906 Y174.81 E.01877
G1 X167.417 Y175.017 E.01982
G1 X166.88 Y175.087 E.02021
G1 X166.317 Y175.087 E.02101
G1 X166.317 Y174.957 E.00485
G1 X165.172 Y173.812 E.06042
G1 X164.685 Y173.358 E.02484
;WIDTH:0.393862
G1 F9876.195
G1 X164.682 Y173.356 E.00012
;WIDTH:0.39365
G1 F9882.353
G1 X164.517 Y173.186 E.0082
;WIDTH:0.419999
G1 F9171.582
G1 X164.286 Y172.927 E.01295
G1 X111.113 Y119.754 E2.80609
G1 X111.113 Y119.235 E.01937
G1 X164.036 Y172.158 E2.79289
G1 X164.171 Y172.373 E.00947
;WIDTH:0.39365
G1 F9882.353
G1 X164.152 Y172.444 E.00255
G1 X164.223 Y172.425 E.00255
G1 X164.212 Y172.384 E.00147
G1 X164.063 Y171.667 F30000
;WIDTH:0.419999
G1 F9171.582
G1 X111.113 Y118.717 E2.79432
G1 X111.113 Y118.199 E.01933
G1 X164.174 Y171.26 E2.80018
G1 X164.38 Y170.948 E.01395
G1 X111.113 Y117.681 E2.81105
G1 X111.113 Y117.163 E.01933
G1 X164.617 Y170.667 E2.82356
G1 X164.927 Y170.458 E.01395
G1 X111.113 Y116.645 E2.83989
G1 X111.113 Y116.127 E.01933
G1 X165.281 Y170.295 E2.8586
G1 X165.719 Y170.215 E.01661
G1 X111.113 Y115.609 E2.88171
G1 X111.113 Y115.091 E.01933
G1 X166.316 Y170.294 E2.91322
G1 X166.575 Y170.466 E.0116
;WIDTH:0.39365
G1 F9882.353
G1 X167.093 Y170.927 E.02401
G1 X168.887 Y172.346 F30000
;WIDTH:0.419999
G1 F9171.582
G1 X111.113 Y114.573 E3.04887
G1 X111.113 Y114.055 E.01933
G1 X168.887 Y171.828 E3.04887
G1 X168.887 Y171.31 E.01933
G1 X111.113 Y113.536 E3.0489
G1 X111.113 Y113.018 E.01933
G1 X168.887 Y170.792 E3.0489
G1 X168.887 Y170.274 E.01933
G1 X111.113 Y112.5 E3.0489
G1 X111.113 Y111.982 E.01933
G1 X168.887 Y169.756 E3.0489
G1 X168.887 Y169.238 E.01933
G1 X111.113 Y111.464 E3.0489
G1 X111.113 Y110.946 E.01933
G1 X168.887 Y168.719 E3.04887
G1 X168.887 Y168.201 E.01933
G1 X111.113 Y110.428 E3.04887
G1 X111.113 Y109.91 E.01933
G1 X168.887 Y167.683 E3.04887
M73 P36 R11
G1 X168.887 Y167.165 E.01933
G1 X111.113 Y109.392 E3.04887
G1 X111.113 Y108.874 E.01933
G1 X168.887 Y166.647 E3.04887
G1 X168.887 Y166.129 E.01933
G1 X111.113 Y108.355 E3.0489
M73 P36 R10
G1 X111.113 Y107.837 E.01933
G1 X168.887 Y165.611 E3.0489
G1 X166.183 Y174.088 F30000
G1 F9171.582
G1 X166.564 Y174.007 E.01454
G1 X166.761 Y173.923 E.00799
G1 X167.246 Y173.59 E.02195
G1 X167.437 Y173.377 E.01068
G1 X167.734 Y172.942 E.01966
G1 X167.889 Y172.384 E.02161
G1 X168.52 Y173.002 E.03296
G1 X168.468 Y173.446 E.01668
G1 X168.315 Y173.855 E.0163
G1 X168.08 Y174.19 E.01527
G1 X167.771 Y174.451 E.01509
G1 X167.38 Y174.635 E.01613
G1 X166.856 Y174.72 E.01981
G1 X166.576 Y174.698 E.01048
G1 X166.004 Y174.126 E.03019
G1 X166.691 Y174.328 E.02672
;WIDTH:0.374173
G1 F10482.867
G1 X166.754 Y174.377 E.00261
G1 X167.246 Y174.319 E.01617
G1 X167.627 Y174.129 E.0139
;WIDTH:0.371654
G1 F10565.904
G1 X167.894 Y173.871 E.01203
;WIDTH:0.373045
G1 F10519.889
G1 X167.999 Y173.723 E.0059
G1 X168.128 Y173.403 E.01122
G1 X168.161 Y173.142 E.00856
G1 X168.059 Y173.039 E.00472
G1 X167.72 Y173.571 E.02052
G1 X167.482 Y173.841 E.01171
;WIDTH:0.374173
G1 F10482.867
G1 X166.955 Y174.206 E.02093
G1 X166.857 Y174.251 E.00352
;WIPE_START
G1 F24000
G1 X166.955 Y174.206 E-.00768
G1 X167.482 Y173.841 E-.04568
G1 X167.72 Y173.571 E-.02564
G1 X168.059 Y173.039 E-.04495
G1 X168.161 Y173.142 E-.01033
G1 X168.128 Y173.403 E-.01874
G1 X167.999 Y173.723 E-.02458
G1 X167.894 Y173.871 E-.01293
G1 X167.627 Y174.129 E-.02645
G1 X167.246 Y174.319 E-.03033
G1 X166.754 Y174.377 E-.0353
G1 X166.691 Y174.328 E-.00569
G1 X166.004 Y174.126 E-.05102
G1 X166.576 Y174.698 E-.05764
G1 X166.856 Y174.72 E-.02001
G1 X167.38 Y174.635 E-.03782
G1 X167.771 Y174.451 E-.03079
G1 X168.08 Y174.19 E-.02882
G1 X168.315 Y173.855 E-.02916
G1 X168.468 Y173.446 E-.03111
G1 X168.52 Y173.002 E-.03185
G1 X168.156 Y172.652 E-.03598
G1 X167.889 Y172.384 E-.02695
G1 X167.734 Y172.942 E-.04126
G1 X167.437 Y173.377 E-.03753
G1 X167.246 Y173.59 E-.02038
G1 X166.761 Y173.923 E-.04192
G1 X166.564 Y174.007 E-.01526
G1 X166.183 Y174.088 E-.02775
;WIPE_END
G1 E-.14645 F1800
G1 Z1.1 F600
G1 X111.113 Y107.449 F30000
G1 Z.7 F600
G1 E1 F1800
;WIDTH:0.419999
G1 F9171.582
G1 X111.243 Y107.449 E.00485
G1 X112.22 Y108.426 E.05156
G1 X112.756 Y109 E.02931
;WIDTH:0.415482
G1 F9286.078
G1 X112.579 Y108.728 E.01196
;WIDTH:0.419999
G1 F9171.582
G1 X112.427 Y108.234 E.01929
G1 X112.441 Y107.721 E.01915
G1 X112.543 Y107.351 E.01432
G1 X112.8 Y106.884 E.01989
G1 X113.288 Y106.462 E.02407
G1 X113.921 Y106.236 E.02508
G1 X114.484 Y106.241 E.02101
G1 X114.771 Y106.314 E.01105
G1 X113.5 Y105.043 E.06707
G1 X113.5 Y104.913 E.00485
G1 X112.962 Y104.934 E.02009
G1 X112.479 Y105.027 E.01835
G1 X112.004 Y105.26 E.01974
G1 X111.628 Y105.589 E.01864
G1 X111.348 Y106.002 E.01862
G1 X111.168 Y106.507 E.02001
G1 X111.113 Y107.006 E.01873
G1 X111.113 Y107.266 E.0097
G1 X111.48 Y107.136 E.01453
G1 X112.073 Y107.761 E.03215
G1 X112.168 Y107.306 E.01734
G1 X112.406 Y106.835 E.01969
G1 X112.584 Y106.584 E.01148
G1 X113.05 Y106.184 E.02292
G1 X113.232 Y106.081 E.0078
G1 X113.804 Y105.889 E.02252
G1 X113.241 Y105.28 E.03095
G1 X112.743 Y105.332 E.01868
G1 X112.281 Y105.509 E.01846
G1 X111.919 Y105.812 E.01762
G1 X111.685 Y106.143 E.01513
G1 X111.532 Y106.553 E.01633
G1 X111.496 Y106.954 E.01502
G1 X112.007 Y106.588 E.02346
;WIDTH:0.624668
G1 F5884.228
G1 X112.062 Y106.542 E.00417
;WIDTH:0.581433
G1 F6366.253
G1 X112.116 Y106.496 E.00381
;WIDTH:0.538198
G1 F6934.297
G1 X112.171 Y106.451 E.00351
;WIDTH:0.494963
G1 F7613.644
G1 X112.225 Y106.405 E.00319
;WIDTH:0.451728
G1 F8440.557
G1 X112.436 Y106.24 E.01086
;WIDTH:0.415311
G1 F9290.481
G1 X112.647 Y106.074 E.00989
;WIDTH:0.378893
G1 F10330.737
G1 X112.872 Y105.884 E.00976
G1 X113.182 Y105.733 E.01142
G1 X113.086 Y105.636 E.00452
G1 X112.693 Y105.71 E.01325
G1 X112.441 Y105.823 E.00915
G1 X112.09 Y106.153 E.01596
;WIDTH:0.404963
G1 F9564.124
G1 X112.078 Y106.216 E.00229
;WIDTH:0.44269
G1 F8636.65
G1 X112.066 Y106.28 E.00258
;WIDTH:0.480417
G1 F7873.156
G1 X112.054 Y106.344 E.00283
;WIDTH:0.518144
G1 F7233.687
G1 X112.041 Y106.408 E.00309
G1 X112.756 Y109 F30000
;WIDTH:0.39365
G1 F9882.353
G1 X113.095 Y109.349 E.01685
;WIDTH:0.419999
G1 F9171.582
G1 X113.354 Y109.56 E.01247
G1 X168.887 Y165.093 E2.93063
G1 X168.887 Y164.575 E.01933
G1 X114.076 Y109.764 E2.89253
G1 X113.85 Y109.604 E.01033
;WIDTH:0.39365
G1 F9882.353
G1 X113.861 Y109.645 E.00147
G1 X113.79 Y109.664 E.00255
G1 X113.809 Y109.593 E.00255
G1 X114.569 Y109.738 F30000
;WIDTH:0.419999
G1 F9171.582
G1 X168.887 Y164.057 E2.86654
G1 X168.887 Y163.539 E.01933
G1 X114.961 Y109.613 E2.84583
G1 X115.272 Y109.406 E.01394
G1 X168.887 Y163.02 E2.82939
G1 X168.887 Y162.502 E.01933
G1 X115.548 Y109.163 E2.81485
G1 X115.756 Y108.854 E.0139
G1 X168.887 Y161.984 E2.80385
G1 X168.887 Y161.466 E.01933
G1 X115.916 Y108.495 E2.79543
G1 X115.965 Y108.026 E.0176
G1 X168.887 Y160.948 E2.79284
G1 X169.024 Y160.659 E.01193
;WIDTH:0.39365
G1 F9882.353
G1 X169.035 Y160.7 E.00147
G1 X168.964 Y160.719 E.00255
G1 X168.983 Y160.648 E.00255
;WIDTH:0.419999
G1 F9171.582
G1 X168.887 Y160.43 E.00889
G1 X162.323 Y153.867 E.34637
G1 X162.064 Y153.648 E.01266
;WIDTH:0.39365
G1 F9882.353
G1 X161.78 Y153.369 E.01379
;WIDTH:0.419999
G1 F9171.582
G1 X161.567 Y153.11 E.01251
G1 X115.868 Y107.411 E2.41166
G1 X115.693 Y107.152 E.01166
;WIDTH:0.39365
G1 F9882.353
G1 X115.351 Y106.763 E.01794
G1 X115.124 Y106.563 E.01048
G1 X113.888 Y104.913 F30000
;WIDTH:0.419999
G1 F9171.582
M73 P37 R10
G1 X161.351 Y152.376 E2.50476
G1 X161.474 Y152.594 E.00934
;WIDTH:0.39365
G1 F9882.353
G1 X161.455 Y152.665 E.00255
G1 X161.526 Y152.646 E.00255
G1 X161.515 Y152.605 E.00147
;WIDTH:0.419999
G1 F9171.582
G1 X161.4 Y151.907 E.0264
G1 X114.406 Y104.913 E2.48
G1 X114.924 Y104.913 E.01933
G1 X161.52 Y151.509 E2.459
G1 X161.726 Y151.197 E.01395
G1 X115.442 Y104.913 E2.44254
G1 X115.961 Y104.913 E.01937
G1 X161.971 Y150.923 E2.42808
G1 X162.285 Y150.719 E.01397
G1 X116.479 Y104.913 E2.41731
G1 X116.997 Y104.913 E.01933
G1 X162.649 Y150.566 E2.40921
G1 X163.098 Y150.496 E.01696
G1 X117.515 Y104.913 E2.40554
G1 X163.03 Y154.055 F30000
G1 F9171.582
G1 X168.887 Y159.912 E.30909
G1 X168.887 Y159.394 E.01933
G1 X163.492 Y153.999 E.28471
G1 X163.896 Y153.885 E.01566
G1 X168.887 Y158.876 E.26339
G1 X168.887 Y158.358 E.01933
G1 X164.206 Y153.677 E.24703
G1 X164.475 Y153.427 E.0137
G1 X168.887 Y157.839 E.23283
G1 X168.887 Y157.321 E.01933
G1 X164.691 Y153.125 E.22143
G1 X164.837 Y152.754 E.01488
G1 X168.887 Y156.803 E.2137
G1 X168.887 Y156.285 E.01933
G1 X164.912 Y152.311 E.20975
G1 X164.801 Y151.681 E.02387
G1 X168.887 Y155.767 E.21563
G1 X169.032 Y155.867 E.00657
;WIDTH:0.39365
G1 F9882.353
G1 X169.013 Y155.938 E.00255
G1 X169.084 Y155.919 E.00255
G1 X169.073 Y155.878 E.00147
G1 X164.619 Y151.422 F30000
G1 F9882.353
G1 X164.307 Y151.059 E.01658
G1 X163.975 Y150.791 E.01478
;WIDTH:0.419999
G1 F9171.582
G1 X163.716 Y150.597 E.01208
G1 X118.033 Y104.913 E2.41085
G1 X118.551 Y104.913 E.01933
G1 X168.887 Y155.249 E2.65637
G1 X168.983 Y155.467 E.00889
;WIDTH:0.39365
G1 F9882.353
G1 X168.964 Y155.538 E.00255
G1 X169.035 Y155.519 E.00255
G1 X169.024 Y155.478 E.00147
G1 X168.887 Y154.731 F30000
;WIDTH:0.419999
G1 F9171.582
G1 X119.069 Y104.913 E2.62904
G1 X119.587 Y104.913 E.01933
G1 X168.887 Y154.213 E2.6017
G1 X168.887 Y153.695 E.01933
G1 X120.105 Y104.913 E2.57436
G1 X120.623 Y104.913 E.01933
G1 X168.887 Y153.177 E2.54703
G1 X168.887 Y152.659 E.01933
G1 X121.142 Y104.913 E2.51966
G1 X121.66 Y104.913 E.01933
G1 X168.887 Y152.14 E2.4923
G1 X168.887 Y151.622 E.01933
G1 X122.178 Y104.913 E2.46496
G1 X122.696 Y104.913 E.01933
G1 X168.887 Y151.104 E2.43763
G1 X168.887 Y150.586 E.01933
G1 X123.214 Y104.913 E2.41029
G1 X123.732 Y104.913 E.01933
G1 X168.887 Y150.068 E2.38296
G1 X169.032 Y150.168 E.00657
;WIDTH:0.39365
G1 F9882.353
G1 X169.013 Y150.239 E.00255
G1 X169.084 Y150.22 E.00255
G1 X169.073 Y150.179 E.00147
;WIDTH:0.419999
G1 F9171.582
M73 P38 R10
G1 X169.024 Y149.779 E.01504
;WIDTH:0.39365
G1 F9882.353
G1 X169.035 Y149.82 E.00147
G1 X168.964 Y149.839 E.00255
G1 X168.983 Y149.768 E.00255
;WIDTH:0.419999
G1 F9171.582
G1 X168.887 Y149.55 E.00889
G1 X162.863 Y143.526 E.3179
G1 X162.634 Y143.351 E.01075
;WIDTH:0.39365
G1 F9882.353
G1 X162.645 Y143.392 E.00147
G1 X162.574 Y143.411 E.00255
G1 X162.593 Y143.34 E.00255
G1 X163.378 Y143.523 F30000
;WIDTH:0.419999
G1 F9171.582
G1 X168.887 Y149.032 E.29073
G1 X168.887 Y148.514 E.01933
G1 X163.801 Y143.428 E.2684
G1 X164.123 Y143.232 E.01407
G1 X168.887 Y147.996 E.25141
G1 X168.887 Y147.478 E.01933
G1 X164.415 Y143.006 E.236
G1 X164.631 Y142.704 E.01386
G1 X168.887 Y146.959 E.22457
G1 X168.887 Y146.441 E.01933
G1 X164.805 Y142.359 E.21542
G1 X164.892 Y141.928 E.01641
G1 X168.887 Y145.923 E.21083
G1 X169.073 Y145.516 E.0167
;WIDTH:0.39365
G1 F9882.353
G1 X169.084 Y145.557 E.00147
G1 X169.013 Y145.576 E.00255
G1 X169.032 Y145.505 E.00255
;WIDTH:0.419999
G1 F9171.582
G1 X168.887 Y145.405 E.00657
G1 X164.849 Y141.368 E.21307
G1 X164.693 Y141.109 E.01128
;WIDTH:0.39365
G1 F9882.353
G1 X164.362 Y140.693 E.01841
;WIPE_START
G1 F24000
G1 X164.693 Y141.109 E-.03788
G1 X164.849 Y141.368 E-.02154
G1 X168.887 Y145.405 E-.40683
G1 X169.032 Y145.505 E-.01255
G1 X169.013 Y145.576 E-.00524
G1 X169.084 Y145.557 E-.00524
G1 X169.073 Y145.516 E-.00302
G1 X168.887 Y145.923 E-.03188
G1 X164.892 Y141.928 E-.40255
G1 X164.805 Y142.359 E-.03133
G1 X165.221 Y142.775 E-.04194
;WIPE_END
G1 Z1.1 F600
G1 X161.552 Y142.272 F30000
G1 Z.7 F600
G1 E1 F1800
G1 F9882.353
G1 X161.563 Y142.314 E.0015
G1 X161.492 Y142.333 E.00255
G1 X161.511 Y142.261 E.00258
;WIDTH:0.419999
G1 F9171.582
G1 X161.38 Y142.043 E.00949
G1 X124.25 Y104.913 E1.95945
G1 X124.768 Y104.913 E.01933
G1 X161.374 Y141.519 E1.9318
G1 X161.471 Y141.098 E.01612
G1 X125.286 Y104.913 E1.90958
G1 X125.804 Y104.913 E.01933
G1 X161.668 Y140.777 E1.89264
G1 X161.894 Y140.485 E.01378
G1 X126.322 Y104.913 E1.87723
G1 X126.841 Y104.913 E.01937
G1 X162.197 Y140.27 E1.86586
G1 X162.537 Y140.091 E.01434
G1 X127.359 Y104.913 E1.85644
G1 X127.877 Y104.913 E.01933
G1 X162.962 Y139.998 E1.85153
G1 X163.789 Y140.166 F30000
;WIDTH:0.39365
G1 F9882.353
G1 X163.77 Y140.237 E.00255
G1 X163.841 Y140.218 E.00255
G1 X163.83 Y140.177 E.00147
;WIDTH:0.419999
G1 F9171.582
G1 X163.541 Y140.059 E.01165
G1 X128.395 Y104.913 E1.85475
G1 X128.913 Y104.913 E.01933
G1 X168.887 Y144.887 E2.10954
G1 X168.983 Y145.105 E.00889
;WIDTH:0.39365
G1 F9882.353
G1 X168.964 Y145.176 E.00255
G1 X169.035 Y145.157 E.00255
G1 X169.024 Y145.116 E.00147
G1 X168.887 Y144.369 F30000
;WIDTH:0.419999
G1 F9171.582
G1 X129.431 Y104.913 E2.0822
G1 X129.949 Y104.913 E.01933
G1 X168.887 Y143.851 E2.05487
G1 X168.887 Y143.333 E.01933
G1 X130.467 Y104.913 E2.02753
G1 X130.985 Y104.913 E.01933
G1 X168.887 Y142.815 E2.00019
G1 X168.887 Y142.297 E.01933
G1 X131.503 Y104.913 E1.97286
G1 X132.022 Y104.913 E.01937
G1 X168.887 Y141.778 E1.94547
G1 X168.887 Y141.26 E.01933
G1 X132.54 Y104.913 E1.91813
G1 X133.058 Y104.913 E.01933
G1 X168.887 Y140.742 E1.8908
G1 X168.887 Y140.224 E.01933
G1 X133.576 Y104.913 E1.86346
G1 X134.094 Y104.913 E.01933
G1 X168.887 Y139.706 E1.83612
G1 X168.887 Y139.188 E.01933
G1 X134.612 Y104.913 E1.80879
G1 X135.13 Y104.913 E.01933
G1 X168.887 Y138.67 E1.78145
G1 X168.887 Y138.152 E.01933
G1 X135.648 Y104.913 E1.75412
G1 X136.166 Y104.913 E.01933
G1 X168.887 Y137.634 E1.72678
G1 X168.887 Y137.116 E.01933
G1 X136.684 Y104.913 E1.69944
G1 X137.202 Y104.913 E.01933
G1 X168.887 Y136.598 E1.67211
G1 X168.887 Y136.079 E.01937
G1 X137.721 Y104.913 E1.64472
G1 X138.239 Y104.913 E.01933
G1 X168.887 Y135.561 E1.61738
G1 X168.887 Y135.043 E.01933
G1 X138.757 Y104.913 E1.59004
M73 P39 R10
G1 X139.275 Y104.913 E.01933
G1 X168.887 Y134.525 E1.56271
G1 X168.887 Y134.007 E.01933
G1 X139.793 Y104.913 E1.53537
G1 X140.311 Y104.913 E.01933
G1 X168.887 Y133.489 E1.50804
G1 X168.887 Y132.971 E.01933
G1 X140.829 Y104.913 E1.4807
G1 X141.347 Y104.913 E.01933
G1 X168.887 Y132.453 E1.45336
G1 X168.887 Y131.935 E.01933
G1 X141.865 Y104.913 E1.42603
G1 X142.383 Y104.913 E.01933
G1 X168.887 Y131.417 E1.39869
G1 X168.887 Y130.898 E.01937
G1 X142.902 Y104.913 E1.3713
G1 X143.42 Y104.913 E.01933
G1 X168.887 Y130.38 E1.34396
G1 X168.887 Y129.862 E.01933
G1 X143.938 Y104.913 E1.31663
G1 X144.456 Y104.913 E.01933
G1 X168.887 Y129.344 E1.28929
G1 X168.887 Y128.826 E.01933
G1 X144.974 Y104.913 E1.26196
G1 X145.492 Y104.913 E.01933
G1 X168.887 Y128.308 E1.23462
G1 X168.887 Y127.79 E.01933
G1 X146.01 Y104.913 E1.20728
G1 X146.528 Y104.913 E.01933
G1 X168.887 Y127.272 E1.17995
G1 X168.887 Y126.754 E.01933
G1 X147.046 Y104.913 E1.15261
G1 X147.564 Y104.913 E.01933
G1 X168.887 Y126.236 E1.12527
G1 X168.887 Y125.718 E.01933
G1 X148.082 Y104.913 E1.09794
G1 X148.601 Y104.913 E.01937
G1 X168.887 Y125.199 E1.07055
G1 X168.887 Y124.681 E.01933
G1 X149.119 Y104.913 E1.04321
G1 X149.637 Y104.913 E.01933
G1 X168.887 Y124.163 E1.01588
G1 X168.887 Y123.645 E.01933
G1 X150.155 Y104.913 E.98854
G1 X150.673 Y104.913 E.01933
G1 X168.887 Y123.127 E.9612
G1 X168.887 Y122.609 E.01933
G1 X151.191 Y104.913 E.93387
G1 X151.709 Y104.913 E.01933
G1 X168.887 Y122.091 E.90653
G1 X168.887 Y121.573 E.01933
G1 X152.227 Y104.913 E.87919
G1 X152.745 Y104.913 E.01933
G1 X168.887 Y121.055 E.85186
G1 X168.887 Y120.537 E.01933
G1 X153.263 Y104.913 E.82452
G1 X153.782 Y104.913 E.01937
G1 X168.887 Y120.018 E.79713
G1 X168.887 Y119.5 E.01933
G1 X154.3 Y104.913 E.7698
G1 X154.818 Y104.913 E.01933
G1 X168.887 Y118.982 E.74246
G1 X168.887 Y118.464 E.01933
G1 X155.336 Y104.913 E.71512
G1 X155.854 Y104.913 E.01933
G1 X168.887 Y117.946 E.68779
G1 X168.887 Y117.428 E.01933
G1 X156.372 Y104.913 E.66045
G1 X156.89 Y104.913 E.01933
G1 X168.887 Y116.91 E.63312
G1 X168.887 Y116.392 E.01933
G1 X157.408 Y104.913 E.60578
G1 X157.926 Y104.913 E.01933
G1 X168.887 Y115.874 E.57844
G1 X168.887 Y115.356 E.01933
G1 X158.444 Y104.913 E.55111
G1 X158.962 Y104.913 E.01933
G1 X168.887 Y114.838 E.52377
G1 X168.887 Y114.319 E.01937
G1 X159.481 Y104.913 E.49638
G1 X159.999 Y104.913 E.01933
G1 X168.887 Y113.801 E.46904
G1 X169.032 Y113.901 E.00657
;WIDTH:0.39365
G1 F9882.353
G1 X169.013 Y113.972 E.00255
G1 X169.084 Y113.953 E.00255
G1 X169.073 Y113.912 E.00147
G1 X165.056 Y109.544 F30000
G1 F9882.353
G1 X164.61 Y109.173 E.02009
G1 X164.255 Y108.744 E.01928
;WIDTH:0.419999
G1 F9171.582
G1 X164.089 Y108.485 E.01148
G1 X160.517 Y104.913 E.1885
G1 X161.035 Y104.913 E.01933
G1 X164.026 Y107.904 E.15784
G1 X165.315 Y109.711 F30000
G1 F9171.582
G1 X168.887 Y113.283 E.1885
G1 X168.983 Y113.501 E.00889
;WIDTH:0.39365
G1 F9882.353
G1 X168.964 Y113.572 E.00255
G1 X169.035 Y113.553 E.00255
G1 X169.024 Y113.512 E.00147
;WIDTH:0.419999
G1 F9171.582
G1 X169.073 Y112.876 E.0238
;WIDTH:0.39365
G1 F9882.353
G1 X169.084 Y112.917 E.00147
G1 X169.013 Y112.936 E.00255
G1 X169.032 Y112.865 E.00255
;WIDTH:0.419999
G1 F9171.582
G1 X168.887 Y112.765 E.00657
G1 X165.895 Y109.774 E.15787
G1 X161.736 Y104.913 F30000
G1 F9171.582
G1 X166.906 Y104.92 E.19292
G1 X167.543 Y105.037 E.02417
G1 X167.996 Y105.26 E.01884
G1 X168.303 Y105.499 E.01452
G1 X168.61 Y105.9 E.01885
G1 X168.817 Y106.394 E.01999
G1 X168.887 Y106.94 E.02054
G1 X168.887 Y112.247 E.19804
G1 X166.347 Y109.701 E.1342
G1 X166.612 Y109.586 E.01078
G1 X166.928 Y109.378 E.01412
G1 X167.156 Y109.156 E.01187
G1 X167.368 Y108.845 E.01405
G1 X167.507 Y108.51 E.01353
G1 X167.587 Y107.963 E.02063
G1 X167.424 Y107.254 E.02715
G1 X167.134 Y106.829 E.0192
G1 X166.974 Y106.668 E.00847
G1 X166.467 Y106.341 E.02251
G1 X165.956 Y106.227 E.01954
G1 X165.657 Y106.221 E.01116
G1 X165.28 Y106.295 E.01434
G1 X164.986 Y106.415 E.01185
G1 X164.671 Y106.622 E.01407
G1 X164.444 Y106.844 E.01185
G1 X164.231 Y107.156 E.0141
G1 X164.099 Y107.452 E.01209
G1 X161.553 Y104.913 E.13417
G1 X162.437 Y105.28 F30000
G1 F9171.582
G1 X164 Y106.842 E.08246
G1 X164.185 Y106.585 E.01182
G1 X164.467 Y106.318 E.01449
G1 X164.844 Y106.077 E.0167
;WIDTH:0.45466
G1 F8378.857
G1 X165.074 Y105.99 E.01004
;WIDTH:0.48932
G1 F7712.265
G1 X165.305 Y105.903 E.01095
;WIDTH:0.52398
G1 F7143.921
G1 X165.535 Y105.815 E.0118
;WIDTH:0.535378
G1 F6974.891
G1 X166.049 Y105.813 E.02522
G1 X166.215 Y105.87 E.00861
;WIDTH:0.496919
G1 F7580.059
G1 X166.381 Y105.927 E.00792
;WIDTH:0.458459
G1 F8300.218
G1 X166.547 Y105.984 E.00724
;WIDTH:0.419999
G1 F9171.582
G1 X166.735 Y106.065 E.00764
G1 X167.243 Y106.408 E.02287
G1 X167.437 Y106.623 E.01081
G1 X167.727 Y107.048 E.0192
;WIDTH:0.468833
G1 F8092.827
G1 X167.86 Y107.463 E.01843
;WIDTH:0.517666
G1 F7241.13
G1 X167.993 Y107.878 E.0206
;WIDTH:0.524423
G1 F7137.198
G1 X168.001 Y108.101 E.0107
;WIDTH:0.565318
G1 F6566.758
G1 X167.94 Y108.583 E.02532
G1 X167.851 Y108.739 E.00936
;WIDTH:0.516879
G1 F7253.443
G1 X167.762 Y108.894 E.00843
;WIDTH:0.468439
G1 F8100.511
G1 X167.672 Y109.05 E.00761
;WIDTH:0.419999
G1 F9171.582
G1 X167.415 Y109.415 E.01666
G1 X167.133 Y109.682 E.01449
G1 X166.958 Y109.8 E.00788
G1 X168.52 Y111.363 E.08246
G1 X168.52 Y109.114 E.08392
;WIDTH:0.468439
G1 F8100.511
G1 X168.496 Y108.951 E.00696
;WIDTH:0.516879
G1 F7253.443
G1 X168.472 Y108.789 E.00773
;WIDTH:0.565318
G1 F6566.758
G1 X168.448 Y108.626 E.00859
G1 X168.471 Y108 E.03265
;WIDTH:0.51854
G1 F7227.517
G1 X168.496 Y107.586 E.01964
;WIDTH:0.46927
G1 F8084.318
G1 X168.52 Y107.172 E.01756
;WIDTH:0.419999
G1 F9171.582
G1 X168.468 Y106.554 E.02314
G1 X168.29 Y106.085 E.01872
G1 X167.989 Y105.719 E.01768
G1 X167.771 Y105.549 E.01032
G1 X167.342 Y105.349 E.01766
G1 X166.831 Y105.28 E.01924
;WIDTH:0.458459
G1 F8300.218
M73 P40 R10
G1 X166.587 Y105.299 E.01009
;WIDTH:0.496919
G1 F7580.059
G1 X166.344 Y105.318 E.01101
;WIDTH:0.535378
G1 F6974.891
G1 X166.101 Y105.337 E.01196
G1 X165.511 Y105.335 E.02895
;WIDTH:0.530854
G1 F7041.014
G1 X165.329 Y105.317 E.00889
;WIDTH:0.493903
G1 F7631.987
G1 X165.147 Y105.298 E.00821
;WIDTH:0.456951
G1 F8331.254
G1 X164.965 Y105.28 E.00751
;WIDTH:0.419999
G1 F9171.582
G1 X162.621 Y105.28 E.08747
G1 X163.422 Y105.687 F30000
;WIDTH:0.502997
G1 F7477.518
G1 X163.964 Y106.229 E.03508
G1 X164.24 Y105.979 E.01704
G1 X164.718 Y105.687 E.02564
G1 X163.605 Y105.687 E.05094
G1 X166.509 Y105.623 F30000
;WIDTH:0.374457
G1 F10473.587
G1 X166.788 Y105.703 E.00948
G1 X167.372 Y106.08 E.02271
G1 X167.643 Y106.322 E.01187
;WIDTH:0.373042
G1 F10519.988
G1 X168.01 Y106.854 E.02103
G1 X168.147 Y107.175 E.01135
G1 X168.178 Y107.323 E.00492
G1 X168.154 Y106.8 E.01703
G1 X168.119 Y106.564 E.00776
G1 X167.928 Y106.175 E.0141
;WIDTH:0.370772
G1 F10595.291
G1 X167.677 Y105.909 E.01181
;WIDTH:0.374457
G1 F10473.587
G1 X167.56 Y105.82 E.0048
G1 X167.232 Y105.681 E.01164
G1 X166.692 Y105.63 E.01772
G1 X167.694 Y109.7 F30000
;WIDTH:0.502999
G1 F7477.485
G1 X167.821 Y109.56 E.00865
G1 X168.113 Y109.081 E.02568
G1 X168.113 Y110.378 E.05936
G1 X167.571 Y109.836 E.03508
;LAYER_CHANGE
;Z:0.95
;HEIGHT:0.25
G92 E0
;WIPE_START
G1 F24000
G1 X168.113 Y110.378 E-.05461
G1 X168.113 Y109.081 E-.09241
G1 X167.821 Y109.56 E-.03997
G1 X167.694 Y109.7 E-.01347
;WIPE_END
G1 E-.79954 F1800
G1 Z1.1 F600
G1 X168.73 Y105.499 F30000
G1 Z.95 F600
G1 E1 F1800
M204 S5000
;TYPE:Perimeter
;WIDTH:0.449999
G1 F8477.377

G1 X168.976 Y105.924 E.01983
G1 X169.141 Y106.364 E.01897
G1 X169.209 Y106.959 E.02418
G1 X169.209 Y172.304 E2.63809
G1 X169.206 Y173.112 E.03262
G1 X169.129 Y173.695 E.02374
G1 X168.89 Y174.263 E.02488
G1 X168.533 Y174.73 E.02373
G1 X168.193 Y174.995 E.0174
G1 X167.872 Y175.174 E.01484
G1 X167.396 Y175.352 E.02052
G1 X166.896 Y175.409 E.02032
G1 X113.543 Y175.409 E2.15396
G1 X112.792 Y175.388 E.03033
G1 X112.195 Y175.223 E.02501
G1 X111.688 Y174.924 E.02376
G1 X111.274 Y174.508 E.02369
G1 X111.024 Y174.077 E.02012
G1 X110.859 Y173.636 E.01901
G1 X110.791 Y173.077 E.02273
G1 X110.794 Y106.888 E2.67217
G1 X110.871 Y106.305 E.02374
G1 X111.11 Y105.737 E.02488
G1 X111.467 Y105.27 E.02373
G1 X111.807 Y105.006 E.01738
G1 X112.073 Y104.849 E.01247
G1 X112.604 Y104.648 E.02292
G1 X113.104 Y104.591 E.02032
G1 X166.427 Y104.591 E2.15274
G1 X167.208 Y104.612 E.03154
G1 X167.805 Y104.777 E.02501
G1 X168.312 Y105.076 E.02376
G1 X168.69 Y105.455 E.02161

M204 S10000
G1 X169.06 Y105.308 F30000
M204 S3000
;TYPE:External perimeter
;WIDTH:0.419999
G1 F9171.582

G1 X169.381 Y105.861 E.02386
G1 X169.545 Y106.437 E.02235
G1 X169.59 Y106.959 E.01955
G1 X169.59 Y107.379 E.01567
G1 X169.59 Y171.884 E2.40707
G1 X169.59 Y172.304 E.01567
G1 X169.587 Y173.137 E.03108
G1 X169.495 Y173.808 E.02527
G1 X169.223 Y174.456 E.02622
G1 X168.806 Y175.001 E.02561
G1 X168.265 Y175.422 E.02558
G1 X168.021 Y175.525 E.00988
G1 X167.473 Y175.725 E.02177
G1 X166.909 Y175.79 E.02119
G1 X166.489 Y175.79 E.01567
G1 X113.963 Y175.79 E1.96006
G1 X113.543 Y175.79 E.01567
G1 X112.727 Y175.766 E.03046
G1 X112.045 Y175.577 E.02641
G1 X111.452 Y175.228 E.02568
G1 X110.969 Y174.742 E.02557
G1 X110.619 Y174.139 E.02602
G1 X110.462 Y173.597 E.02106
G1 X110.41 Y173.089 E.01906
G1 X110.41 Y172.669 E.01567
G1 X110.413 Y107.283 E2.43994
G1 X110.413 Y106.863 E.01567
G1 X110.505 Y106.192 E.02527
G1 X110.777 Y105.544 E.02622
G1 X111.194 Y104.999 E.02561
G1 X111.735 Y104.578 E.02558
G1 X111.99 Y104.471 E.01032
G1 X112.526 Y104.275 E.0213
G1 X113.091 Y104.21 E.02122
G1 X113.511 Y104.21 E.01567
G1 X166.007 Y104.21 E1.95894
G1 X166.427 Y104.21 E.01567
G1 X167.273 Y104.234 E.03158
G1 X167.955 Y104.423 E.02641
G1 X168.548 Y104.772 E.02568
G1 X169.03 Y105.256 E.02549

M204 S10000
G1 X168.905 Y105.677 F30000
G1 X165.863 Y106.55
M204 S5000
;TYPE:Perimeter
;WIDTH:0.449999
G1 F3000
G1 X166.39 Y106.655 E.02169
G1 X166.839 Y106.963 E.02198
G1 X167.148 Y107.415 E.0221
G1 X167.27 Y108 E.02413
G1 X167.189 Y108.457 E.01874
G1 X167.104 Y108.661 E.00892
G1 X166.908 Y108.954 E.01423
G1 X166.754 Y109.108 E.00879
G1 X166.46 Y109.305 E.01429
G1 X166.254 Y109.39 E.009
G1 X165.788 Y109.468 E.01907
G1 X165.277 Y109.372 E.02099
G1 X164.846 Y109.108 E.02041
G1 X164.692 Y108.954 E.00879
G1 X164.427 Y108.521 E.02049
G1 X164.332 Y108.011 E.02094
G1 X164.41 Y107.546 E.01904
G1 X164.495 Y107.34 E.009
G1 X164.692 Y107.046 E.01429
G1 X164.846 Y106.892 E.00879
G1 X165.139 Y106.696 E.01423
G1 X165.338 Y106.612 E.00872
G1 X165.805 Y106.538 E.01909
M204 S10000
G1 X165.811 Y106.917 F30000
M204 S3000
;TYPE:External perimeter
;WIDTH:0.419999
G1 F3000
G1 X166.248 Y107.012 E.01669
G1 X166.591 Y107.259 E.01577
G1 X166.815 Y107.618 E.01579
G1 X166.885 Y108.036 E.01582
G1 X166.788 Y108.448 E.01579
G1 X166.541 Y108.791 E.01577
G1 X166.181 Y109.016 E.01584
G1 X165.764 Y109.084 E.01577
G1 X165.352 Y108.988 E.01579
G1 X165.009 Y108.741 E.01577
G1 X164.784 Y108.381 E.01584
G1 X164.716 Y107.965 E.01573
G1 X164.812 Y107.552 E.01582
G1 X165.059 Y107.209 E.01577
G1 X165.416 Y106.985 E.01573
G1 X165.752 Y106.926 E.01273
M204 S10000
G1 X166.018 Y106.575 F30000
;WIPE_START
G1 F24000
G1 X166.248 Y107.012 E-.03587
G1 X166.591 Y107.259 E-.03012
G1 X166.815 Y107.618 E-.03015
G1 X166.885 Y108.036 E-.0302
G1 X166.788 Y108.448 E-.03016
G1 X166.541 Y108.791 E-.03012
G1 X166.181 Y109.016 E-.03025
G1 X165.764 Y109.084 E-.0301
G1 X165.352 Y108.988 E-.03014
G1 X165.009 Y108.741 E-.03012
G1 X164.784 Y108.381 E-.03025
G1 X164.716 Y107.965 E-.03003
G1 X164.812 Y107.552 E-.03021
G1 X165.059 Y107.209 E-.03012
G1 X165.416 Y106.985 E-.03003
G1 X165.752 Y106.926 E-.02431
;WIPE_END
G1 E-.51782 F1800
G1 Z1.35 F600
G1 X164.457 Y142.368 F30000
G1 Z.95 F600
G1 E1 F1800
M204 S5000
;TYPE:Perimeter
;WIDTH:0.449999
G1 F3000
G1 X164.429 Y142.433 E.00286
G1 X164.16 Y142.814 E.01883
G1 X163.664 Y143.138 E.02392
G1 X163.173 Y143.238 E.02023
G1 X162.674 Y143.161 E.02038
G1 X162.47 Y143.077 E.00891
G1 X162.156 Y142.866 E.01527
G1 X162.022 Y142.726 E.00782
G1 X161.758 Y142.295 E.02041
G1 X161.661 Y141.796 E.02052
G1 X161.746 Y141.295 E.02052
G1 X161.825 Y141.113 E.00801
G1 X162.136 Y140.695 E.02103
G1 X162.565 Y140.418 E.02062
G1 X163.089 Y140.309 E.02161
G1 X163.672 Y140.411 E.02389
G1 X164.161 Y140.733 E.02364
G1 X164.43 Y141.113 E.0188
G1 X164.514 Y141.316 E.00887
G1 X164.595 Y141.773 E.01874
G1 X164.514 Y142.23 E.01874
G1 X164.48 Y142.312 E.00358
M204 S10000
G1 X164.123 Y142.176 F30000
M204 S3000
;TYPE:External perimeter
;WIDTH:0.419999
G1 F3000
G1 X164.113 Y142.221 E.00172
G1 X163.866 Y142.564 E.01577
G1 X163.507 Y142.787 E.01577
G1 X163.092 Y142.855 E.01569
G1 X162.682 Y142.76 E.0157
G1 X162.382 Y142.559 E.01348
G1 X162.115 Y142.155 E.01807
G1 X162.045 Y141.737 E.01582
G1 X162.142 Y141.325 E.01579
G1 X162.388 Y140.983 E.01572
G1 X162.742 Y140.761 E.01559
G1 X163.108 Y140.693 E.01389
G1 X163.574 Y140.787 E.01774
G1 X163.917 Y141.033 E.01575
G1 X164.14 Y141.391 E.01574
G1 X164.21 Y141.809 E.01582
G1 X164.137 Y142.118 E.01185
M204 S10000
G1 X164.159 Y142.205 F30000
;WIPE_START
G1 F24000
G1 X164.113 Y142.221 E-.00754
G1 X163.866 Y142.564 E-.03012
G1 X163.507 Y142.787 E-.03011
G1 X163.092 Y142.855 E-.02996
G1 X162.682 Y142.76 E-.02999
G1 X162.382 Y142.559 E-.02573
G1 X162.115 Y142.155 E-.0345
G1 X162.045 Y141.737 E-.0302
G1 X162.142 Y141.325 E-.03016
G1 X162.388 Y140.983 E-.03002
G1 X162.742 Y140.761 E-.02977
G1 X163.108 Y140.693 E-.02652
G1 X163.574 Y140.787 E-.03387
G1 X163.917 Y141.033 E-.03007
G1 X164.14 Y141.391 E-.03005
G1 X164.21 Y141.809 E-.0302
G1 X164.137 Y142.118 E-.02262
;WIPE_END
G1 E-.51857 F1800
G1 Z1.35 F600
G1 X163.041 Y153.723 F30000
G1 Z.95 F600
G1 E1 F1800
M204 S5000
;TYPE:Perimeter
;WIDTH:0.449999
G1 F3000
G1 X162.603 Y153.646 E.01795
G1 X162.176 Y153.384 E.02023
G1 X162.021 Y153.229 E.00885
G1 X161.754 Y152.786 E.02088
G1 X161.66 Y152.273 E.02106
G1 X161.742 Y151.811 E.01894
G1 X161.984 Y151.359 E.0207
G1 X162.374 Y151.019 E.02089
G1 X162.918 Y150.836 E.02317
G1 X163.169 Y150.821 E.01015
G1 X163.664 Y150.912 E.02032
G1 X164.16 Y151.236 E.02392
G1 X164.429 Y151.617 E.01883
G1 X164.514 Y151.82 E.00888
G1 X164.595 Y152.277 E.01874
G1 X164.514 Y152.734 E.01874
G1 X164.43 Y152.937 E.00887
G1 X164.161 Y153.317 E.0188
G1 X163.682 Y153.635 E.02321
G1 X163.154 Y153.743 E.02176
G1 X163.1 Y153.734 E.00221
M204 S10000
G1 X163.137 Y153.351 F30000
M204 S3000
;TYPE:External perimeter
;WIDTH:0.419999
G1 F3000
G1 X163.091 Y153.359 E.00174
G1 X162.68 Y153.263 E.01575
G1 X162.338 Y153.017 E.01572
G1 X162.115 Y152.659 E.01574
G1 X162.042 Y152.276 E.01455
G1 X162.091 Y151.964 E.01179
G1 X162.29 Y151.591 E.01578
G1 X162.624 Y151.32 E.01605
G1 X163.107 Y151.197 E.0186
G1 X163.573 Y151.29 E.01773
G1 X163.917 Y151.536 E.01578
G1 X164.14 Y151.895 E.01577
G1 X164.21 Y152.313 E.01582
G1 X164.113 Y152.725 E.01579
G1 X163.867 Y153.067 E.01572
G1 X163.509 Y153.29 E.01574
G1 X163.196 Y153.342 E.01184
M204 S10000
G1 X163.124 Y153.396 F30000
G1 X165.326 Y170.621
M204 S5000
;TYPE:Perimeter
;WIDTH:0.449999
G1 F3000
G1 X165.757 Y170.533 E.01776
G1 X166.245 Y170.608 E.01993
G1 X166.46 Y170.695 E.00936
G1 X166.754 Y170.892 E.01429
G1 X166.908 Y171.046 E.00879
G1 X167.104 Y171.339 E.01423
G1 X167.189 Y171.543 E.00892
G1 X167.27 Y172 E.01874
G1 X167.148 Y172.585 E.02413
G1 X166.838 Y173.039 E.02219
G1 X166.391 Y173.345 E.02187
G1 X165.898 Y173.461 E.02045
G1 X165.689 Y173.459 E.00844
G1 X165.343 Y173.389 E.01425
G1 X165.139 Y173.304 E.00892
G1 X164.846 Y173.108 E.01423
G1 X164.692 Y172.954 E.00879
G1 X164.495 Y172.66 E.01429
G1 X164.41 Y172.454 E.009
G1 X164.332 Y171.989 E.01904
G1 X164.427 Y171.479 E.02094
G1 X164.692 Y171.046 E.02049
G1 X164.934 Y170.833 E.01302
G1 X165.267 Y170.633 E.01568
M204 S10000
G1 X165.427 Y170.983 F30000
M204 S3000
;TYPE:External perimeter
;WIDTH:0.419999
G1 F3000
G1 X165.807 Y170.917 E.01439
G1 X166.248 Y171.012 E.01683
G1 X166.541 Y171.209 E.01318
G1 X166.815 Y171.618 E.01837
G1 X166.885 Y172.036 E.01582
G1 X166.788 Y172.448 E.01579
G1 X166.541 Y172.791 E.01577
G1 X166.182 Y173.015 E.01579
G1 X165.764 Y173.085 E.01582
G1 X165.352 Y172.988 E.01579
G1 X165.009 Y172.741 E.01577
G1 X164.784 Y172.381 E.01584
G1 X164.716 Y171.965 E.01573
G1 X164.812 Y171.552 E.01582
G1 X165.059 Y171.209 E.01577
G1 X165.375 Y171.011 E.01392
M204 S10000
G1 X165.489 Y170.602 F30000
G1 X125.084 Y150.826
M204 S5000
;TYPE:Perimeter
;WIDTH:0.449999
G1 F3000
G1 X125.164 Y150.821 E.00324
G1 X125.692 Y150.925 E.02173
G1 X126.114 Y151.199 E.02031
G1 X126.424 Y151.617 E.02101
G1 X126.509 Y151.82 E.00888
G1 X126.588 Y152.32 E.02044
G1 X126.488 Y152.81 E.02019
G1 X126.212 Y153.253 E.02107
G1 X125.784 Y153.579 E.02172
G1 X125.579 Y153.664 E.00896
G1 X125.068 Y153.741 E.02086
G1 X124.554 Y153.629 E.02124
G1 X124.129 Y153.353 E.02046
G1 X123.82 Y152.937 E.02092
G1 X123.736 Y152.733 E.00891
G1 X123.661 Y152.205 E.02153
G1 X123.744 Y151.796 E.01685
G1 X124.008 Y151.328 E.02169
G1 X124.433 Y150.984 E.02207
G1 X124.914 Y150.836 E.02032
G1 X125.024 Y150.83 E.00445
M204 S10000
G1 X125.099 Y151.198 F30000
M204 S3000
;TYPE:External perimeter
;WIDTH:0.419999
G1 F3000
G1 X125.57 Y151.291 E.01792
G1 X125.912 Y151.536 E.0157
G1 X126.135 Y151.895 E.01577
G1 X126.205 Y152.313 E.01582
G1 X126.108 Y152.725 E.01579
G1 X125.862 Y153.067 E.01572
G1 X125.505 Y153.29 E.01571
G1 X125.087 Y153.359 E.01581
G1 X124.675 Y153.263 E.01579
G1 X124.333 Y153.017 E.01572
G1 X124.11 Y152.659 E.01574
G1 X124.039 Y152.254 E.01534
G1 X124.086 Y151.964 E.01096
G1 X124.277 Y151.598 E.01541
G1 X124.619 Y151.32 E.01645
G1 X125.041 Y151.213 E.01625
M204 S10000
G1 X125.291 Y150.848 F30000
G1 X126.571 Y141.857
M204 S5000
;TYPE:Perimeter
;WIDTH:0.449999
G1 F3000
G1 X126.505 Y142.248 E.01601
G1 X126.424 Y142.433 E.00815
G1 X126.114 Y142.851 E.02101
G1 X125.692 Y143.125 E.02031
G1 X125.169 Y143.238 E.0216
G1 X124.67 Y143.161 E.02038
G1 X124.465 Y143.077 E.00894
G1 X124.06 Y142.783 E.0202
G1 X123.769 Y142.337 E.0215
G1 X123.658 Y141.81 E.02174
G1 X123.75 Y141.262 E.02243
G1 X124.016 Y140.821 E.02079
G1 X124.171 Y140.666 E.00885
G1 X124.618 Y140.398 E.02104
G1 X125.113 Y140.31 E.0203
G1 X125.617 Y140.394 E.02063
G1 X126.075 Y140.666 E.02151
G1 X126.229 Y140.821 E.00882
G1 X126.493 Y141.256 E.02054
G1 X126.589 Y141.75 E.02032
G1 X126.581 Y141.798 E.00196
M204 S10000
G1 X126.197 Y141.765 F30000
M204 S3000
;TYPE:External perimeter
;WIDTH:0.419999
G1 F3000
G1 X126.205 Y141.809 E.00167
G1 X126.108 Y142.221 E.01579
G1 X125.861 Y142.564 E.01577
G1 X125.503 Y142.787 E.01574
G1 X125.088 Y142.855 E.01569
G1 X124.677 Y142.76 E.01574
G1 X124.333 Y142.514 E.01578
G1 X124.11 Y142.155 E.01577
G1 X124.041 Y141.737 E.01581
G1 X124.137 Y141.325 E.01579
G1 X124.383 Y140.983 E.01572
G1 X124.737 Y140.761 E.01559
G1 X125.087 Y140.691 E.01332
G1 X125.571 Y140.787 E.01841
G1 X125.912 Y141.033 E.01569
G1 X126.135 Y141.391 E.01574
G1 X126.187 Y141.706 E.01191
M204 S10000
G1 X126.24 Y141.778 F30000
G1 X113.196 Y170.942
M204 S5000
;TYPE:Perimeter
;WIDTH:0.449999
G1 F3000
G1 X113.539 Y170.696 E.01704
G1 X113.739 Y170.611 E.00877
G1 X114.177 Y170.533 E.01796
G1 X114.716 Y170.626 E.02208
G1 X115.154 Y170.892 E.02069
G1 X115.308 Y171.046 E.00879
G1 X115.572 Y171.476 E.02037
G1 X115.669 Y171.989 E.02108
G1 X115.589 Y172.457 E.01917
G1 X115.504 Y172.661 E.00892
G1 X115.308 Y172.954 E.01423
G1 X115.154 Y173.108 E.00879
G1 X114.861 Y173.304 E.01423
G1 X114.657 Y173.389 E.00892
G1 X114.2 Y173.47 E.01874
G1 X113.609 Y173.345 E.02439
G1 X113.161 Y173.037 E.02195
G1 X112.852 Y172.584 E.02214
G1 X112.74 Y172.097 E.02017
G1 X112.742 Y171.89 E.00836
G1 X112.81 Y171.544 E.01424
G1 X112.896 Y171.339 E.00897
G1 X113.092 Y171.046 E.01423
G1 X113.154 Y170.984 E.00354
M204 S10000
G1 X113.476 Y171.198 F30000
M204 S3000
;TYPE:External perimeter
;WIDTH:0.419999
G1 F3000
G1 X113.817 Y170.985 E.015
G1 X114.207 Y170.917 E.01477
G1 X114.648 Y171.012 E.01683
G1 X114.991 Y171.259 E.01577
G1 X115.215 Y171.618 E.01579
G1 X115.285 Y172.036 E.01582
G1 X115.188 Y172.448 E.01579
G1 X114.941 Y172.791 E.01577
G1 X114.582 Y173.015 E.01579
G1 X114.164 Y173.085 E.01582
G1 X113.774 Y173.001 E.01489
G1 X113.409 Y172.741 E.01672
G1 X113.184 Y172.381 E.01584
G1 X113.116 Y171.964 E.01577
G1 X113.212 Y171.552 E.01579
G1 X113.435 Y171.241 E.01428
M204 S10000
G1 X113.386 Y170.808 F30000
;WIPE_START
G1 F24000
G1 X113.817 Y170.985 E-.03276
G1 X114.207 Y170.917 E-.02821
G1 X114.648 Y171.012 E-.03214
G1 X114.991 Y171.259 E-.03012
G1 X115.215 Y171.618 E-.03015
G1 X115.285 Y172.036 E-.0302
G1 X115.188 Y172.448 E-.03016
G1 X114.941 Y172.791 E-.03012
G1 X114.582 Y173.015 E-.03015
G1 X114.164 Y173.085 E-.0302
G1 X113.774 Y173.001 E-.02842
G1 X113.409 Y172.741 E-.03193
G1 X113.184 Y172.381 E-.03025
G1 X113.116 Y171.964 E-.0301
G1 X113.212 Y171.552 E-.03014
G1 X113.435 Y171.241 E-.02727
;WIPE_END
G1 E-.51768 F1800
G1 Z1.35 F600
G1 X114.08 Y106.547 F30000
G1 Z.95 F600
G1 E1 F1800
M204 S5000
;TYPE:Perimeter
;WIDTH:0.449999
G1 F3000
G1 X114.476 Y106.563 E.016
G1 X114.685 Y106.62 E.00875
G1 X115.001 Y106.777 E.01425
G1 X115.175 Y106.91 E.00884
G1 X115.407 Y107.175 E.01422
G1 X115.518 Y107.366 E.00892
G1 X115.657 Y107.816 E.01901
G1 X115.625 Y108.356 E.02184
G1 X115.4 Y108.843 E.02166
G1 X115.025 Y109.207 E.0211
G1 X114.834 Y109.318 E.00892
G1 X114.405 Y109.455 E.01818
G1 X113.93 Y109.437 E.01919
G1 X113.716 Y109.38 E.00894
G1 X113.399 Y109.223 E.01428
G1 X113.225 Y109.09 E.00884
G1 X112.993 Y108.825 E.01422
G1 X112.882 Y108.634 E.00892
G1 X112.747 Y108.216 E.01773
G1 X112.763 Y107.729 E.01967
G1 X112.856 Y107.442 E.01218
G1 X113.048 Y107.089 E.01622
G1 X113.441 Y106.742 E.02117
G1 X113.934 Y106.564 E.02116
G1 X114.02 Y106.554 E.0035
M204 S10000
G1 X114.148 Y106.922 F30000
M204 S3000
;TYPE:External perimeter
;WIDTH:0.419999
G1 F3000
G1 X114.515 Y106.962 E.01378
G1 X114.888 Y107.162 E.01579
G1 X115.157 Y107.488 E.01577
G1 X115.279 Y107.892 E.01575
G1 X115.238 Y108.314 E.01582
G1 X115.038 Y108.688 E.01583
G1 X114.711 Y108.957 E.0158
G1 X114.307 Y109.08 E.01576
G1 X113.885 Y109.038 E.01583
G1 X113.512 Y108.838 E.01579
G1 X113.243 Y108.511 E.0158
G1 X113.123 Y108.15 E.0142
G1 X113.162 Y107.685 E.01741
G1 X113.366 Y107.308 E.016
G1 X113.692 Y107.042 E.0157
G1 X114.089 Y106.928 E.01541
M204 S10000
G1 X114.306 Y106.588 F30000
G1 X115.193 Y106.524
;TYPE:Solid infill
;WIDTH:0.421952
G1 F9122.948
G1 X115.42 Y106.702 E.01082
;WIDTH:0.42003
G1 F9170.806
G1 X115.666 Y106.987 E.01405
G1 X115.826 Y107.272 E.0122
;WIDTH:0.42289
G1 F9099.773
G1 X115.978 Y107.778 E.01987
G1 X115.943 Y108.397 E.02332
;WIDTH:0.434114
G1 F8831.322
G1 X115.66 Y109.011 E.0262
G1 X115.561 Y109.152 E.00668
;WIDTH:0.42001
G1 F9171.307
G1 X115.144 Y109.517 E.02068
;WIDTH:0.419008
G1 F9196.459
G1 X114.488 Y109.762 E.02606
;WIDTH:0.420028
G1 F9170.856
G1 X113.92 Y109.759 E.0212
G1 X113.568 Y109.666 E.01359
;WIDTH:0.420688
G1 F9154.365
G1 X113.219 Y109.486 E.01468
;WIDTH:0.423214
G1 F9091.795
G1 X112.863 Y109.162 E.01812
G1 X111.113 Y108.656 F30000
;WIDTH:0.42003
G1 F9170.806
G1 X111.113 Y169.853 E2.28382
G1 X112.57 Y171.304 F30000
;WIDTH:0.428394
G1 F8966.121
G1 X112.822 Y170.871 E.01912
;WIDTH:0.420026
G1 F9170.906
G1 X113.071 Y170.622 E.01314
;WIDTH:0.419784
G1 F9176.968
G1 X113.388 Y170.414 E.01414
G1 X113.683 Y170.295 E.01186
;WIDTH:0.419438
G1 F9185.648
G1 X114.207 Y170.216 E.01974
;WIDTH:0.420846
G1 F9150.427
G1 X114.722 Y170.301 E.01952
;WIDTH:0.438302
G1 F8735.169
G1 X115.056 Y170.45 E.01433
G1 X115.498 Y170.693 E.01976
;WIDTH:0.420026
G1 F9170.906
G1 X115.831 Y171.266 E.02473
G1 X115.985 Y171.948 E.02609
G1 X115.907 Y172.509 E.02114
G1 X115.768 Y172.845 E.01357
G1 X115.556 Y173.156 E.01405
G1 X115.329 Y173.378 E.01185
;WIDTH:0.428484
G1 F8963.968
G1 X114.896 Y173.63 E.01913
G1 X116.347 Y175.087 F30000
;WIDTH:0.420028
G1 F9170.856
G1 X165.333 Y175.087 E1.82811
G1 X166.448 Y173.679 F30000
;TYPE:Internal infill
;WIDTH:0.45
G1 F8477.366
G1 X166.537 Y173.649 E.00379
G1 X166.946 Y173.384 E.01968
G1 X167.076 Y173.278 E.00677
G1 X167.184 Y173.146 E.00689
M73 P41 R10
G1 X167.454 Y172.728 E.02009
G1 X167.519 Y172.529 E.00845
G1 X167.572 Y172.218 E.01274
G1 X167.878 Y171.911 E.0175
G1 X167.976 Y171.976 E.00475
G1 X167.952 Y171.837 E.00569
G1 X168.505 Y171.284 E.03157
G1 X168.505 Y168.505 E.11219
G1 X111.495 Y111.495 E3.25495
G1 X111.495 Y108.716 E.11219
G1 X112.422 Y107.789 E.05293
G1 X112.401 Y108.12 E.01339
G1 X112.415 Y108.278 E.0064
G1 X112.483 Y108.49 E.00899
G1 X112.008 Y108.207 E.02232
G1 X112.23 Y108.904 E.02953
G1 X112.431 Y109.252 E.01622
G1 X112.73 Y109.591 E.01825
G1 X113.043 Y109.832 E.01595
G1 X113.449 Y110.033 E.01829
G1 X113.843 Y110.138 E.01646
G1 X114.505 Y110.158 E.02674
G1 X115.083 Y109.977 E.02445
G1 X115.332 Y109.859 E.01112
G1 X115.837 Y109.417 E.02709
G1 X115.924 Y109.32 E.00526
G1 X116.229 Y108.755 E.02592
G1 X168.505 Y161.032 E2.98469
G1 X168.505 Y163.81 E.11215
G1 X157.61 Y174.705 E.62204
G1 X159.758 Y174.705 E.08672
G1 X127.233 Y142.18 E1.857
G1 X127.17 Y142.458 E.01151
G1 X126.991 Y142.851 E.01743
G1 X126.759 Y143.182 E.01632
G1 X126.435 Y143.484 E.01788
G1 X126.069 Y143.716 E.01749
G1 X125.679 Y143.857 E.01674
G1 X125.274 Y143.932 E.01663
G1 X124.755 Y143.893 E.02101
G1 X124.471 Y143.834 E.01171
G1 X124.042 Y143.639 E.01902
G1 X123.7 Y143.402 E.0168
G1 X123.379 Y143.034 E.01971
G1 X123.171 Y142.702 E.01582
G1 X123.04 Y142.335 E.01573
G1 X122.99 Y142.062 E.0112
G1 X111.495 Y153.558 E.65633
G1 X111.495 Y156.336 E.11215
G1 X129.864 Y174.705 E1.04877
G1 X127.716 Y174.705 E.08672
G1 X161.007 Y141.414 E1.90073
G1 X160.971 Y141.924 E.02064
G1 X161.044 Y142.329 E.01661
G1 X161.191 Y142.731 E.01728
G1 X161.418 Y143.087 E.01705
G1 X161.704 Y143.401 E.01715
G1 X162.047 Y143.639 E.01685
G1 X162.475 Y143.834 E.01899
G1 X162.842 Y143.91 E.01513
G1 X163.294 Y143.929 E.01826
G1 X163.73 Y143.84 E.01797
G1 X164.108 Y143.7 E.01627
G1 X164.484 Y143.444 E.01836
G1 X164.743 Y143.203 E.01428
G1 X164.957 Y142.904 E.01484
G1 X165.085 Y142.664 E.01098
G1 X168.505 Y146.084 E.19526
G1 X168.505 Y148.863 E.11219
G1 X165.274 Y152.094 E.18447
G1 X165.289 Y152.182 E.0036
G1 X165.266 Y152.504 E.01303
G1 X165.179 Y152.957 E.01862
G1 X164.957 Y153.409 E.02033
G1 X164.743 Y153.708 E.01484
G1 X164.483 Y153.948 E.01429
G1 X164.108 Y154.204 E.01833
G1 X163.754 Y154.335 E.01524
G1 X163.254 Y154.438 E.02061
G1 X162.954 Y154.414 E.01215
G1 X142.663 Y174.705 E1.1585
G1 X144.811 Y174.705 E.08672
G1 X124.423 Y154.318 E1.16401
G1 X124.801 Y154.405 E.01566
G1 X125.177 Y154.439 E.01524
G1 X125.634 Y154.366 E.01868
G1 X111.495 Y168.505 E.80726
G1 X111.495 Y170.773 E.09156
G1 X111.128 Y170.407 E.02093
G1 X111.128 Y170.917 E.02059
G1 X112.429 Y172.218 E.07428
G1 X112.393 Y171.999 E.00896
G1 X112.44 Y171.718 E.0115
G1 X112.116 Y171.394 E.0185
G1 X112.284 Y170.988 E.01774
G1 X112.536 Y170.613 E.01824
G1 X112.813 Y170.336 E.01582
G1 X113.187 Y170.085 E.01818
G1 X113.548 Y169.933 E.01581
G1 X113.943 Y169.851 E.01629
G1 X114.168 Y169.828 E.00913
G1 X114.367 Y169.846 E.00807
G1 X114.934 Y169.953 E.02329
G1 X115.225 Y170.092 E.01302
G1 X115.661 Y170.391 E.02134
G1 X115.851 Y170.594 E.01123
G1 X116.192 Y171.122 E.02538
G1 X116.23 Y171.243 E.00512
G1 X168.505 Y118.968 E2.98461
G1 X168.505 Y116.19 E.11215
G1 X157.61 Y105.295 E.62204
G1 X159.758 Y105.295 E.08672
G1 X125.406 Y139.646 E1.96128
G1 X124.989 Y139.608 E.0169
G1 X124.719 Y139.666 E.01115
G1 X111.495 Y126.442 E.75502
G1 X111.495 Y123.664 E.11215
G1 X129.864 Y105.295 E1.04877
G1 X127.716 Y105.295 E.08672
G1 X162.229 Y139.809 E1.97053
G1 X162.772 Y139.649 E.02285
G1 X168.505 Y133.916 E.32732
G1 X168.505 Y131.137 E.11219
G1 X142.663 Y105.295 E1.47543
G1 X144.811 Y105.295 E.08672
G1 X111.495 Y138.611 E1.90216
G1 X111.495 Y141.389 E.11215
G1 X123.099 Y152.994 E.66255
G1 X123.039 Y152.831 E.00701
G1 X122.962 Y152.424 E.01672
G1 X122.99 Y151.92 E.02038
G1 X123.054 Y151.622 E.01231
G1 X123.281 Y151.143 E.0214
G1 X123.45 Y150.892 E.01222
G1 X123.863 Y150.519 E.02247
G1 X124.109 Y150.359 E.01185
G1 X124.512 Y150.225 E.01715
G1 X124.961 Y150.113 E.01868
G1 X125.32 Y150.134 E.01452
G1 X125.796 Y150.22 E.01953
G1 X126.205 Y150.411 E.01822
G1 X126.552 Y150.655 E.01713
G1 X126.832 Y150.962 E.01677
G1 X127.06 Y151.321 E.01717
G1 X127.206 Y151.721 E.01719
G1 X127.279 Y152.122 E.01646
G1 X127.261 Y152.558 E.01762
G1 X127.207 Y152.793 E.00973
G1 X168.505 Y111.495 E2.35788
G1 X168.505 Y109.172 E.09378
G1 X168.872 Y109.538 E.02093
G1 X168.872 Y109.083 E.01837
G1 X167.572 Y107.782 E.07425
G1 X167.608 Y108 E.00892
G1 X167.569 Y108.235 E.00962
G1 X167.901 Y108.568 E.01898
G1 X167.716 Y109.012 E.01942
G1 X167.464 Y109.387 E.01824
G1 X167.187 Y109.664 E.01582
G1 X166.81 Y109.917 E.01833
G1 X166.43 Y110.074 E.0166
G1 X165.781 Y110.179 E.02654
G1 X165.186 Y110.076 E.02438
G1 X164.924 Y109.992 E.01111
G1 X164.438 Y109.681 E.02329
G1 X164.263 Y109.537 E.00915
G1 X164.118 Y109.362 E.00918
G1 X163.807 Y108.874 E.02336
G1 X163.769 Y108.757 E.00497
G1 X111.495 Y161.032 E2.98458
G1 X111.495 Y163.81 E.11215
G1 X122.39 Y174.705 E.62204
G1 X120.242 Y174.705 E.08672
G1 X168.505 Y126.442 E2.75555
G1 X168.505 Y123.664 E.11215
G1 X150.136 Y105.295 E1.04877
G1 X152.284 Y105.295 E.08672
G1 X111.495 Y146.084 E2.32882
G1 X111.495 Y148.863 E.11219
G1 X137.337 Y174.705 E1.47543
G1 X135.189 Y174.705 E.08672
G1 X168.505 Y141.389 E1.90216
G1 X168.505 Y138.611 E.11215
G1 X135.189 Y105.295 E1.90216
G1 X137.337 Y105.295 E.08672
G1 X111.495 Y131.137 E1.47543
G1 X111.495 Y133.916 E.11219
G1 X152.284 Y174.705 E2.32882
G1 X150.136 Y174.705 E.08672
G1 X168.505 Y156.336 E1.04877
M73 P42 R9
G1 X168.505 Y153.558 E.11215
G1 X120.242 Y105.295 E2.75555
G1 X122.39 Y105.295 E.08672
G1 X111.495 Y116.19 E.62204
G1 X111.495 Y118.968 E.11215
G1 X163.769 Y171.243 E2.98458
G1 X163.808 Y171.122 E.00513
G1 X164.2 Y170.529 E.0287
G1 X164.419 Y170.333 E.01187
G1 X164.869 Y170.036 E.02177
G1 X165.161 Y169.93 E.01254
G1 X165.549 Y169.851 E.01599
G1 X167.32 Y171.083 F30000
;TYPE:Solid infill
;WIDTH:0.420028
G1 F9170.856
G1 X167.156 Y170.844 E.01082
G1 X166.928 Y170.622 E.01188
G1 X166.611 Y170.414 E.01415
;WIDTH:0.419642
G1 F9180.528
G1 X166.283 Y170.288 E.0131
G1 X165.777 Y170.216 E.01905
G1 X165.283 Y170.295 E.01865
G1 X165.003 Y170.404 E.0112
;WIDTH:0.419476
G1 F9184.694
G1 X164.527 Y170.752 E.02197
;WIDTH:0.420026
G1 F9170.906
G1 X164.169 Y171.267 E.02341
;WIDTH:0.420144
G1 F9167.954
G1 X164.014 Y171.949 E.02611
G1 X164.092 Y172.505 E.02096
;WIDTH:0.420032
G1 F9170.756
G1 X164.231 Y172.844 E.01367
G1 X164.444 Y173.156 E.0141
G1 X164.673 Y173.379 E.01193
;WIDTH:0.422372
G1 F9112.557
G1 X164.936 Y173.555 E.01189
G1 X162.706 Y174.705 F30000
;TYPE:Internal infill
;WIDTH:0.45
G1 F8477.366
G1 X165.084 Y174.705 E.096
G1 X165.637 Y174.152 E.03157
G1 X165.816 Y174.183 E.00733
G1 X165.732 Y174.057 E.00611
G1 X166.018 Y173.772 E.0163
G1 X166.257 Y173.731 E.00979
G1 X167.494 Y174.968 E.07063
G1 X167.898 Y174.797 E.01771
G1 X168.292 Y174.491 E.02014
G1 X168.596 Y174.093 E.02022
G1 X168.806 Y173.595 E.02182
G1 X168.852 Y173.367 E.00939
G1 X168.863 Y173.2 E.00676
;WIPE_START
G1 F24000
G1 X168.852 Y173.367 E-.01192
G1 X168.806 Y173.595 E-.01657
G1 X168.596 Y174.093 E-.03851
G1 X168.292 Y174.491 E-.03568
G1 X167.898 Y174.797 E-.03554
G1 X167.494 Y174.968 E-.03126
G1 X166.257 Y173.731 E-.12464
G1 X166.018 Y173.772 E-.01728
G1 X165.732 Y174.057 E-.02877
G1 X165.816 Y174.183 E-.01079
G1 X165.637 Y174.152 E-.01294
G1 X165.084 Y174.705 E-.05572
G1 X162.706 Y174.705 E-.16943
;WIPE_END
G1 E-.41095 F1800
G1 Z1.35 F600
G1 X163.038 Y150.505 F30000
G1 Z.95 F600
G1 E1 F1800
;TYPE:Solid infill
;WIDTH:0.411478
G1 F9389.986
G1 X162.43 Y150.649 E.02277
G1 X162.056 Y150.87 E.01583
;WIDTH:0.412778
G1 F9355.996
G1 X161.685 Y151.24 E.01917
G1 X161.429 Y151.761 E.02123
;WIDTH:0.403848
G1 F9594.572
G1 X161.352 Y152.277 E.01861
;WIDTH:0.430262
G1 F8921.649
G1 X161.419 Y152.732 E.01764
G1 X161.532 Y153.054 E.01309
;WIDTH:0.420032
G1 F9170.756
G1 X161.779 Y153.429 E.01676
;WIDTH:0.407518
G1 F9495.066
G1 X162.057 Y153.695 E.01387
;WIDTH:0.401226
G1 F9666.951
G1 X162.463 Y153.925 E.01652
;WIDTH:0.402224
G1 F9639.273
G1 X162.974 Y154.042 E.01861
;WIDTH:0.402994
G1 F9618.027
G1 X163.322 Y154.043 E.01238
G1 X163.821 Y153.912 E.01836
;WIDTH:0.399016
G1 F9728.809
G1 X164.157 Y153.711 E.01377
;WIDTH:0.397934
G1 F9759.385
G1 X164.537 Y153.358 E.01819
;WIDTH:0.422554
G1 F9108.061
G1 X164.629 Y153.21 E.00655
G1 X164.83 Y152.79 E.0175
;WIDTH:0.419894
G1 F9174.212
G1 X164.906 Y152.248 E.02042
;WIDTH:0.406944
G1 F9510.493
G1 X164.816 Y151.735 E.01874
G1 X164.652 Y151.364 E.0146
;WIDTH:0.415894
G1 F9275.516
G1 X164.345 Y150.978 E.0182
G1 X163.932 Y150.7 E.01837
;WIDTH:0.40025
G1 F9694.172
G1 X163.587 Y150.562 E.01312
;WIDTH:0.400598
G1 F9684.463
G1 X163.22 Y150.524 E.01304
;WIPE_START
G1 F24000
G1 X163.587 Y150.562 E-.02629
G1 X163.932 Y150.7 E-.02647
G1 X164.345 Y150.978 E-.03547
G1 X164.652 Y151.364 E-.03514
G1 X164.816 Y151.735 E-.0289
G1 X164.906 Y152.248 E-.03711
G1 X164.83 Y152.79 E-.039
G1 X164.629 Y153.21 E-.03318
G1 X164.537 Y153.358 E-.01242
G1 X164.157 Y153.711 E-.03695
G1 X163.821 Y153.912 E-.0279
G1 X163.322 Y154.043 E-.03676
G1 X162.974 Y154.042 E-.0248
G1 X162.463 Y153.925 E-.03735
G1 X162.057 Y153.695 E-.03325
G1 X161.779 Y153.429 E-.02741
G1 X161.532 Y153.054 E-.03199
G1 X161.419 Y152.732 E-.02431
G1 X161.352 Y152.277 E-.03277
G1 X161.429 Y151.761 E-.03717
G1 X161.685 Y151.24 E-.04136
G1 X162.056 Y150.87 E-.03733
G1 X162.43 Y150.649 E-.03095
G1 X163.038 Y150.505 E-.04452
;WIPE_END
G1 E-.2212 F1800
G1 Z1.35 F600
G1 X163.05 Y140.002 F30000
G1 Z.95 F600
G1 E1 F1800
;WIDTH:0.4121
G1 F9373.692
G1 X162.428 Y140.137 E.02324
G1 X161.977 Y140.421 E.01946
;WIDTH:0.408602
G1 F9466.068
G1 X161.644 Y140.801 E.01827
G1 X161.421 Y141.274 E.01891
;WIDTH:0.403612
G1 F9601.043
G1 X161.35 Y141.779 E.01818
;WIDTH:0.409866
G1 F9432.479
G1 X161.429 Y142.286 E.01862
G1 X161.593 Y142.669 E.01512
;WIDTH:0.406234
G1 F9529.644
G1 X161.91 Y143.071 E.01839
;WIDTH:0.406364
G1 F9526.132
G1 X162.323 Y143.353 E.01797
G1 X162.701 Y143.499 E.01456
;WIDTH:0.409588
G1 F9439.847
G1 X163.22 Y143.55 E.01891
G1 X163.746 Y143.437 E.01951
;WIDTH:0.39948
G1 F9715.756
G1 X164.159 Y143.204 E.0167
;WIDTH:0.39784
G1 F9762.05
G1 X164.538 Y142.853 E.01811
;WIDTH:0.422316
G1 F9113.941
G1 X164.629 Y142.706 E.00649
G1 X164.83 Y142.285 E.01752
;WIDTH:0.420498
G1 F9159.107
G1 X164.906 Y141.744 E.02041
;WIDTH:0.40685
G1 F9513.024
G1 X164.816 Y141.232 E.0187
G1 X164.653 Y140.862 E.01455
;WIDTH:0.41649
G1 F9260.28
G1 X164.347 Y140.475 E.01823
G1 X163.933 Y140.194 E.01849
;WIDTH:0.404366
G1 F9580.401
G1 X163.557 Y140.051 E.01437
;WIDTH:0.400555
G1 F9685.651
G1 X163.232 Y140.02 E.01154
G1 X168.887 Y110.093 F30000
;WIDTH:0.42003
G1 F9170.806
G1 X168.887 Y171.503 E2.29177
G1 X125.033 Y150.505 F30000
;WIDTH:0.411476
G1 F9390.039
G1 X124.425 Y150.649 E.02277
;WIDTH:0.418918
G1 F9198.726
G1 X124.083 Y150.834 E.01447
G1 X123.711 Y151.187 E.01908
;WIDTH:0.417646
G1 F9230.871
G1 X123.434 Y151.722 E.02234
;WIDTH:0.406238
G1 F9529.536
G1 X123.347 Y152.319 E.02167
;WIDTH:0.429966
G1 F8928.666
G1 X123.412 Y152.727 E.01584
G1 X123.534 Y153.066 E.01381
;WIDTH:0.422636
G1 F9106.036
G1 X123.851 Y153.511 E.02053
;WIDTH:0.431448
G1 F8893.642
G1 X124.001 Y153.65 E.00787
G1 X124.439 Y153.92 E.0198
;WIDTH:0.406662
G1 F9518.09
G1 X124.944 Y154.04 E.01866
G1 X125.382 Y154.03 E.01575
;WIDTH:0.416982
G1 F9247.74
G1 X125.866 Y153.893 E.01862
G1 X126.275 Y153.626 E.01808
;WIDTH:0.417364
G1 F9238.027
G1 X126.463 Y153.446 E.00964
G1 X126.755 Y152.976 E.0205
;WIDTH:0.410854
G1 F9406.39
G1 X126.888 Y152.458 E.01946
G1 X126.884 Y152.038 E.01528
;WIDTH:0.404504
G1 F9576.633
G1 X126.748 Y151.556 E.0179
;WIDTH:0.408406
G1 F9471.299
G1 X126.48 Y151.134 E.01806
;WIDTH:0.420042
G1 F9170.506
G1 X126.298 Y150.943 E.00985
G1 X125.931 Y150.698 E.01647
;WIDTH:0.407786
G1 F9487.881
G1 X125.583 Y150.561 E.01349
;WIDTH:0.403724
G1 F9597.971
G1 X125.215 Y150.523 E.01319
;WIPE_START
G1 F24000
G1 X125.583 Y150.561 E-.02636
G1 X125.931 Y150.698 E-.02665
G1 X126.298 Y150.943 E-.03144
G1 X126.48 Y151.134 E-.0188
G1 X126.748 Y151.556 E-.03562
G1 X126.884 Y152.038 E-.03568
G1 X126.888 Y152.458 E-.02993
G1 X126.755 Y152.976 E-.0381
G1 X126.463 Y153.446 E-.03942
G1 X126.275 Y153.626 E-.01854
G1 X125.866 Y153.893 E-.0348
G1 X125.382 Y154.03 E-.03584
G1 X124.944 Y154.04 E-.03122
G1 X124.439 Y153.92 E-.03698
G1 X124.001 Y153.65 E-.03666
G1 X123.851 Y153.511 E-.01457
G1 X123.534 Y153.066 E-.03893
G1 X123.412 Y152.727 E-.02567
G1 X123.347 Y152.319 E-.02944
G1 X123.434 Y151.722 E-.04299
G1 X123.711 Y151.187 E-.04293
G1 X124.083 Y150.834 E-.03654
G1 X124.425 Y150.649 E-.0277
G1 X125.033 Y150.505 E-.04452
;WIPE_END
G1 E-.22067 F1800
G1 Z1.35 F600
G1 X124.959 Y139.999 F30000
G1 Z.95 F600
G1 E1 F1800
;WIDTH:0.414284
G1 F9316.925
G1 X124.443 Y140.129 E.01955
;WIDTH:0.419572
G1 F9182.285
G1 X124.011 Y140.401 E.01903
;WIDTH:0.422988
G1 F9097.358
G1 X123.75 Y140.645 E.01344
G1 X123.442 Y141.203 E.02398
;WIDTH:0.429572
G1 F8938.025
G1 X123.368 Y141.554 E.01374
G1 X123.351 Y141.914 E.0138
;WIDTH:0.420128
G1 F9168.354
G1 X123.468 Y142.426 E.01961
;WIDTH:0.40769
G1 F9490.453
G1 X123.752 Y142.894 E.01974
;WIDTH:0.404786
G1 F9568.942
G1 X124.036 Y143.18 E.01442
G1 X124.48 Y143.429 E.01821
;WIDTH:0.402316
G1 F9636.729
G1 X124.982 Y143.531 E.01819
;WIDTH:0.40613
G1 F9532.456
G1 X125.344 Y143.539 E.013
G1 X125.84 Y143.401 E.01848
;WIDTH:0.406968
G1 F9509.846
G1 X126.269 Y143.127 E.01832
;WIDTH:0.41716
G1 F9243.212
G1 X126.471 Y142.932 E.0104
G1 X126.762 Y142.458 E.02059
;WIDTH:0.410454
G1 F9416.934
G1 X126.888 Y141.953 E.01892
G1 X126.883 Y141.529 E.01541
;WIDTH:0.420036
G1 F9170.656
G1 X126.717 Y140.989 E.02108
G1 X126.368 Y140.504 E.0223
;WIDTH:0.406324
G1 F9527.212
G1 X125.939 Y140.196 E.01897
G1 X125.438 Y140.036 E.01889
;WIDTH:0.406429
G1 F9524.395
G1 X125.141 Y140.013 E.0107
G1 X117.294 Y105.295 F30000
;TYPE:Internal infill
;WIDTH:0.45
G1 F8477.366
G1 X114.916 Y105.295 E.096
G1 X114.002 Y106.209 E.05218
G1 X113.748 Y106.274 E.01058
G1 X112.506 Y105.032 E.07091
G1 X112.102 Y105.203 E.01771
G1 X111.708 Y105.509 E.02014
G1 X111.404 Y105.907 E.02022
G1 X111.194 Y106.405 E.02182
G1 X111.148 Y106.633 E.00939
G1 X111.137 Y106.8 E.00676
G1 X114.888 Y104.913 F30000
;TYPE:Solid infill
;WIDTH:0.41963
G1 F9180.83
G1 X163.721 Y104.919 E1.82042
G1 X163.224 Y105.295 F30000
;TYPE:Internal infill
;WIDTH:0.45
G1 F8477.366
G1 X164.628 Y105.295 E.05668
G1 X164.262 Y104.928 E.02093
G1 X164.717 Y104.928 E.01837
G1 X166.013 Y106.224 E.07399
G1 X166.258 Y106.268 E.01005
G1 X167.488 Y105.039 E.0702
G1 X167.673 Y105.09 E.00775
G1 X168.104 Y105.344 E.0202
G1 X168.456 Y105.698 E.02015
G1 X168.725 Y106.162 E.02165
G1 X168.8 Y106.377 E.00919
G1 X168.852 Y106.633 E.01055
G1 X168.862 Y106.794 E.00651
G1 X167.443 Y108.658 F30000
;TYPE:Solid infill
;WIDTH:0.433744
G1 F8839.919
G1 X167.368 Y108.845 E.0078
;WIDTH:0.42003
G1 F9170.806
G1 X167.156 Y109.156 E.01405
G1 X166.928 Y109.378 E.01188
G1 X166.612 Y109.586 E.01412
G1 X166.305 Y109.708 E.01233
;WIDTH:0.422538
G1 F9108.456
G1 X165.783 Y109.791 E.01986
;WIDTH:0.436946
G1 F8766.071
G1 X165.279 Y109.696 E.02002
G1 X165.068 Y109.631 E.00862
;WIDTH:0.420028
G1 F9170.856
G1 X164.645 Y109.354 E.01887
;WIDTH:0.42454
G1 F9059.29
G1 X164.424 Y109.128 E.01194
G1 X164.154 Y108.7 E.01912
;WIDTH:0.41722
G1 F9241.686
G1 X164.016 Y108.051 E.02457
;WIDTH:0.420032
G1 F9170.756
G1 X164.092 Y107.495 E.02094
G1 X164.231 Y107.156 E.01367
G1 X164.444 Y106.844 E.0141
G1 X164.671 Y106.622 E.01185
;WIDTH:0.420532
G1 F9158.258
G1 X164.998 Y106.41 E.01456
;WIDTH:0.431914
G1 F8882.685
G1 X165.141 Y106.356 E.00589
G1 X116.776 Y174.705 F30000
;TYPE:Internal infill
;WIDTH:0.45
G1 F8477.366
G1 X115.427 Y174.705 E.05446
G1 X115.793 Y175.072 E.02093
G1 X115.283 Y175.072 E.02059
G1 X113.982 Y173.772 E.07425
G1 X113.743 Y173.731 E.00979
G1 X112.512 Y174.961 E.07025
G1 X112.327 Y174.91 E.00775
G1 X111.896 Y174.656 E.0202
G1 X111.544 Y174.302 E.02015
G1 X111.275 Y173.838 E.02165
G1 X111.2 Y173.623 E.00919
G1 X111.148 Y173.367 E.01055
G1 X111.138 Y173.206 E.00651
;LAYER_CHANGE
;Z:1.2
;HEIGHT:0.25
G92 E0
;WIPE_START
G1 F24000
G1 X111.148 Y173.367 E-.01149
G1 X111.2 Y173.623 E-.01861
G1 X111.275 Y173.838 E-.01622
G1 X111.544 Y174.302 E-.03821
G1 X111.896 Y174.656 E-.03557
G1 X112.327 Y174.91 E-.03564
G1 X112.512 Y174.961 E-.01367
G1 X113.743 Y173.731 E-.12399
G1 X113.982 Y173.772 E-.01728
G1 X115.283 Y175.072 E-.13104
G1 X115.793 Y175.072 E-.03634
G1 X115.427 Y174.705 E-.03693
G1 X116.776 Y174.705 E-.09612
;WIPE_END
G1 E-.38889 F1800
G1 Z1.35 F600
G1 X168.674 Y105.455 F30000
G1 Z1.2 F600
G1 E1 F1800
M204 S5000
;TYPE:Perimeter
;WIDTH:0.449999
G1 F8477.377

G1 X168.798 Y105.616 E.0082
G1 X168.973 Y105.933 E.01462
G1 X169.152 Y106.416 E.0208
G1 X169.209 Y106.959 E.02204
G1 X169.209 Y172.304 E2.63809
G1 X169.206 Y173.112 E.03262
G1 X169.129 Y173.695 E.02374
G1 X168.89 Y174.263 E.02488
G1 X168.533 Y174.73 E.02373
G1 X168.193 Y174.995 E.0174
G1 X167.872 Y175.174 E.01484
G1 X167.396 Y175.352 E.02052
G1 X166.896 Y175.409 E.02032
G1 X113.543 Y175.409 E2.15396
G1 X112.792 Y175.388 E.03033
G1 X112.195 Y175.223 E.02501
G1 X111.688 Y174.924 E.02376
G1 X111.274 Y174.508 E.02369
G1 X111.024 Y174.077 E.02012
G1 X110.859 Y173.636 E.01901
G1 X110.791 Y173.077 E.02273
G1 X110.794 Y106.888 E2.67217
G1 X110.871 Y106.305 E.02374
G1 X111.11 Y105.737 E.02488
G1 X111.467 Y105.27 E.02373
G1 X111.807 Y105.006 E.01738
G1 X112.073 Y104.849 E.01247
G1 X112.604 Y104.648 E.02292
G1 X113.104 Y104.591 E.02032
G1 X166.966 Y104.603 E2.1745
G1 X167.52 Y104.677 E.02256
G1 X168.07 Y104.91 E.02411
G1 X168.533 Y105.27 E.02368
G1 X168.638 Y105.407 E.00697

M204 S10000
G1 X168.977 Y105.223 F30000
M204 S3000
;TYPE:External perimeter
;WIDTH:0.419999
G1 F9171.582

G1 X169.223 Y105.544 E.01509
G1 X169.437 Y106.053 E.0206
G1 X169.545 Y106.437 E.01489
G1 X169.59 Y106.959 E.01955
G1 X169.59 Y107.379 E.01567
G1 X169.59 Y171.884 E2.40707
G1 X169.59 Y172.304 E.01567
G1 X169.587 Y173.137 E.03108
G1 X169.495 Y173.808 E.02527
G1 X169.223 Y174.456 E.02622
G1 X168.806 Y175.001 E.02561
G1 X168.265 Y175.422 E.02558
G1 X168.021 Y175.525 E.00988
G1 X167.473 Y175.725 E.02177
G1 X166.909 Y175.79 E.02119
G1 X166.489 Y175.79 E.01567
G1 X113.963 Y175.79 E1.96006
G1 X113.543 Y175.79 E.01567
G1 X112.727 Y175.766 E.03046
G1 X112.045 Y175.577 E.02641
G1 X111.452 Y175.228 E.02568
G1 X110.969 Y174.742 E.02557
G1 X110.619 Y174.139 E.02602
G1 X110.462 Y173.597 E.02106
G1 X110.41 Y173.089 E.01906
G1 X110.41 Y172.669 E.01567
G1 X110.413 Y107.283 E2.43994
G1 X110.413 Y106.863 E.01567
G1 X110.505 Y106.192 E.02527
G1 X110.777 Y105.544 E.02622
G1 X111.194 Y104.999 E.02561
G1 X111.735 Y104.578 E.02558
G1 X111.99 Y104.471 E.01032
M73 P43 R9
G1 X112.526 Y104.275 E.0213
G1 X113.091 Y104.21 E.02122
G1 X113.511 Y104.21 E.01567
G1 X166.662 Y104.222 E1.98338
G1 X167.082 Y104.222 E.01567
G1 X167.625 Y104.307 E.02051
G1 X168.265 Y104.578 E.02594
G1 X168.806 Y104.999 E.02558
G1 X168.941 Y105.175 E.00828

M204 S10000
G1 X168.846 Y105.601 F30000
G1 X165.796 Y106.543
M204 S5000
;TYPE:Perimeter
;WIDTH:0.449999
G1 F3000
G1 X165.866 Y106.541 E.00283
G1 X166.423 Y106.672 E.0231
G1 X166.838 Y106.961 E.02042
G1 X167.148 Y107.415 E.02219
G1 X167.27 Y108 E.02413
G1 X167.189 Y108.457 E.01874
G1 X167.104 Y108.661 E.00892
G1 X166.908 Y108.954 E.01423
G1 X166.754 Y109.108 E.00879
G1 X166.46 Y109.305 E.01429
G1 X166.254 Y109.39 E.009
G1 X165.788 Y109.468 E.01907
G1 X165.277 Y109.372 E.02099
G1 X164.846 Y109.108 E.02041
G1 X164.692 Y108.954 E.00879
G1 X164.427 Y108.521 E.02049
G1 X164.332 Y108.011 E.02094
G1 X164.41 Y107.546 E.01904
G1 X164.495 Y107.34 E.009
G1 X164.692 Y107.046 E.01429
G1 X164.846 Y106.892 E.00879
G1 X165.139 Y106.696 E.01423
G1 X165.65 Y106.545 E.02151
G1 X165.736 Y106.544 E.00347
M204 S10000
G1 X165.8 Y106.917 F30000
M204 S3000
;TYPE:External perimeter
;WIDTH:0.419999
G1 F3000
G1 X166.248 Y107.012 E.01709
G1 X166.591 Y107.259 E.01577
G1 X166.815 Y107.618 E.01579
G1 X166.885 Y108.036 E.01582
G1 X166.788 Y108.448 E.01579
G1 X166.541 Y108.791 E.01577
G1 X166.181 Y109.016 E.01584
G1 X165.764 Y109.084 E.01577
G1 X165.352 Y108.988 E.01579
G1 X165.059 Y108.791 E.01318
G1 X164.79 Y108.403 E.01762
G1 X164.716 Y107.965 E.01658
G1 X164.812 Y107.552 E.01582
G1 X165.059 Y107.209 E.01577
G1 X165.416 Y106.985 E.01573
G1 X165.74 Y106.927 E.01228
M204 S10000
G1 X166.004 Y106.573 F30000
;WIPE_START
G1 F24000
G1 X166.248 Y107.012 E-.0367
G1 X166.591 Y107.259 E-.03012
G1 X166.815 Y107.618 E-.03015
G1 X166.885 Y108.036 E-.0302
G1 X166.788 Y108.448 E-.03016
G1 X166.541 Y108.791 E-.03012
G1 X166.181 Y109.016 E-.03025
G1 X165.764 Y109.084 E-.0301
G1 X165.352 Y108.988 E-.03014
G1 X165.059 Y108.791 E-.02516
G1 X164.79 Y108.403 E-.03364
G1 X164.716 Y107.965 E-.03165
G1 X164.812 Y107.552 E-.03021
G1 X165.059 Y107.209 E-.03012
G1 X165.416 Y106.985 E-.03003
G1 X165.74 Y106.927 E-.02345
;WIPE_END
G1 E-.5178 F1800
G1 Z1.6 F600
G1 X164.503 Y142.222 F30000
G1 Z1.2 F600
G1 E1 F1800
M204 S5000
;TYPE:Perimeter
;WIDTH:0.449999
G1 F3000
G1 X164.351 Y142.57 E.01533
G1 X164.216 Y142.746 E.00895
G1 X163.857 Y143.046 E.01889
G1 X163.372 Y143.218 E.02078
G1 X162.859 Y143.207 E.02072
G1 X162.644 Y143.15 E.00898
G1 X162.191 Y142.899 E.02091
G1 X161.86 Y142.511 E.02059
G1 X161.685 Y142.027 E.02078
G1 X161.692 Y141.504 E.02112
G1 X161.749 Y141.29 E.00894
G1 X161.992 Y140.846 E.02043
G1 X162.17 Y140.685 E.00969
G1 X162.476 Y140.464 E.01524
G1 X162.996 Y140.314 E.02185
G1 X163.505 Y140.355 E.02062
G1 X164.016 Y140.606 E.02298
G1 X164.397 Y141.038 E.02325
G1 X164.556 Y141.474 E.01874
G1 X164.585 Y141.692 E.00888
G1 X164.555 Y142.103 E.01664
G1 X164.527 Y142.167 E.00282
M204 S10000
G1 X164.139 Y142.132 F30000
M204 S3000
;TYPE:External perimeter
;WIDTH:0.419999
G1 F3000
G1 X163.965 Y142.459 E.01382
G1 X163.605 Y142.739 E.01702
G1 X163.233 Y142.851 E.0145
G1 X162.813 Y142.808 E.01575
G1 X162.441 Y142.609 E.01574
G1 X162.173 Y142.283 E.01575
G1 X162.051 Y141.879 E.01575
G1 X162.091 Y141.459 E.01574
G1 X162.291 Y141.086 E.01579
G1 X162.624 Y140.816 E.016
G1 X163.081 Y140.692 E.01767
G1 X163.441 Y140.736 E.01353
G1 X163.814 Y140.936 E.01579
G1 X164.082 Y141.264 E.01581
G1 X164.204 Y141.667 E.01571
G1 X164.164 Y142.078 E.01541
M204 S10000
G1 X164.39 Y142.405 F30000
;WIPE_START
G1 F24000
G1 X163.965 Y142.459 E-.03063
G1 X163.605 Y142.739 E-.03249
G1 X163.233 Y142.851 E-.02768
G1 X162.813 Y142.808 E-.03008
G1 X162.441 Y142.609 E-.03006
G1 X162.173 Y142.283 E-.03007
G1 X162.051 Y141.879 E-.03007
G1 X162.091 Y141.459 E-.03006
G1 X162.291 Y141.086 E-.03016
G1 X162.624 Y140.816 E-.03055
G1 X163.081 Y140.692 E-.03374
G1 X163.441 Y140.736 E-.02584
G1 X163.814 Y140.936 E-.03016
G1 X164.082 Y141.264 E-.03018
G1 X164.204 Y141.667 E-.03
G1 X164.164 Y142.078 E-.02942
;WIPE_END
G1 E-.51881 F1800
G1 Z1.6 F600
G1 X163.232 Y153.723 F30000
G1 Z1.2 F600
G1 E1 F1800
M204 S5000
;TYPE:Perimeter
;WIDTH:0.449999
G1 F3000
G1 X162.802 Y153.706 E.01737
G1 X162.329 Y153.5 E.02083
G1 X162.154 Y153.365 E.00892
G1 X161.841 Y152.98 E.02003
G1 X161.677 Y152.488 E.02094
G1 X161.696 Y151.97 E.02093
G1 X161.904 Y151.48 E.02149
G1 X162.039 Y151.304 E.00895
G1 X162.452 Y150.978 E.02124
G1 X162.951 Y150.826 E.02106
G1 X163.473 Y150.853 E.0211
G1 X164.016 Y151.11 E.02425
G1 X164.396 Y151.54 E.02317
G1 X164.556 Y151.977 E.01879
G1 X164.585 Y152.194 E.00884
G1 X164.555 Y152.608 E.01676
G1 X164.35 Y153.076 E.02063
G1 X164.215 Y153.251 E.00892
G1 X163.854 Y153.551 E.01895
G1 X163.346 Y153.727 E.0217
G1 X163.292 Y153.725 E.00218
M204 S10000
G1 X163.185 Y153.35 F30000
M204 S3000
;TYPE:External perimeter
;WIDTH:0.419999
G1 F3000
G1 X162.813 Y153.313 E.01395
G1 X162.441 Y153.114 E.01574
G1 X162.182 Y152.81 E.0149
G1 X162.051 Y152.383 E.01667
G1 X162.091 Y151.964 E.01571
G1 X162.29 Y151.591 E.01578
G1 X162.624 Y151.32 E.01605
G1 X163.081 Y151.196 E.01767
G1 X163.442 Y151.242 E.01358
G1 X163.814 Y151.441 E.01574
G1 X164.082 Y151.767 E.01575
G1 X164.204 Y152.17 E.01571
G1 X164.164 Y152.591 E.01578
G1 X163.964 Y152.964 E.01579
G1 X163.637 Y153.232 E.01578
G1 X163.244 Y153.351 E.01532
M204 S10000
G1 X163.027 Y153.689 F30000
G1 X165.324 Y170.622
M204 S5000
;TYPE:Perimeter
;WIDTH:0.449999
G1 F3000
G1 X165.747 Y170.534 E.01744
G1 X166.242 Y170.608 E.02021
G1 X166.46 Y170.695 E.00948
G1 X166.754 Y170.892 E.01429
G1 X166.908 Y171.046 E.00879
G1 X167.104 Y171.339 E.01423
G1 X167.189 Y171.543 E.00892
G1 X167.27 Y172 E.01874
G1 X167.148 Y172.585 E.02413
G1 X166.786 Y173.085 E.02492
G1 X166.391 Y173.345 E.01909
G1 X165.898 Y173.461 E.02045
G1 X165.689 Y173.459 E.00844
G1 X165.343 Y173.389 E.01425
G1 X165.139 Y173.304 E.00892
G1 X164.846 Y173.108 E.01423
G1 X164.692 Y172.954 E.00879
G1 X164.495 Y172.66 E.01429
G1 X164.41 Y172.454 E.009
G1 X164.332 Y171.989 E.01904
G1 X164.427 Y171.479 E.02094
G1 X164.692 Y171.046 E.02049
G1 X164.934 Y170.833 E.01302
G1 X165.265 Y170.634 E.01559
M204 S10000
G1 X165.416 Y170.985 F30000
M204 S3000
;TYPE:External perimeter
;WIDTH:0.419999
G1 F3000
G1 X165.799 Y170.918 E.01451
G1 X166.248 Y171.012 E.01712
G1 X166.591 Y171.259 E.01577
G1 X166.815 Y171.618 E.01579
G1 X166.885 Y172.036 E.01582
G1 X166.79 Y172.445 E.01567
G1 X166.541 Y172.791 E.01591
G1 X166.182 Y173.015 E.01579
G1 X165.764 Y173.085 E.01582
G1 X165.352 Y172.988 E.01579
G1 X165.009 Y172.741 E.01577
G1 X164.784 Y172.381 E.01584
G1 X164.716 Y171.965 E.01573
G1 X164.812 Y171.552 E.01582
G1 X165.059 Y171.209 E.01577
G1 X165.365 Y171.017 E.01348
M204 S10000
G1 X165.477 Y170.601 F30000
G1 X125.063 Y150.834
M204 S5000
;TYPE:Perimeter
;WIDTH:0.449999
G1 F3000
G1 X125.253 Y150.83 E.00767
G1 X125.605 Y150.9 E.01449
G1 X126.059 Y151.151 E.02094
G1 X126.389 Y151.539 E.02056
G1 X126.565 Y152.023 E.02079
G1 X126.558 Y152.546 E.02112
G1 X126.501 Y152.76 E.00894
G1 X126.259 Y153.204 E.02041
G1 X125.858 Y153.546 E.02128
G1 X125.388 Y153.717 E.02019
G1 X125.278 Y153.735 E.0045
G1 X124.756 Y153.697 E.02113
G1 X124.279 Y153.475 E.02124
G1 X123.916 Y153.099 E.0211
G1 X123.806 Y152.909 E.00886
G1 X123.664 Y152.394 E.02157
G1 X123.717 Y151.862 E.02158
G1 X123.954 Y151.391 E.02129
G1 X124.348 Y151.033 E.02149
G1 X124.897 Y150.838 E.02352
G1 X125.003 Y150.836 E.00428
M204 S10000
G1 X125.076 Y151.196 F30000
M204 S3000
;TYPE:External perimeter
;WIDTH:0.419999
G1 F3000
G1 X125.437 Y151.242 E.01358
G1 X125.809 Y151.441 E.01574
G1 X126.077 Y151.767 E.01575
G1 X126.199 Y152.17 E.01571
G1 X126.159 Y152.591 E.01578
G1 X125.959 Y152.964 E.01579
G1 X125.633 Y153.232 E.01575
G1 X125.253 Y153.355 E.0149
G1 X124.808 Y153.313 E.01668
G1 X124.436 Y153.114 E.01574
G1 X124.168 Y152.786 E.01581
G1 X124.045 Y152.382 E.01576
G1 X124.087 Y151.963 E.01571
G1 X124.285 Y151.591 E.01573
G1 X124.619 Y151.32 E.01605
G1 X125.018 Y151.212 E.01542
M204 S10000
G1 X125.235 Y150.869 F30000
G1 X126.571 Y141.621
M204 S5000
;TYPE:Perimeter
;WIDTH:0.449999
G1 F3000
G1 X126.58 Y141.692 E.00289
G1 X126.525 Y142.197 E.02051
G1 X126.288 Y142.664 E.02114
G1 X125.897 Y143.017 E.02127
G1 X125.423 Y143.202 E.02054
G1 X125.202 Y143.231 E.009
G1 X124.7 Y143.176 E.02039
G1 X124.211 Y142.921 E.02226
G1 X123.86 Y142.519 E.02155
G1 X123.675 Y142.002 E.02217
G1 X123.694 Y141.446 E.02246
G1 X123.9 Y140.974 E.02079
G1 X123.961 Y140.877 E.00463
G1 X124.342 Y140.533 E.02072
G1 X124.897 Y140.334 E.0238
G1 X125.111 Y140.312 E.00869
G1 X125.581 Y140.384 E.0192
G1 X126.036 Y140.625 E.02079
G1 X126.369 Y141.003 E.02034
G1 X126.551 Y141.474 E.02039
G1 X126.563 Y141.562 E.00359
M204 S10000
G1 X126.194 Y141.718 F30000
M204 S3000
;TYPE:External perimeter
;WIDTH:0.419999
G1 F3000
G1 X126.159 Y142.086 E.01379
G1 X125.96 Y142.459 E.01578
G1 X125.633 Y142.727 E.01578
G1 X125.228 Y142.851 E.01581
G1 X124.808 Y142.808 E.01575
G1 X124.436 Y142.609 E.01574
G1 X124.168 Y142.283 E.01575
G1 X124.045 Y141.879 E.01576
G1 X124.087 Y141.458 E.01579
G1 X124.262 Y141.111 E.0145
G1 X124.619 Y140.816 E.01728
G1 X125.077 Y140.692 E.01771
G1 X125.435 Y140.736 E.01346
G1 X125.809 Y140.936 E.01583
G1 X126.077 Y141.264 E.01581
G1 X126.197 Y141.659 E.01541
M204 S10000
G1 X126.529 Y141.874 F30000
G1 X113.196 Y170.942
M204 S5000
;TYPE:Perimeter
;WIDTH:0.449999
G1 F3000
G1 X113.539 Y170.696 E.01704
G1 X114.051 Y170.546 E.02154
G1 X114.265 Y170.542 E.00864
G1 X114.773 Y170.647 E.02094
G1 X115.208 Y170.933 E.02102
G1 X115.504 Y171.339 E.02028
G1 X115.589 Y171.543 E.00892
G1 X115.669 Y171.989 E.01829
G1 X115.589 Y172.457 E.01917
G1 X115.504 Y172.661 E.00892
G1 X115.308 Y172.954 E.01423
G1 X115.154 Y173.108 E.00879
G1 X114.861 Y173.304 E.01423
G1 X114.657 Y173.389 E.00892
G1 X114.2 Y173.47 E.01874
G1 X113.609 Y173.345 E.02439
G1 X113.161 Y173.037 E.02195
G1 X112.852 Y172.584 E.02214
G1 X112.74 Y172.097 E.02017
G1 X112.742 Y171.89 E.00836
G1 X112.81 Y171.544 E.01424
G1 X112.896 Y171.339 E.00897
G1 X113.092 Y171.046 E.01423
G1 X113.154 Y170.984 E.00354
M204 S10000
G1 X113.462 Y171.207 F30000
M204 S3000
;TYPE:External perimeter
;WIDTH:0.419999
G1 F3000
G1 X113.816 Y170.985 E.01559
G1 X114.199 Y170.918 E.01451
G1 X114.648 Y171.012 E.01712
G1 X114.991 Y171.259 E.01577
G1 X115.215 Y171.618 E.01579
G1 X115.285 Y172.036 E.01582
G1 X115.188 Y172.448 E.01579
G1 X114.941 Y172.791 E.01577
G1 X114.582 Y173.015 E.01579
G1 X114.164 Y173.085 E.01582
G1 X113.752 Y172.988 E.01579
G1 X113.409 Y172.741 E.01577
G1 X113.184 Y172.381 E.01584
G1 X113.116 Y172.031 E.0133
G1 X113.212 Y171.552 E.01823
G1 X113.426 Y171.254 E.01369
M204 S10000
G1 X113.367 Y170.818 F30000
;WIPE_START
G1 F24000
G1 X113.816 Y170.985 E-.03376
G1 X114.199 Y170.918 E-.0277
G1 X114.648 Y171.012 E-.03268
G1 X114.991 Y171.259 E-.03012
G1 X115.215 Y171.618 E-.03015
G1 X115.285 Y172.036 E-.0302
G1 X115.188 Y172.448 E-.03016
G1 X114.941 Y172.791 E-.03012
G1 X114.582 Y173.015 E-.03015
G1 X114.164 Y173.085 E-.0302
G1 X113.752 Y172.988 E-.03016
G1 X113.409 Y172.741 E-.03012
G1 X113.184 Y172.381 E-.03025
G1 X113.116 Y172.031 E-.0254
G1 X113.212 Y171.552 E-.03481
G1 X113.426 Y171.254 E-.02614
;WIPE_END
G1 E-.51788 F1800
G1 Z1.6 F600
G1 X114.049 Y106.554 F30000
G1 Z1.2 F600
G1 E1 F1800
M204 S5000
;TYPE:Perimeter
;WIDTH:0.449999
G1 F3000
G1 X114.114 Y106.536 E.00272
G1 X114.478 Y106.563 E.01474
G1 X114.685 Y106.62 E.00867
G1 X115.001 Y106.777 E.01425
G1 X115.175 Y106.91 E.00884
G1 X115.407 Y107.175 E.01422
G1 X115.518 Y107.366 E.00892
G1 X115.657 Y107.816 E.01901
G1 X115.625 Y108.356 E.02184
G1 X115.4 Y108.843 E.02166
G1 X115.025 Y109.207 E.0211
G1 X114.834 Y109.318 E.00892
G1 X114.405 Y109.455 E.01818
G1 X113.93 Y109.437 E.01919
G1 X113.716 Y109.38 E.00894
G1 X113.399 Y109.223 E.01428
G1 X113.225 Y109.09 E.00884
G1 X112.993 Y108.825 E.01422
G1 X112.882 Y108.634 E.00892
G1 X112.739 Y108.119 E.02158
G1 X112.763 Y107.729 E.01577
G1 X112.856 Y107.442 E.01218
G1 X112.977 Y107.199 E.01096
G1 X113.115 Y107.021 E.00909
G1 X113.54 Y106.691 E.02172
G1 X113.991 Y106.57 E.01885
M204 S10000
G1 X114.154 Y106.921 F30000
M204 S3000
;TYPE:External perimeter
;WIDTH:0.419999
G1 F3000
G1 X114.516 Y106.962 E.01359
G1 X114.888 Y107.162 E.01576
G1 X115.157 Y107.488 E.01577
G1 X115.279 Y107.892 E.01575
G1 X115.238 Y108.314 E.01582
G1 X115.038 Y108.688 E.01583
G1 X114.711 Y108.957 E.0158
G1 X114.307 Y109.08 E.01576
G1 X113.885 Y109.038 E.01583
G1 X113.512 Y108.838 E.01579
G1 X113.243 Y108.511 E.0158
G1 X113.12 Y108.107 E.01576
G1 X113.162 Y107.684 E.01586
G1 X113.318 Y107.368 E.01315
G1 X113.681 Y107.046 E.01811
G1 X114.095 Y106.928 E.01606
M204 S10000
G1 X114.307 Y106.591 F30000
G1 X113.559 Y106.332
;TYPE:Internal infill
;WIDTH:0.45
G1 F8477.366
G1 X113.31 Y106.428 E.01077
G1 X113.158 Y106.535 E.0075
G1 X112.79 Y106.871 E.02012
G1 X112.689 Y107.021 E.0073
G1 X112.512 Y107.378 E.01609
G1 X112.427 Y107.694 E.01321
G1 X112.422 Y107.789 E.00384
G1 X112.006 Y108.205 E.02375
G1 X111.476 Y107.889 E.02491
G1 X111.128 Y108.237 E.01987
G1 X111.128 Y106.935 E.05256
G1 X111.148 Y106.633 E.01222
G1 X111.194 Y106.405 E.00939
G1 X111.404 Y105.907 E.02182
G1 X111.708 Y105.509 E.02022
G1 X112.102 Y105.203 E.02014
G1 X112.506 Y105.032 E.01771
G1 X113.749 Y106.275 E.07097
G1 X114.002 Y106.209 E.01056
G1 X114.411 Y105.8 E.02335
G1 X114.13 Y105.235 E.02548
G1 X114.436 Y104.929 E.01747
G1 X113.123 Y104.93 E.05301
G1 X167.106 Y104.953 F30000
G1 F8477.366
G1 X164.729 Y104.94 E.09597
G1 X166.015 Y106.225 E.07339
G1 X166.258 Y106.268 E.00996
G1 X167.494 Y105.032 E.07057
G1 X167.898 Y105.203 E.01771
G1 X168.292 Y105.509 E.02014
G1 X168.596 Y105.907 E.02022
G1 X168.806 Y106.405 E.02182
G1 X168.852 Y106.633 E.00939
G1 X168.872 Y106.935 E.01222
G1 X168.872 Y109.083 E.08672
G1 X167.572 Y107.782 E.07425
G1 X167.608 Y108 E.00892
G1 X167.569 Y108.235 E.00962
G1 X168.872 Y109.538 E.07439
G1 X168.872 Y109.462 E.00307
;WIPE_START
G1 F24000
G1 X168.872 Y109.538 E-.00541
G1 X167.569 Y108.235 E-.13129
G1 X167.608 Y108 E-.01697
G1 X167.572 Y107.782 E-.01574
G1 X168.872 Y109.083 E-.13104
G1 X168.872 Y106.935 E-.15304
G1 X168.852 Y106.633 E-.02156
G1 X168.806 Y106.405 E-.01657
G1 X168.596 Y105.907 E-.03851
G1 X168.292 Y105.509 E-.03568
G1 X167.898 Y105.203 E-.03554
G1 X167.494 Y105.032 E-.03126
G1 X166.258 Y106.268 E-.12454
G1 X166.015 Y106.225 E-.01758
G1 X164.729 Y104.94 E-.12953
G1 X166.073 Y104.947 E-.09574
;WIPE_END
G1 Z1.6 F600
G1 X166.448 Y173.679 F30000
G1 Z1.2 F600
G1 E1 F1800
G1 F8477.366
G1 X166.537 Y173.649 E.00379
G1 X166.946 Y173.384 E.01968
G1 X167.076 Y173.278 E.00677
G1 X167.184 Y173.146 E.00689
G1 X167.454 Y172.728 E.02009
G1 X167.519 Y172.529 E.00845
G1 X167.572 Y172.218 E.01274
G1 X167.878 Y171.911 E.0175
G1 X168.387 Y172.248 E.02465
G1 X168.757 Y171.878 E.02112
G1 X168.872 Y171.884 E.00465
G1 X168.872 Y173.065 E.04768
G1 X168.852 Y173.367 E.01222
G1 X168.806 Y173.595 E.00939
G1 X168.596 Y174.093 E.02182
G1 X168.292 Y174.491 E.02022
G1 X167.898 Y174.797 E.02014
G1 X167.494 Y174.968 E.01771
G1 X166.257 Y173.731 E.07063
G1 X166.018 Y173.772 E.00979
G1 X165.732 Y174.057 E.0163
G1 X166.071 Y174.564 E.02462
G1 X165.703 Y174.932 E.02101
G1 X165.715 Y175.072 E.00567
G1 X166.822 Y175.072 E.04469
G1 X116.568 Y175.247 F30000
M204 S2000
;TYPE:Bridge infill
;WIDTH:0.401216
;HEIGHT:0.4
G1 F3000
G1 X114.97 Y173.649 E.11641
G1 X115.05 Y173.615 E.00448
G1 X115.364 Y173.405 E.01946
G1 X117.004 Y175.045 E.11947
G1 X117.642 Y175.045 E.03286
G1 X115.668 Y173.071 E.1438
G1 X115.815 Y172.85 E.01367
G1 X115.895 Y172.66 E.01062
G1 X118.28 Y175.045 E.17374
G1 X118.918 Y175.045 E.03286
G1 X115.824 Y171.951 E.22539
M204 S10000
;WIPE_START
G1 F24000
G1 X118.918 Y175.045 E-.31176
G1 X118.28 Y175.045 E-.04546
G1 X115.895 Y172.66 E-.24032
G1 X115.815 Y172.85 E-.01469
G1 X115.668 Y173.071 E-.01891
G1 X117.642 Y175.045 E-.19891
G1 X117.004 Y175.045 E-.04546
G1 X115.769 Y173.81 E-.12449
;WIPE_END
G1 Z1.6 F600
G1 X112.706 Y171.385 F30000
G1 Z1.2 F600
G1 E1 F1800
M204 S2000
G1 F3000
G1 X111.155 Y169.834 E.11299
G1 X111.155 Y169.196 E.03286
G1 X112.795 Y170.836 E.11947
G1 X113.03 Y170.599 E.01719
G1 X113.129 Y170.532 E.00616
G1 X111.155 Y168.558 E.1438
G1 X111.155 Y167.92 E.03286
G1 X113.54 Y170.304 E.17371
G1 X113.647 Y170.259 E.00598
G1 X114.054 Y170.181 E.02135
G1 X111.155 Y167.282 E.21119
G1 X111.155 Y166.644 E.03286
G1 X114.78 Y170.269 E.26408
G1 X115.054 Y170.387 E.01537
G1 X115.305 Y170.56 E.0157
G1 X115.635 Y170.586 E.01705
G1 X115.654 Y170.915 E.01698
G1 X115.882 Y171.269 E.02169
G1 X115.93 Y171.419 E.00811
G1 X119.556 Y175.045 E.26415
G1 X120.194 Y175.045 E.03286
G1 X111.155 Y166.006 E.65848
G1 X111.155 Y165.368 E.03286
G1 X120.832 Y175.045 E.70496
G1 X121.471 Y175.045 E.03292
G1 X111.155 Y164.729 E.75151
G1 X111.155 Y164.091 E.03286
G1 X122.109 Y175.045 E.79798
G1 X122.747 Y175.045 E.03286
G1 X111.155 Y163.453 E.84446
G1 X111.155 Y162.815 E.03286
G1 X123.385 Y175.045 E.89094
G1 X124.023 Y175.045 E.03286
G1 X111.155 Y162.177 E.93742
G1 X111.155 Y161.539 E.03286
G1 X124.661 Y175.045 E.98389
M73 P44 R9
G1 X125.299 Y175.045 E.03286
G1 X111.155 Y160.901 E1.03037
G1 X111.155 Y160.263 E.03286
G1 X125.937 Y175.045 E1.07685
G1 X126.576 Y175.045 E.03292
G1 X111.155 Y159.624 E1.1234
G1 X111.155 Y158.986 E.03286
G1 X127.214 Y175.045 E1.16988
G1 X127.852 Y175.045 E.03286
G1 X111.155 Y158.348 E1.21635
G1 X111.155 Y157.71 E.03286
G1 X128.49 Y175.045 E1.26283
G1 X129.128 Y175.045 E.03286
G1 X111.155 Y157.072 E1.30931
G1 X111.155 Y156.434 E.03286
G1 X129.766 Y175.045 E1.35579
G1 X130.404 Y175.045 E.03286
G1 X111.155 Y155.796 E1.40226
G1 X111.155 Y155.158 E.03286
G1 X131.042 Y175.045 E1.44874
G1 X131.68 Y175.045 E.03286
G1 X111.155 Y154.52 E1.49522
G1 X111.155 Y153.881 E.03292
G1 X132.319 Y175.045 E1.54177
G1 X132.957 Y175.045 E.03286
G1 X111.155 Y153.243 E1.58825
G1 X111.155 Y152.605 E.03286
G1 X133.595 Y175.045 E1.63472
G1 X134.233 Y175.045 E.03286
G1 X111.155 Y151.967 E1.6812
G1 X111.155 Y151.329 E.03286
G1 X134.871 Y175.045 E1.72768
G1 X135.509 Y175.045 E.03286
G1 X111.155 Y150.691 E1.77416
G1 X111.155 Y150.053 E.03286
G1 X136.147 Y175.045 E1.82063
G1 X136.785 Y175.045 E.03286
G1 X111.155 Y149.415 E1.86711
M73 P45 R9
G1 X111.155 Y148.777 E.03286
G1 X137.423 Y175.045 E1.91359
G1 X138.062 Y175.045 E.03292
G1 X111.155 Y148.138 E1.96014
G1 X111.155 Y147.5 E.03286
G1 X138.7 Y175.045 E2.00662
G1 X139.338 Y175.045 E.03286
G1 X111.155 Y146.862 E2.05309
G1 X111.155 Y146.224 E.03286
G1 X139.976 Y175.045 E2.09957
G1 X140.614 Y175.045 E.03286
G1 X111.155 Y145.586 E2.14605
G1 X111.155 Y144.948 E.03286
G1 X141.252 Y175.045 E2.19253
G1 X141.89 Y175.045 E.03286
G1 X111.155 Y144.31 E2.239
G1 X111.155 Y143.672 E.03286
G1 X142.528 Y175.045 E2.28548
G1 X143.167 Y175.045 E.03292
G1 X111.155 Y143.033 E2.33203
G1 X111.155 Y142.395 E.03286
G1 X143.805 Y175.045 E2.37851
G1 X144.443 Y175.045 E.03286
G1 X111.155 Y141.757 E2.42499
G1 X111.155 Y141.119 E.03286
G1 X145.081 Y175.045 E2.47146
M73 P46 R9
G1 X145.719 Y175.045 E.03286
G1 X124.732 Y154.058 E1.52887
G1 X124.485 Y153.985 E.01327
G1 X124.018 Y153.739 E.02719
G1 X123.879 Y153.609 E.0098
G1 X123.537 Y153.196 E.02762
G1 X123.343 Y152.669 E.02893
G1 X111.155 Y140.481 E.88788
G1 X111.155 Y139.843 E.03286
G1 X123.323 Y152.011 E.88642
G1 X123.371 Y151.746 E.01387
G1 X123.475 Y151.525 E.01258
G1 X111.155 Y139.205 E.8975
G1 X111.155 Y138.567 E.03286
G1 X123.706 Y151.118 E.91432
G1 X124.041 Y150.814 E.0233
G1 X111.155 Y137.929 E.93869
G1 X111.155 Y137.29 E.03292
G1 X124.457 Y150.592 E.96903
G1 X124.957 Y150.455 E.02671
G1 X110.953 Y136.45 E1.02021
M204 S10000
G1 X125.208 Y153.895 F30000
M204 S2000
G1 F3000
G1 X146.357 Y175.045 E1.54071
G1 X146.995 Y175.045 E.03286
G1 X125.883 Y153.933 E1.53798
G1 X126.042 Y153.861 E.00899
G1 X126.268 Y153.68 E.01492
G1 X147.633 Y175.045 E1.55641
G1 X148.271 Y175.045 E.03286
G1 X126.591 Y153.365 E1.57936
G1 X126.669 Y153.242 E.0075
G1 X126.806 Y152.941 E.01704
G1 X148.91 Y175.045 E1.61025
G1 X149.548 Y175.045 E.03286
G1 X126.732 Y152.229 E1.66211
M204 S10000
G1 X110.953 Y135.812 F30000
M204 S2000
G1 F3000
G1 X150.186 Y175.045 E2.85807
G1 X150.824 Y175.045 E.03286
M73 P47 R9
G1 X111.155 Y135.376 E2.88983
G1 X111.155 Y134.738 E.03286
G1 X151.462 Y175.045 E2.93631
G1 X152.1 Y175.045 E.03286
G1 X111.155 Y134.1 E2.98279
G1 X111.155 Y133.462 E.03286
G1 X152.738 Y175.045 E3.02927
G1 X153.376 Y175.045 E.03286
G1 X111.155 Y132.824 E3.07574
G1 X111.155 Y132.185 E.03292
G1 X154.014 Y175.045 E3.12226
G1 X154.653 Y175.045 E.03292
G1 X111.155 Y131.547 E3.16877
G1 X111.155 Y130.909 E.03286
G1 X155.291 Y175.045 E3.21525
G1 X155.929 Y175.045 E.03286
G1 X111.155 Y130.271 E3.26173
M73 P47 R8
G1 X111.155 Y129.633 E.03286
G1 X123.309 Y141.787 E.8854
M73 P48 R8
G1 X123.325 Y141.472 E.01625
G1 X123.355 Y141.291 E.00945
G1 X123.385 Y141.225 E.00373
G1 X111.155 Y128.995 E.89094
G1 X111.155 Y128.357 E.03286
G1 X123.588 Y140.789 E.90569
G1 X123.673 Y140.653 E.00826
G1 X123.886 Y140.45 E.01516
G1 X111.155 Y127.719 E.92744
G1 X111.155 Y127.081 E.03286
G1 X124.245 Y140.171 E.95359
G1 X124.397 Y140.104 E.00856
G1 X124.728 Y140.015 E.01766
G1 X110.953 Y126.24 E1.00349
M204 S10000
G1 X124.881 Y143.359 F30000
M204 S2000
G1 F3000
G1 X156.567 Y175.045 E2.30828
G1 X157.205 Y175.045 E.03286
G1 X125.662 Y143.502 E2.29786
G1 X126.002 Y143.379 E.01862
G1 X126.106 Y143.308 E.00649
G1 X157.843 Y175.045 E2.312
G1 X158.481 Y175.045 E.03286
G1 X126.446 Y143.01 E2.33371
G1 X126.575 Y142.889 E.00911
G1 X126.714 Y142.64 E.01469
G1 X159.119 Y175.045 E2.36066
G1 X159.758 Y175.045 E.03292
G1 X126.72 Y142.008 E2.40674
M204 S10000
G1 X110.953 Y125.602 F30000
M204 S2000
G1 F3000
G1 X125.319 Y139.969 E1.04658
G1 X125.615 Y140.008 E.01538
G1 X126.089 Y140.227 E.0269
G1 X126.272 Y140.347 E.01127
M73 P49 R8
G1 X126.623 Y140.734 E.02691
G1 X126.722 Y140.881 E.00913
G1 X126.898 Y141.364 E.02648
G1 X126.939 Y141.589 E.01178
G1 X160.396 Y175.045 E2.43726
G1 X161.034 Y175.045 E.03286
G1 X111.155 Y125.166 E3.63362
G1 X111.155 Y124.528 E.03286
G1 X161.672 Y175.045 E3.68009
G1 X162.31 Y175.045 E.03286
G1 X111.155 Y123.89 E3.72657
G1 X111.155 Y123.252 E.03286
G1 X162.948 Y175.045 E3.77305
G1 X163.586 Y175.045 E.03286
G1 X111.155 Y122.614 E3.81953
G1 X111.155 Y121.976 E.03286
G1 X164.224 Y175.045 E3.866
G1 X164.862 Y175.045 E.03286
G1 X111.155 Y121.338 E3.91248
G1 X111.155 Y120.699 E.03292
G1 X165.268 Y174.812 E3.94206
G1 X165.265 Y174.772 E.00207
G1 X165.526 Y174.51 E.01905
M73 P50 R8
G1 X165.369 Y174.275 E.01456
G1 X111.155 Y120.061 E3.94942
G1 X111.155 Y119.423 E.03286
G1 X164.014 Y172.282 E3.85071
G1 X163.966 Y171.985 E.0155
G1 X164.023 Y171.653 E.01735
G1 X111.155 Y118.785 E3.85136
G1 X111.155 Y118.147 E.03286
G1 X164.181 Y171.173 E3.86287
G1 X164.435 Y170.789 E.02372
G1 X111.155 Y117.509 E3.88138
G1 X111.155 Y116.871 E.03286
G1 X164.784 Y170.499 E3.90676
G1 X165.021 Y170.341 E.01467
G1 X165.199 Y170.277 E.00974
G1 X111.155 Y116.233 E3.93703
G1 X111.155 Y115.594 E.03292
M73 P51 R8
G1 X165.731 Y170.17 E3.97579
G1 X165.918 Y170.182 E.00965
G1 X166.322 Y170.252 E.02112
G1 X166.538 Y170.339 E.012
G1 X111.155 Y114.956 E4.03458
G1 X111.155 Y114.318 E.03286
G1 X168.437 Y171.6 E4.17292
G1 X168.592 Y171.445 E.01129
G1 X168.845 Y171.459 E.01305
G1 X168.845 Y171.37 E.00458
G1 X111.155 Y113.68 E4.20264
G1 X111.155 Y113.042 E.03286
G1 X168.845 Y170.732 E4.20264
G1 X168.845 Y170.094 E.03286
G1 X111.155 Y112.404 E4.20264
G1 X111.155 Y111.766 E.03286
G1 X168.845 Y169.456 E4.20264
M73 P52 R8
G1 X168.845 Y168.818 E.03286
G1 X111.155 Y111.128 E4.20264
G1 X111.155 Y110.49 E.03286
G1 X168.845 Y168.179 E4.2026
G1 X168.845 Y167.541 E.03286
G1 X111.155 Y109.851 E4.20264
G1 X111.155 Y109.213 E.03286
G1 X168.845 Y166.903 E4.20264
G1 X168.845 Y166.265 E.03286
G1 X111.253 Y108.674 E4.19546
G1 X111.297 Y108.666 E.0023
G1 X111.542 Y108.421 E.01785
M73 P53 R8
G1 X111.783 Y108.565 E.01446
G1 X168.845 Y165.627 E4.15689
G1 X168.845 Y164.989 E.03286
G1 X113.569 Y109.713 E4.02678
G1 X113.893 Y109.8 E.01728
G1 X114.307 Y109.812 E.02133
G1 X168.845 Y164.351 E3.97306
G1 X168.845 Y163.713 E.03286
G1 X114.832 Y109.7 E3.93477
G1 X115.147 Y109.571 E.01753
M73 P53 R7
G1 X115.252 Y109.482 E.00709
G1 X168.845 Y163.075 E3.90418
G1 X168.845 Y162.436 E.03292
G1 X115.591 Y109.182 E3.87948
G1 X115.675 Y109.089 E.00646
G1 X115.833 Y108.786 E.0176
G1 X168.845 Y161.798 E3.86185
G1 X168.845 Y161.16 E.03286
M73 P54 R7
G1 X115.99 Y108.305 E3.85041
G1 X116.021 Y107.773 E.02745
G1 X115.989 Y107.666 E.00575
G1 X168.845 Y160.522 E3.85049
G1 X168.845 Y159.884 E.03286
G1 X163.041 Y154.08 E.42281
G1 X163.293 Y154.1 E.01302
G1 X163.621 Y154.022 E.01737
G1 X168.845 Y159.246 E.38056
G1 X168.845 Y158.608 E.03286
G1 X164.076 Y153.838 E.34745
G1 X164.42 Y153.544 E.02331
G1 X168.845 Y157.97 E.32239
G1 X168.845 Y157.331 E.03292
G1 X164.694 Y153.18 E.30239
G1 X164.836 Y152.912 E.01562
G1 X164.892 Y152.741 E.00927
G1 X169.047 Y156.896 E.30269
M204 S10000
G1 X161.535 Y152.574 F30000
M204 S2000
G1 F3000
G1 X115.005 Y106.044 E3.38965
G1 X114.644 Y105.319 E.04172
G1 X114.781 Y105.182 E.00998
G1 X161.37 Y151.77 E3.39391
G1 X161.572 Y151.334 E.02475
G1 X115.193 Y104.956 E3.37861
G1 X115.831 Y104.956 E.03286
G1 X161.859 Y150.984 E3.35308
G1 X162.071 Y150.792 E.01473
G1 X162.21 Y150.697 E.00867
M73 P55 R7
G1 X116.469 Y104.956 E3.33217
G1 X117.108 Y104.956 E.03292
G1 X162.848 Y150.696 E3.3321
M204 S10000
G1 X169.047 Y156.258 F30000
M204 S2000
G1 F3000
G1 X164.95 Y152.16 E.2985
G1 X164.904 Y151.87 E.01513
G1 X164.712 Y151.356 E.02826
G1 X164.37 Y150.944 E.02758
G1 X164.23 Y150.814 E.00984
G1 X163.642 Y150.52 E.03386
G1 X163.451 Y150.482 E.01003
G1 X163.26 Y150.471 E.00986
G1 X117.746 Y104.956 E3.31567
G1 X118.384 Y104.956 E.03286
G1 X168.845 Y155.417 E3.67602
G1 X168.845 Y154.779 E.03286
G1 X119.022 Y104.956 E3.62954
G1 X119.661 Y104.957 E.03292
G1 X168.845 Y154.141 E3.58299
G1 X168.845 Y153.503 E.03286
G1 X120.299 Y104.957 E3.53651
G1 X120.937 Y104.957 E.03286
G1 X168.845 Y152.865 E3.49003
M73 P56 R7
G1 X168.845 Y152.227 E.03286
G1 X121.575 Y104.957 E3.44356
G1 X122.214 Y104.957 E.03292
G1 X168.845 Y151.588 E3.39701
G1 X168.845 Y150.95 E.03286
G1 X122.852 Y104.957 E3.35053
G1 X123.49 Y104.957 E.03286
G1 X168.845 Y150.312 E3.30405
G1 X168.845 Y149.674 E.03286
G1 X162.724 Y143.553 E.44591
G1 X162.654 Y143.542 E.00365
G1 X162.161 Y143.318 E.02789
G1 X161.98 Y143.2 E.01113
G1 X161.644 Y142.831 E.02571
G1 X161.529 Y142.666 E.01036
G1 X161.352 Y142.181 E.02659
M73 P57 R7
G1 X124.128 Y104.958 E2.71168
G1 X124.767 Y104.958 E.03292
G1 X161.328 Y141.519 E2.66342
G1 X161.363 Y141.28 E.01244
G1 X161.478 Y141.031 E.01413
G1 X125.405 Y104.958 E2.62787
G1 X126.043 Y104.958 E.03286
G1 X161.706 Y140.621 E2.598
G1 X162.04 Y140.317 E.02326
G1 X126.681 Y104.958 E2.57586
G1 X127.32 Y104.958 E.03292
G1 X162.452 Y140.091 E2.55935
G1 X162.952 Y139.952 E.02673
G1 X127.755 Y104.756 E2.56402
M204 S10000
G1 X163.191 Y143.382 F30000
M204 S2000
G1 F3000
G1 X168.845 Y149.036 E.41189
G1 X168.845 Y148.398 E.03286
G1 X163.872 Y143.425 E.36228
G1 X164.032 Y143.366 E.00878
G1 X164.267 Y143.182 E.01537
G1 X168.845 Y147.76 E.3335
G1 X168.845 Y147.122 E.03286
G1 X164.592 Y142.869 E.30983
G1 X164.813 Y142.451 E.02436
G1 X168.845 Y146.484 E.29376
G1 X168.845 Y145.845 E.03292
G1 X164.741 Y141.742 E.29893
M204 S10000
G1 X169.047 Y145.41 F30000
M204 S2000
G1 F3000
G1 X164.845 Y141.207 E.30615
G1 X164.713 Y140.854 E.01941
G1 X164.371 Y140.441 E.02762
G1 X164.232 Y140.311 E.0098
G1 X163.666 Y140.028 E.0326
G1 X128.596 Y104.959 E2.55477
G1 X129.234 Y104.959 E.03286
G1 X168.845 Y144.569 E2.88557
G1 X168.845 Y143.931 E.03286
G1 X129.873 Y104.959 E2.83906
G1 X130.511 Y104.959 E.03286
G1 X168.845 Y143.293 E2.79258
G1 X168.845 Y142.655 E.03286
G1 X131.149 Y104.959 E2.7461
M73 P58 R7
G1 X131.787 Y104.959 E.03286
G1 X168.845 Y142.017 E2.69962
G1 X168.845 Y141.379 E.03286
G1 X132.426 Y104.959 E2.65311
G1 X133.064 Y104.96 E.03286
G1 X168.845 Y140.74 E2.60656
G1 X168.845 Y140.102 E.03286
G1 X133.702 Y104.96 E2.56008
G1 X134.341 Y104.96 E.03292
G1 X168.845 Y139.464 E2.51357
G1 X168.845 Y138.826 E.03286
G1 X134.979 Y104.96 E2.46709
G1 X135.617 Y104.96 E.03286
G1 X168.845 Y138.188 E2.42061
G1 X168.845 Y137.55 E.03286
G1 X136.255 Y104.96 E2.37414
G1 X136.894 Y104.96 E.03292
G1 X168.845 Y136.912 E2.32762
M73 P59 R7
G1 X168.845 Y136.274 E.03286
G1 X137.532 Y104.961 E2.28111
G1 X138.17 Y104.961 E.03286
G1 X168.845 Y135.636 E2.23463
G1 X168.845 Y134.997 E.03292
G1 X138.808 Y104.961 E2.18812
G1 X139.447 Y104.961 E.03292
G1 X168.845 Y134.359 E2.1416
G1 X168.845 Y133.721 E.03286
G1 X140.085 Y104.961 E2.09513
M73 P59 R6
G1 X140.723 Y104.961 E.03286
G1 X168.845 Y133.083 E2.04865
G1 X168.845 Y132.445 E.03286
G1 X141.361 Y104.961 E2.00217
G1 X142 Y104.962 E.03292
G1 X168.845 Y131.807 E1.95562
G1 X168.845 Y131.169 E.03286
G1 X142.638 Y104.962 E1.90914
G1 X143.276 Y104.962 E.03286
G1 X168.845 Y130.531 E1.86267
G1 X168.845 Y129.892 E.03292
G1 X143.914 Y104.962 E1.81615
G1 X144.553 Y104.962 E.03292
G1 X168.845 Y129.254 E1.76964
M73 P60 R6
G1 X168.845 Y128.616 E.03286
G1 X145.191 Y104.962 E1.72316
G1 X145.829 Y104.962 E.03286
G1 X168.845 Y127.978 E1.67668
G1 X168.845 Y127.34 E.03286
G1 X146.467 Y104.963 E1.63017
G1 X147.106 Y104.963 E.03292
G1 X168.845 Y126.702 E1.58366
G1 X168.845 Y126.064 E.03286
G1 X147.744 Y104.963 E1.53718
G1 X148.382 Y104.963 E.03286
G1 X168.845 Y125.426 E1.4907
G1 X168.845 Y124.788 E.03286
G1 X149.02 Y104.963 E1.44422
G1 X149.659 Y104.963 E.03292
G1 X168.845 Y124.149 E1.39767
G1 X168.845 Y123.511 E.03286
G1 X150.297 Y104.963 E1.3512
G1 X150.935 Y104.963 E.03286
G1 X168.845 Y122.873 E1.30472
G1 X168.845 Y122.235 E.03286
G1 X151.573 Y104.964 E1.25821
G1 X152.212 Y104.964 E.03292
G1 X168.845 Y121.597 E1.21169
G1 X168.845 Y120.959 E.03286
G1 X152.85 Y104.964 E1.16521
G1 X153.488 Y104.964 E.03286
G1 X168.845 Y120.321 E1.11874
G1 X168.845 Y119.683 E.03286
G1 X154.127 Y104.964 E1.07222
G1 X154.765 Y104.964 E.03286
G1 X168.845 Y119.045 E1.02575
G1 X168.845 Y118.406 E.03292
M73 P61 R6
G1 X155.403 Y104.964 E.97923
G1 X156.041 Y104.965 E.03286
G1 X168.845 Y117.768 E.93272
G1 X168.845 Y117.13 E.03286
G1 X156.68 Y104.965 E.8862
G1 X157.318 Y104.965 E.03286
G1 X168.845 Y116.492 E.83973
G1 X168.845 Y115.854 E.03286
G1 X157.956 Y104.965 E.79325
G1 X158.594 Y104.965 E.03286
G1 X168.845 Y115.216 E.74677
G1 X168.845 Y114.578 E.03286
G1 X159.233 Y104.965 E.70026
G1 X159.871 Y104.965 E.03286
G1 X168.845 Y113.94 E.65378
G1 X168.845 Y113.301 E.03292
G1 X165.293 Y109.75 E.25872
G1 X165.07 Y109.683 E.01199
G1 X164.638 Y109.406 E.02643
G1 X164.504 Y109.296 E.00893
G1 X164.393 Y109.162 E.00896
G1 X164.117 Y108.729 E.02645
G1 X164.05 Y108.506 E.01199
G1 X160.509 Y104.966 E.25792
G1 X161.147 Y104.966 E.03286
G1 X163.998 Y107.816 E.20766
G1 X164.055 Y107.462 E.01847
G1 X164.121 Y107.302 E.00892
G1 X161.786 Y104.966 E.17014
G1 X162.424 Y104.966 E.03286
G1 X164.354 Y106.897 E.14063
G1 X164.399 Y106.83 E.00416
G1 X164.669 Y106.573 E.0192
G1 X163.062 Y104.966 E.11707
G1 X163.7 Y104.966 E.03286
G1 X165.223 Y106.489 E.11095
M204 S10000
;WIPE_START
G1 F24000
G1 X163.7 Y104.966 E-.15346
G1 X163.062 Y104.966 E-.04546
G1 X164.669 Y106.573 E-.16193
G1 X164.399 Y106.83 E-.02656
G1 X164.354 Y106.897 E-.00575
G1 X162.424 Y104.966 E-.19452
G1 X161.786 Y104.966 E-.04546
G1 X164.121 Y107.302 E-.23533
G1 X164.055 Y107.462 E-.01233
G1 X163.998 Y107.816 E-.02555
G1 X163.068 Y106.887 E-.09365
;WIPE_END
G1 Z1.6 F600
G1 X165.807 Y109.625 F30000
G1 Z1.2 F600
G1 E1 F1800
M204 S2000
G1 F3000
G1 X168.845 Y112.663 E.22131
G1 X168.845 Y112.025 E.03286
G1 X166.498 Y109.679 E.17094
G1 X166.649 Y109.616 E.00843
G1 X166.903 Y109.446 E.01574
G1 X168.845 Y111.387 E.14144
G1 X168.845 Y110.749 E.03286
G1 X167.227 Y109.131 E.11787
G1 X167.415 Y108.85 E.01742
G1 X167.465 Y108.731 E.00665
G1 X169.047 Y110.313 E.11525
M204 S10000
G1 X111.128 Y170.424 F30000
;TYPE:Internal infill
;WIDTH:0.45
;HEIGHT:0.25
G1 F8477.366
G1 X111.128 Y170.407 E.00069
G1 X112.44 Y171.718 E.07488
G1 X112.393 Y171.999 E.0115
G1 X112.429 Y172.218 E.00896
G1 X111.128 Y170.917 E.07428
G1 X111.128 Y173.065 E.08672
G1 X111.148 Y173.367 E.01222
G1 X111.2 Y173.623 E.01055
G1 X111.275 Y173.838 E.00919
G1 X111.544 Y174.302 E.02165
G1 X111.896 Y174.656 E.02015
G1 X112.327 Y174.91 E.0202
G1 X112.512 Y174.961 E.00775
G1 X113.743 Y173.731 E.07025
G1 X113.982 Y173.772 E.00979
G1 X115.283 Y175.072 E.07425
G1 X115.793 Y175.072 E.02059
G1 X114.469 Y173.763 E.07517
;LAYER_CHANGE
;Z:1.45
;HEIGHT:0.25
G92 E0
;WIPE_START
G1 F24000
G1 X115.793 Y175.072 E-.13266
G1 X115.283 Y175.072 E-.03634
G1 X113.982 Y173.772 E-.13104
G1 X113.743 Y173.731 E-.01728
G1 X112.512 Y174.961 E-.12399
G1 X112.327 Y174.91 E-.01367
G1 X111.896 Y174.656 E-.03564
G1 X111.544 Y174.302 E-.03557
G1 X111.275 Y173.838 E-.03821
G1 X111.2 Y173.623 E-.01622
G1 X111.148 Y173.367 E-.01861
G1 X111.128 Y173.065 E-.02156
G1 X111.128 Y170.917 E-.15304
G1 X112.429 Y172.218 E-.13109
G1 X112.393 Y171.999 E-.01581
G1 X112.44 Y171.718 E-.0203
G1 X111.855 Y171.133 E-.05897
;WIPE_END
G1 Z1.6 F600
G1 X168.612 Y105.373 F30000
G1 Z1.45 F600
G1 E1 F1800
M204 S5000
;TYPE:Perimeter
;WIDTH:0.449999
G1 F8477.377

G1 X168.798 Y105.616 E.01235
G1 X168.973 Y105.933 E.01462
G1 X169.152 Y106.416 E.0208
G1 X169.209 Y106.959 E.02204
G1 X169.209 Y172.304 E2.63809
G1 X169.206 Y173.112 E.03262
G1 X169.129 Y173.695 E.02374
G1 X168.89 Y174.263 E.02488
G1 X168.533 Y174.73 E.02373
G1 X168.193 Y174.995 E.0174
G1 X167.872 Y175.174 E.01484
G1 X167.396 Y175.352 E.02052
G1 X166.896 Y175.409 E.02032
G1 X113.543 Y175.409 E2.15396
G1 X112.792 Y175.388 E.03033
G1 X112.195 Y175.223 E.02501
G1 X111.688 Y174.924 E.02376
G1 X111.274 Y174.508 E.02369
G1 X111.024 Y174.077 E.02012
G1 X110.859 Y173.636 E.01901
G1 X110.791 Y173.077 E.02273
G1 X110.794 Y106.888 E2.67217
G1 X110.871 Y106.305 E.02374
G1 X111.11 Y105.737 E.02488
G1 X111.467 Y105.27 E.02373
G1 X111.807 Y105.006 E.01738
G1 X112.073 Y104.849 E.01247
G1 X112.604 Y104.648 E.02292
G1 X113.104 Y104.591 E.02032
G1 X167.005 Y104.6 E2.17608
G1 X167.521 Y104.678 E.02107
G1 X168.07 Y104.91 E.02406
G1 X168.533 Y105.27 E.02368
G1 X168.575 Y105.325 E.00279

M204 S10000
G1 X168.914 Y105.141 F30000
M204 S3000
;TYPE:External perimeter
;WIDTH:0.419999
G1 F9171.582

G1 X169.223 Y105.544 E.01895
G1 X169.437 Y106.053 E.0206
G1 X169.545 Y106.437 E.01489
G1 X169.59 Y106.959 E.01955
G1 X169.59 Y107.379 E.01567
G1 X169.59 Y171.884 E2.40707
G1 X169.59 Y172.304 E.01567
G1 X169.587 Y173.137 E.03108
G1 X169.495 Y173.808 E.02527
G1 X169.223 Y174.456 E.02622
G1 X168.806 Y175.001 E.02561
G1 X168.265 Y175.422 E.02558
G1 X168.021 Y175.525 E.00988
G1 X167.473 Y175.725 E.02177
G1 X166.909 Y175.79 E.02119
G1 X166.489 Y175.79 E.01567
G1 X113.963 Y175.79 E1.96006
G1 X113.543 Y175.79 E.01567
G1 X112.727 Y175.766 E.03046
G1 X112.045 Y175.577 E.02641
G1 X111.452 Y175.228 E.02568
G1 X110.969 Y174.742 E.02557
G1 X110.619 Y174.139 E.02602
G1 X110.462 Y173.597 E.02106
G1 X110.41 Y173.089 E.01906
G1 X110.413 Y106.863 E2.47129
G1 X110.505 Y106.192 E.02527
G1 X110.777 Y105.544 E.02622
G1 X111.194 Y104.999 E.02561
G1 X111.735 Y104.578 E.02558
G1 X111.99 Y104.471 E.01032
G1 X112.526 Y104.275 E.0213
G1 X113.091 Y104.21 E.02122
G1 X113.511 Y104.21 E.01567
G1 X166.614 Y104.219 E1.98159
G1 X167.033 Y104.219 E.01564
M73 P62 R6
G1 X167.626 Y104.308 E.02238
G1 X168.265 Y104.578 E.02589
G1 X168.806 Y104.999 E.02558
G1 X168.878 Y105.093 E.00442

M204 S10000
G1 X168.786 Y105.52 F30000
G1 X165.787 Y106.543
M204 S5000
;TYPE:Perimeter
;WIDTH:0.449999
G1 F3000
G1 X165.856 Y106.541 E.00279
G1 X166.41 Y106.665 E.02292
G1 X166.838 Y106.961 E.02101
G1 X167.148 Y107.415 E.02219
G1 X167.27 Y108 E.02413
G1 X167.189 Y108.457 E.01874
G1 X167.104 Y108.661 E.00892
G1 X166.908 Y108.954 E.01423
G1 X166.754 Y109.108 E.00879
G1 X166.461 Y109.304 E.01423
G1 X166.255 Y109.39 E.00901
G1 X165.789 Y109.468 E.01907
G1 X165.277 Y109.372 E.02103
G1 X164.846 Y109.108 E.02041
G1 X164.692 Y108.954 E.00879
G1 X164.427 Y108.521 E.02049
G1 X164.332 Y108.011 E.02094
G1 X164.41 Y107.546 E.01904
G1 X164.495 Y107.34 E.009
G1 X164.692 Y107.046 E.01429
G1 X164.846 Y106.892 E.00879
G1 X165.139 Y106.696 E.01423
G1 X165.641 Y106.546 E.02115
G1 X165.727 Y106.544 E.00347
M204 S10000
G1 X165.791 Y106.917 F30000
M204 S3000
;TYPE:External perimeter
;WIDTH:0.419999
G1 F3000
G1 X166.248 Y107.012 E.01742
G1 X166.591 Y107.259 E.01577
G1 X166.815 Y107.618 E.01579
G1 X166.885 Y108.036 E.01582
G1 X166.788 Y108.448 E.01579
G1 X166.541 Y108.791 E.01577
G1 X166.182 Y109.016 E.01581
G1 X165.765 Y109.084 E.01577
G1 X165.352 Y108.988 E.01582
G1 X165.009 Y108.741 E.01577
G1 X164.784 Y108.381 E.01584
G1 X164.716 Y107.965 E.01573
G1 X164.812 Y107.552 E.01582
G1 X165.059 Y107.209 E.01577
G1 X165.415 Y106.985 E.0157
G1 X165.732 Y106.928 E.01202
M204 S10000
G1 X165.995 Y106.573 F30000
;WIPE_START
G1 F24000
G1 X166.248 Y107.012 E-.03725
G1 X166.591 Y107.259 E-.03012
G1 X166.815 Y107.618 E-.03015
G1 X166.885 Y108.036 E-.0302
G1 X166.788 Y108.448 E-.03016
G1 X166.541 Y108.791 E-.03012
G1 X166.182 Y109.016 E-.03019
G1 X165.765 Y109.084 E-.0301
G1 X165.352 Y108.988 E-.03021
G1 X165.009 Y108.741 E-.03012
G1 X164.784 Y108.381 E-.03025
G1 X164.716 Y107.965 E-.03003
G1 X164.812 Y107.552 E-.03021
G1 X165.059 Y107.209 E-.03012
G1 X165.415 Y106.985 E-.02997
G1 X165.732 Y106.928 E-.02295
;WIPE_END
G1 E-.51785 F1800
G1 Z1.85 F600
G1 X164.503 Y142.221 F30000
G1 Z1.45 F600
G1 E1 F1800
M204 S5000
;TYPE:Perimeter
;WIDTH:0.449999
G1 F3000
G1 X164.351 Y142.57 E.01537
G1 X164.216 Y142.746 E.00895
G1 X163.857 Y143.046 E.01889
G1 X163.37 Y143.218 E.02085
G1 X162.856 Y143.207 E.02076
G1 X162.644 Y143.15 E.00886
G1 X162.191 Y142.899 E.02091
G1 X161.861 Y142.511 E.02056
G1 X161.685 Y142.027 E.02079
G1 X161.692 Y141.504 E.02112
G1 X161.749 Y141.29 E.00894
G1 X161.992 Y140.846 E.02043
G1 X162.43 Y140.484 E.02294
G1 X162.926 Y140.325 E.02103
G1 X163.407 Y140.338 E.01943
G1 X163.611 Y140.395 E.00855
G1 X164.016 Y140.606 E.01844
G1 X164.397 Y141.038 E.02325
G1 X164.556 Y141.474 E.01874
G1 X164.585 Y141.692 E.00888
G1 X164.555 Y142.103 E.01664
G1 X164.527 Y142.166 E.00278
M204 S10000
G1 X164.152 Y142.108 F30000
M204 S3000
;TYPE:External perimeter
;WIDTH:0.419999
G1 F3000
G1 X163.965 Y142.459 E.01484
G1 X163.605 Y142.739 E.01702
G1 X163.233 Y142.851 E.0145
G1 X162.813 Y142.808 E.01575
G1 X162.441 Y142.609 E.01574
G1 X162.173 Y142.283 E.01575
G1 X162.051 Y141.88 E.01571
G1 X162.091 Y141.459 E.01578
G1 X162.291 Y141.086 E.01579
G1 X162.623 Y140.816 E.01597
G1 X163.064 Y140.693 E.01708
G1 X163.442 Y140.737 E.0142
G1 X163.814 Y140.936 E.01574
G1 X164.082 Y141.264 E.01581
G1 X164.204 Y141.667 E.01571
G1 X164.167 Y142.051 E.0144
M204 S10000
G1 X164.422 Y142.4 F30000
;WIPE_START
G1 F24000
G1 X163.965 Y142.459 E-.03244
G1 X163.605 Y142.739 E-.03249
G1 X163.233 Y142.851 E-.02768
G1 X162.813 Y142.808 E-.03008
G1 X162.441 Y142.609 E-.03006
G1 X162.173 Y142.283 E-.03007
G1 X162.051 Y141.88 E-.03
G1 X162.091 Y141.459 E-.03013
G1 X162.291 Y141.086 E-.03016
G1 X162.623 Y140.816 E-.03049
G1 X163.064 Y140.693 E-.03262
G1 X163.442 Y140.737 E-.02711
G1 X163.814 Y140.936 E-.03006
G1 X164.082 Y141.264 E-.03018
G1 X164.204 Y141.667 E-.03
G1 X164.167 Y142.051 E-.02749
;WIPE_END
G1 E-.51894 F1800
G1 Z1.85 F600
G1 X163.232 Y153.723 F30000
G1 Z1.45 F600
G1 E1 F1800
M204 S5000
;TYPE:Perimeter
;WIDTH:0.449999
G1 F3000
G1 X162.802 Y153.706 E.01737
G1 X162.329 Y153.5 E.02083
G1 X162.154 Y153.365 E.00892
G1 X161.854 Y153.004 E.01895
G1 X161.682 Y152.515 E.02093
G1 X161.692 Y152.009 E.02043
G1 X161.749 Y151.796 E.0089
G1 X162.001 Y151.341 E.021
G1 X162.416 Y150.995 E.02181
G1 X162.935 Y150.827 E.02202
G1 X163.471 Y150.852 E.02166
G1 X164.016 Y151.11 E.02434
G1 X164.396 Y151.54 E.02317
G1 X164.556 Y151.977 E.01879
G1 X164.585 Y152.194 E.00884
G1 X164.555 Y152.608 E.01676
G1 X164.35 Y153.076 E.02063
G1 X164.215 Y153.252 E.00895
G1 X163.854 Y153.551 E.01892
G1 X163.346 Y153.727 E.0217
G1 X163.292 Y153.725 E.00218
M204 S10000
G1 X163.213 Y153.353 F30000
M204 S3000
;TYPE:External perimeter
;WIDTH:0.419999
G1 F3000
G1 X162.813 Y153.313 E.015
G1 X162.441 Y153.114 E.01574
G1 X162.186 Y152.817 E.01461
G1 X162.051 Y152.383 E.01696
G1 X162.091 Y151.964 E.01571
G1 X162.29 Y151.591 E.01578
G1 X162.622 Y151.321 E.01597
G1 X163.065 Y151.197 E.01717
G1 X163.442 Y151.242 E.01417
G1 X163.814 Y151.441 E.01574
G1 X164.082 Y151.767 E.01575
G1 X164.204 Y152.17 E.01571
G1 X164.164 Y152.591 E.01578
G1 X163.964 Y152.964 E.01579
G1 X163.637 Y153.232 E.01578
G1 X163.271 Y153.343 E.01427
M204 S10000
G1 X163.046 Y153.716 F30000
G1 X165.322 Y170.622
M204 S5000
;TYPE:Perimeter
;WIDTH:0.449999
G1 F3000
G1 X165.738 Y170.534 E.01717
G1 X166.24 Y170.607 E.02048
G1 X166.46 Y170.695 E.00957
G1 X166.754 Y170.892 E.01429
G1 X166.908 Y171.046 E.00879
G1 X167.104 Y171.339 E.01423
G1 X167.189 Y171.543 E.00892
G1 X167.27 Y172 E.01874
G1 X167.148 Y172.585 E.02413
G1 X166.838 Y173.039 E.02219
G1 X166.391 Y173.345 E.02187
G1 X165.898 Y173.461 E.02045
G1 X165.689 Y173.459 E.00844
G1 X165.343 Y173.389 E.01425
G1 X165.139 Y173.304 E.00892
G1 X164.846 Y173.108 E.01423
G1 X164.692 Y172.954 E.00879
G1 X164.495 Y172.66 E.01429
G1 X164.41 Y172.454 E.009
G1 X164.332 Y171.989 E.01904
G1 X164.427 Y171.479 E.02094
G1 X164.692 Y171.046 E.02049
G1 X164.934 Y170.833 E.01302
G1 X165.263 Y170.634 E.01552
M204 S10000
G1 X165.41 Y170.989 F30000
M204 S3000
;TYPE:External perimeter
;WIDTH:0.419999
G1 F3000
G1 X165.791 Y170.918 E.01446
G1 X166.248 Y171.012 E.01741
G1 X166.591 Y171.259 E.01577
G1 X166.815 Y171.618 E.01579
G1 X166.885 Y172.036 E.01582
G1 X166.788 Y172.448 E.01579
G1 X166.541 Y172.791 E.01577
G1 X166.182 Y173.015 E.01579
G1 X165.764 Y173.085 E.01582
G1 X165.352 Y172.988 E.01579
G1 X165.009 Y172.741 E.01577
G1 X164.784 Y172.381 E.01584
G1 X164.716 Y171.965 E.01573
G1 X164.812 Y171.552 E.01582
G1 X165.059 Y171.209 E.01577
G1 X165.359 Y171.021 E.01321
M204 S10000
G1 X165.467 Y170.605 F30000
G1 X125.023 Y150.825
M204 S5000
;TYPE:Perimeter
;WIDTH:0.449999
G1 F3000
G1 X125.092 Y150.817 E.0028
G1 X125.586 Y150.89 E.02016
G1 X126.035 Y151.129 E.02053
G1 X126.378 Y151.52 E.021
G1 X126.556 Y151.992 E.02037
G1 X126.58 Y152.194 E.00821
G1 X126.524 Y152.705 E.02075
G1 X126.299 Y153.153 E.02024
G1 X125.918 Y153.505 E.02094
G1 X125.423 Y153.706 E.02157
G1 X125.315 Y153.731 E.00448
G1 X124.786 Y153.704 E.02138
G1 X124.324 Y153.5 E.02039
G1 X124.148 Y153.365 E.00895
G1 X123.828 Y152.962 E.02078
G1 X123.665 Y152.431 E.02242
G1 X123.717 Y151.862 E.02307
G1 X123.954 Y151.391 E.02129
G1 X124.348 Y151.033 E.02149
G1 X124.877 Y150.841 E.02272
G1 X124.963 Y150.831 E.0035
M204 S10000
G1 X125.061 Y151.197 F30000
M204 S3000
;TYPE:External perimeter
;WIDTH:0.419999
G1 F3000
G1 X125.437 Y151.242 E.01413
G1 X125.809 Y151.441 E.01574
G1 X126.077 Y151.767 E.01575
G1 X126.199 Y152.17 E.01571
G1 X126.159 Y152.591 E.01578
G1 X125.959 Y152.964 E.01579
G1 X125.633 Y153.232 E.01575
G1 X125.265 Y153.353 E.01446
G1 X124.808 Y153.313 E.01712
G1 X124.436 Y153.114 E.01574
G1 X124.168 Y152.786 E.01581
G1 X124.045 Y152.382 E.01576
G1 X124.087 Y151.963 E.01571
G1 X124.285 Y151.591 E.01573
G1 X124.617 Y151.321 E.01597
G1 X125.003 Y151.213 E.01496
M204 S10000
G1 X125.224 Y150.856 F30000
G1 X126.577 Y141.677
M204 S5000
;TYPE:Perimeter
;WIDTH:0.449999
G1 F3000
G1 X126.543 Y142.137 E.01862
G1 X126.329 Y142.602 E.02067
G1 X125.947 Y142.978 E.02164
G1 X125.757 Y143.088 E.00886
G1 X125.263 Y143.232 E.02077
G1 X124.741 Y143.189 E.02115
G1 X124.261 Y142.958 E.02151
G1 X123.905 Y142.582 E.0209
G1 X123.807 Y142.406 E.00813
G1 X123.664 Y141.891 E.02158
G1 X123.706 Y141.392 E.02022
G1 X123.929 Y140.923 E.02097
G1 X124.301 Y140.566 E.02082
G1 X124.505 Y140.452 E.00943
G1 X124.992 Y140.313 E.02045
G1 X125.511 Y140.358 E.02103
G1 X125.982 Y140.585 E.02111
G1 X126.329 Y140.951 E.02036
G1 X126.438 Y141.141 E.00884
G1 X126.578 Y141.617 E.02003
M204 S10000
G1 X126.197 Y141.692 F30000
M204 S3000
;TYPE:External perimeter
;WIDTH:0.419999
G1 F3000
G1 X126.159 Y142.086 E.01477
G1 X125.96 Y142.459 E.01578
G1 X125.633 Y142.727 E.01578
G1 X125.228 Y142.851 E.01581
G1 X124.808 Y142.808 E.01575
G1 X124.436 Y142.609 E.01574
G1 X124.168 Y142.283 E.01575
G1 X124.045 Y141.879 E.01576
G1 X124.087 Y141.458 E.01579
G1 X124.251 Y141.126 E.01382
G1 X124.618 Y140.816 E.01793
G1 X125.06 Y140.693 E.01712
G1 X125.437 Y140.737 E.01416
G1 X125.809 Y140.936 E.01574
G1 X126.077 Y141.264 E.01581
G1 X126.189 Y141.634 E.01443
M204 S10000
G1 X126.557 Y141.857 F30000
G1 X113.196 Y170.942
M204 S5000
;TYPE:Perimeter
;WIDTH:0.449999
G1 F3000
G1 X113.539 Y170.696 E.01704
G1 X114.042 Y170.546 E.02119
G1 X114.255 Y170.542 E.0086
G1 X114.772 Y170.647 E.0213
G1 X115.208 Y170.933 E.02105
G1 X115.504 Y171.339 E.02028
G1 X115.589 Y171.543 E.00892
G1 X115.669 Y171.989 E.01829
G1 X115.589 Y172.457 E.01917
G1 X115.504 Y172.661 E.00892
G1 X115.308 Y172.954 E.01423
G1 X115.154 Y173.108 E.00879
G1 X114.861 Y173.304 E.01423
G1 X114.657 Y173.389 E.00892
G1 X114.2 Y173.47 E.01874
G1 X113.609 Y173.345 E.02439
G1 X113.161 Y173.037 E.02195
G1 X112.852 Y172.584 E.02214
G1 X112.74 Y172.097 E.02017
G1 X112.742 Y171.891 E.00832
G1 X112.81 Y171.546 E.0142
G1 X112.895 Y171.34 E.009
G1 X113.092 Y171.046 E.01429
G1 X113.154 Y170.984 E.00354
M204 S10000
G1 X113.455 Y171.214 F30000
M204 S3000
;TYPE:External perimeter
;WIDTH:0.419999
G1 F3000
G1 X113.815 Y170.985 E.01592
G1 X114.191 Y170.918 E.01425
G1 X114.648 Y171.012 E.01741
G1 X114.991 Y171.259 E.01577
G1 X115.215 Y171.618 E.01579
G1 X115.285 Y172.036 E.01582
G1 X115.188 Y172.448 E.01579
G1 X114.941 Y172.791 E.01577
G1 X114.582 Y173.015 E.01579
G1 X114.164 Y173.085 E.01582
G1 X113.752 Y172.988 E.01579
G1 X113.409 Y172.741 E.01577
G1 X113.184 Y172.381 E.01584
G1 X113.116 Y172.031 E.0133
G1 X113.212 Y171.552 E.01823
G1 X113.42 Y171.262 E.01332
M204 S10000
G1 X113.358 Y170.826 F30000
;WIPE_START
G1 F24000
G1 X113.815 Y170.985 E-.03437
G1 X114.191 Y170.918 E-.02721
G1 X114.648 Y171.012 E-.03324
G1 X114.991 Y171.259 E-.03012
G1 X115.215 Y171.618 E-.03015
G1 X115.285 Y172.036 E-.0302
G1 X115.188 Y172.448 E-.03016
G1 X114.941 Y172.791 E-.03012
G1 X114.582 Y173.015 E-.03015
G1 X114.164 Y173.085 E-.0302
G1 X113.752 Y172.988 E-.03016
G1 X113.409 Y172.741 E-.03012
G1 X113.184 Y172.381 E-.03025
G1 X113.116 Y172.031 E-.0254
G1 X113.212 Y171.552 E-.03481
G1 X113.42 Y171.262 E-.02543
;WIPE_END
G1 E-.51791 F1800
G1 Z1.85 F600
G1 X114.098 Y106.545 F30000
G1 Z1.45 F600
G1 E1 F1800
M204 S5000
;TYPE:Perimeter
;WIDTH:0.449999
G1 F3000
G1 X114.167 Y106.538 E.0028
G1 X114.685 Y106.62 E.02117
G1 X115.001 Y106.777 E.01425
G1 X115.175 Y106.91 E.00884
G1 X115.407 Y107.175 E.01422
G1 X115.518 Y107.366 E.00892
G1 X115.657 Y107.816 E.01901
G1 X115.625 Y108.356 E.02184
G1 X115.4 Y108.843 E.02166
G1 X115.025 Y109.207 E.0211
G1 X114.834 Y109.318 E.00892
G1 X114.405 Y109.455 E.01818
G1 X113.93 Y109.437 E.01919
G1 X113.716 Y109.38 E.00894
G1 X113.399 Y109.223 E.01428
G1 X113.225 Y109.09 E.00884
G1 X112.993 Y108.825 E.01422
G1 X112.882 Y108.634 E.00892
G1 X112.739 Y108.119 E.02158
G1 X112.763 Y107.729 E.01577
G1 X112.82 Y107.515 E.00894
G1 X113.048 Y107.089 E.01951
G1 X113.441 Y106.742 E.02117
G1 X113.954 Y106.561 E.02196
G1 X114.039 Y106.552 E.00345
M204 S10000
G1 X114.16 Y106.921 F30000
M204 S3000
;TYPE:External perimeter
;WIDTH:0.419999
G1 F3000
G1 X114.516 Y106.962 E.01337
G1 X114.888 Y107.162 E.01576
G1 X115.157 Y107.488 E.01577
G1 X115.279 Y107.892 E.01575
G1 X115.238 Y108.314 E.01582
G1 X115.038 Y108.688 E.01583
G1 X114.711 Y108.957 E.0158
G1 X114.307 Y109.08 E.01576
G1 X113.885 Y109.038 E.01583
G1 X113.512 Y108.838 E.01579
G1 X113.243 Y108.511 E.0158
G1 X113.12 Y108.107 E.01576
G1 X113.162 Y107.684 E.01586
G1 X113.366 Y107.308 E.01596
G1 X113.694 Y107.041 E.01578
G1 X114.102 Y106.928 E.0158
M204 S10000
G1 X114.316 Y106.598 F30000
;WIPE_START
G1 F24000
G1 X114.516 Y106.962 E-.0296
G1 X114.888 Y107.162 E-.03009
G1 X115.157 Y107.488 E-.03011
G1 X115.279 Y107.892 E-.03007
G1 X115.238 Y108.314 E-.03021
G1 X115.038 Y108.688 E-.03022
G1 X114.711 Y108.957 E-.03017
G1 X114.307 Y109.08 E-.03009
G1 X113.885 Y109.038 E-.03022
G1 X113.512 Y108.838 E-.03016
G1 X113.243 Y108.511 E-.03017
G1 X113.12 Y108.107 E-.03009
G1 X113.162 Y107.684 E-.03029
G1 X113.366 Y107.308 E-.03048
G1 X113.694 Y107.041 E-.03013
G1 X114.102 Y106.928 E-.03016
;WIPE_END
G1 E-.51774 F1800
G1 Z1.85 F600
G1 X113.559 Y109.678 F30000
G1 Z1.45 F600
G1 E1 F1800
;TYPE:Internal infill
;WIDTH:0.45
G1 F8477.366
G1 X113.238 Y109.519 E.01446
G1 X112.981 Y109.323 E.01305
G1 X112.731 Y109.037 E.01534
G1 X112.567 Y108.755 E.01317
G1 X112.415 Y108.278 E.02021
G1 X112.401 Y108.12 E.0064
G1 X112.422 Y107.789 E.01339
G1 X111.341 Y108.87 E.06172
G1 X111.325 Y108.822 E.00204
G1 X111.128 Y108.854 E.00806
G1 X111.128 Y106.935 E.07747
G1 X111.148 Y106.633 E.01222
G1 X111.194 Y106.405 E.00939
G1 X111.404 Y105.907 E.02182
G1 X111.708 Y105.509 E.02022
G1 X112.102 Y105.203 E.02014
G1 X112.506 Y105.032 E.01771
G1 X113.749 Y106.276 E.071
G1 X114.002 Y106.209 E.01057
G1 X115.07 Y105.141 E.06098
G1 X115.345 Y105.235 E.01173
G1 X115.696 Y105.408 E.0158
G1 X116.021 Y105.626 E.0158
G1 X116.316 Y105.884 E.01582
G1 X116.574 Y106.179 E.01582
G1 X116.792 Y106.504 E.0158
G1 X116.965 Y106.855 E.0158
G1 X117.091 Y107.225 E.01578
G1 X117.167 Y107.609 E.0158
G1 X117.193 Y108 E.01582
G1 X117.167 Y108.391 E.01582
G1 X117.091 Y108.775 E.0158
G1 X116.965 Y109.145 E.01578
G1 X116.851 Y109.377 E.01044
G1 X115.941 Y108.468 E.05193
G1 X115.886 Y108.626 E.00675
G1 X115.653 Y109.073 E.02035
G1 X115.517 Y109.224 E.0082
G1 X115.132 Y109.548 E.02031
G1 X114.949 Y109.635 E.00818
G1 X114.454 Y109.79 E.02094
G1 X114.175 Y109.782 E.01127
G1 X120.284 Y104.914 F30000
;TYPE:Solid infill
;WIDTH:0.419999
G1 F9171.582
G1 X115.521 Y104.914 E.17774
G1 X115.892 Y105.081 E.01518
G1 X116.259 Y105.328 E.01651
G1 X116.59 Y105.619 E.01645
G1 X116.88 Y105.952 E.01648
G1 X117.125 Y106.319 E.01647
G1 X117.32 Y106.715 E.01647
G1 X117.461 Y107.133 E.01646
G1 X117.55 Y107.649 E.01954
G1 X120.155 Y105.044 E.13747
G1 X120.803 Y104.915 E.02466
G1 X117.565 Y108.152 E.17085
G1 X117.373 Y108.999 F30000
;WIDTH:0.39365
G1 F9882.353
G1 X117.302 Y108.98 E.00255
G1 X117.321 Y109.051 E.00255
G1 X117.362 Y109.04 E.00147
;WIDTH:0.419999
G1 F9171.582
G1 X117.485 Y108.751 E.01172
G1 X121.321 Y104.915 E.20244
;WIDTH:0.457645
G1 F8316.945
G1 X121.151 Y104.856 E.0074
;WIDTH:0.49529
G1 F7608.007
G1 X120.982 Y104.797 E.00805
G1 X120.929 Y104.811 E.00247
G1 X120.89 Y104.772 E.00248
G1 X120.904 Y104.719 E.00247
G1 X120.957 Y104.705 E.00247
G1 X120.996 Y104.744 E.00248
G1 X121.839 Y104.915 F30000
;WIDTH:0.419999
G1 F9171.582
G1 X117.178 Y109.575 E.24595
G1 X116.976 Y109.834 E.01226
;WIDTH:0.39365
G1 F9882.353
G1 X116.53 Y110.332 E.02315
G1 X116.034 Y110.776 E.02305
G1 X111.188 Y109.488 F30000
;WIDTH:0.419999
G1 F9171.582
G1 X111.266 Y109.665 E.00722
G1 X111.519 Y110.048 E.01713
G1 X111.81 Y110.381 E.0165
G1 X112.141 Y110.672 E.01645
G1 X112.508 Y110.919 E.01651
G1 X112.903 Y111.115 E.01645
G1 X113.344 Y111.263 E.01736
G1 X113.848 Y111.351 E.01909
G1 X111.113 Y114.086 E.14433
G1 X111.113 Y109.32 E.17785
G1 X111.48 Y110.559 F30000
G1 F9171.582
G1 X111.48 Y113.201 E.09859
G1 X113.108 Y111.572 E.08594
G1 X112.741 Y111.443 E.01452
G1 X112.305 Y111.223 E.01822
G1 X111.9 Y110.948 E.01827
G1 X111.614 Y110.684 E.01452
G1 X111.867 Y111.397 F30000
;WIDTH:0.462212
G1 F8223.966
G1 X111.867 Y112.266 E.03616
G1 X112.417 Y111.716 E.03237
G1 X112.026 Y111.489 E.01882
G1 X114.352 Y111.365 F30000
;WIDTH:0.419999
G1 F9171.582
G1 X111.113 Y114.604 E.17093
G1 X111.113 Y115.122 E.01933
G1 X114.951 Y111.285 E.20252
G1 X115.775 Y110.978 F30000
G1 F9171.582
G1 X111.113 Y115.64 E.24603
G1 X111.047 Y115.888 E.00958
;WIDTH:0.39365
G1 F9882.353
G1 X110.976 Y115.869 E.00255
G1 X110.995 Y115.94 E.00255
G1 X111.036 Y115.929 E.00147
;WIDTH:0.419999
G1 F9171.582
G1 X111.113 Y116.158 E.00902
G1 X122.357 Y104.915 E.59335
G1 X122.875 Y104.915 E.01933
G1 X111.113 Y116.676 E.62069
G1 X111.113 Y117.194 E.01933
G1 X123.393 Y104.915 E.64802
G1 X123.911 Y104.915 E.01933
G1 X111.113 Y117.712 E.67536
G1 X111.113 Y118.23 E.01933
G1 X124.429 Y104.915 E.7027
G1 X124.947 Y104.915 E.01933
G1 X111.113 Y118.749 E.73006
G1 X111.113 Y119.267 E.01933
G1 X125.465 Y104.915 E.7574
G1 X125.983 Y104.915 E.01933
G1 X111.113 Y119.785 E.78473
G1 X111.113 Y120.303 E.01933
G1 X126.501 Y104.915 E.81207
G1 X127.019 Y104.916 E.01933
G1 X111.113 Y120.821 E.83938
G1 X111.113 Y121.339 E.01933
G1 X127.537 Y104.916 E.86671
G1 X128.055 Y104.916 E.01933
G1 X111.113 Y121.857 E.89405
G1 X111.113 Y122.375 E.01933
G1 X128.573 Y104.916 E.92139
G1 X129.091 Y104.916 E.01933
G1 X111.113 Y122.893 E.94872
G1 X111.113 Y123.411 E.01933
G1 X129.609 Y104.916 E.97606
G1 X130.127 Y104.916 E.01933
G1 X111.113 Y123.929 E1.0034
G1 X111.113 Y124.448 E.01937
G1 X130.645 Y104.916 E1.03076
G1 X131.163 Y104.916 E.01933
G1 X111.113 Y124.966 E1.05809
G1 X111.113 Y125.484 E.01933
G1 X131.681 Y104.916 E1.08543
G1 X132.199 Y104.916 E.01933
G1 X111.113 Y126.002 E1.11277
G1 X111.113 Y126.52 E.01933
G1 X132.717 Y104.916 E1.1401
G1 X133.235 Y104.917 E.01933
G1 X111.113 Y127.038 E1.16741
M73 P63 R6
G1 X111.113 Y127.556 E.01933
G1 X133.753 Y104.917 E1.19475
G1 X134.271 Y104.917 E.01933
G1 X111.113 Y128.074 E1.22209
G1 X111.113 Y128.592 E.01933
G1 X134.789 Y104.917 E1.24942
G1 X135.307 Y104.917 E.01933
G1 X111.113 Y129.11 E1.27676
G1 X111.113 Y129.629 E.01937
G1 X135.825 Y104.917 E1.30412
G1 X136.343 Y104.917 E.01933
G1 X111.113 Y130.147 E1.33146
G1 X111.113 Y130.665 E.01933
G1 X136.861 Y104.917 E1.35879
G1 X137.379 Y104.917 E.01933
G1 X111.113 Y131.183 E1.38613
G1 X111.113 Y131.701 E.01933
G1 X137.897 Y104.917 E1.41347
G1 X138.415 Y104.917 E.01933
G1 X111.113 Y132.219 E1.4408
G1 X111.113 Y132.737 E.01933
G1 X138.933 Y104.917 E1.46814
G1 X139.451 Y104.918 E.01933
G1 X111.113 Y133.255 E1.49545
G1 X111.113 Y133.773 E.01933
G1 X139.969 Y104.918 E1.52279
G1 X140.487 Y104.918 E.01933
G1 X111.113 Y134.291 E1.55012
G1 X111.113 Y134.809 E.01933
G1 X141.005 Y104.918 E1.57746
G1 X141.523 Y104.918 E.01933
G1 X111.113 Y135.328 E1.60482
G1 X111.113 Y135.846 E.01933
G1 X142.041 Y104.918 E1.63216
G1 X142.559 Y104.918 E.01933
G1 X111.113 Y136.364 E1.65949
G1 X111.113 Y136.882 E.01933
G1 X143.077 Y104.918 E1.68683
G1 X143.595 Y104.918 E.01933
G1 X111.113 Y137.4 E1.71417
G1 X111.113 Y137.918 E.01933
G1 X144.113 Y104.918 E1.7415
G1 X144.631 Y104.918 E.01933
G1 X111.113 Y138.436 E1.76884
G1 X111.113 Y138.954 E.01933
G1 X145.149 Y104.918 E1.79617
G1 X145.667 Y104.919 E.01933
G1 X111.113 Y139.472 E1.82348
G1 X111.113 Y139.99 E.01933
G1 X146.185 Y104.919 E1.85082
G1 X146.703 Y104.919 E.01933
G1 X111.113 Y140.509 E1.87818
G1 X111.113 Y141.027 E.01933
G1 X147.221 Y104.919 E1.90552
G1 X147.739 Y104.919 E.01933
G1 X111.113 Y141.545 E1.93286
G1 X111.113 Y142.063 E.01933
G1 X148.257 Y104.919 E1.96019
G1 X148.775 Y104.919 E.01933
G1 X111.113 Y142.581 E1.98753
G1 X111.113 Y143.099 E.01933
G1 X149.293 Y104.919 E2.01487
G1 X149.811 Y104.919 E.01933
G1 X111.113 Y143.617 E2.0422
G1 X111.113 Y144.135 E.01933
G1 X150.329 Y104.919 E2.06954
G1 X150.847 Y104.919 E.01933
G1 X111.113 Y144.653 E2.09687
G1 X111.113 Y145.171 E.01933
G1 X151.365 Y104.919 E2.12421
M73 P64 R6
G1 X151.883 Y104.92 E.01933
G1 X111.113 Y145.689 E2.15152
G1 X111.113 Y146.208 E.01937
G1 X152.401 Y104.92 E2.17888
G1 X152.919 Y104.92 E.01933
G1 X111.113 Y146.726 E2.20622
G1 X111.113 Y147.244 E.01933
G1 X153.437 Y104.92 E2.23356
G1 X153.955 Y104.92 E.01933
G1 X111.113 Y147.762 E2.26089
G1 X111.113 Y148.28 E.01933
G1 X154.473 Y104.92 E2.28823
G1 X154.991 Y104.92 E.01933
G1 X111.113 Y148.798 E2.31556
G1 X111.113 Y149.316 E.01933
G1 X155.509 Y104.92 E2.3429
G1 X156.027 Y104.92 E.01933
G1 X111.113 Y149.834 E2.37024
G1 X111.113 Y150.352 E.01933
G1 X156.545 Y104.92 E2.39757
G1 X157.063 Y104.92 E.01933
G1 X111.113 Y150.87 E2.42491
G1 X111.113 Y151.389 E.01937
G1 X157.581 Y104.92 E2.45227
G1 X158.099 Y104.921 E.01933
G1 X111.113 Y151.907 E2.47958
G1 X111.113 Y152.425 E.01933
G1 X158.617 Y104.921 E2.50692
G1 X159.135 Y104.921 E.01933
G1 X111.113 Y152.943 E2.53426
G1 X111.036 Y153.232 E.01116
;WIDTH:0.39365
G1 F9882.353
G1 X110.995 Y153.243 E.00147
G1 X110.976 Y153.172 E.00255
G1 X111.047 Y153.191 E.00255
G1 X123.691 Y140.814 F30000
G1 F9882.353
G1 X123.776 Y140.704 E.00481
G1 X124.169 Y140.342 E.0185
;WIDTH:0.419999
G1 F9171.582
G1 X124.428 Y140.146 E.01212
G1 X159.653 Y104.921 E1.85892
G1 X160.171 Y104.921 E.01933
G1 X125.098 Y139.995 E1.85093
G1 X125.567 Y140.043 E.01759
G1 X160.689 Y104.921 E1.85349
G1 X161.207 Y104.921 E.01933
G1 X125.93 Y140.199 E1.86169
G1 X126.256 Y140.391 E.01412
G1 X161.725 Y104.921 E1.87182
G1 X162.243 Y104.921 E.01933
G1 X126.502 Y140.663 E1.88618
G1 X126.711 Y140.972 E.01392
G1 X162.761 Y104.921 E1.90249
G1 X163.279 Y104.921 E.01933
G1 X126.849 Y141.352 E1.92254
G1 X126.89 Y141.829 E.01787
G1 X163.797 Y104.921 E1.94771
G1 X164.274 Y104.959 E.01786
;WIDTH:0.49529
G1 F7608.007
M73 P65 R6
G1 X164.222 Y105.005 E.00312
;WIDTH:0.46141
G1 F8240.141
G1 X164.169 Y105.05 E.00289
;WIDTH:0.42753
G1 F8986.841
G1 X164.117 Y105.096 E.00264
;WIDTH:0.39365
G1 F9882.353
G1 X163.458 Y105.675 E.03038
G1 X163.035 Y106.147 E.02195
;WIDTH:0.419999
G1 F9171.582
G1 X162.831 Y106.406 E.0123
G1 X126.728 Y142.509 E1.90526
G1 X126.538 Y142.768 E.01199
;WIDTH:0.39365
G1 F9882.353
G1 X126.105 Y143.189 E.02092
G1 X125.925 Y143.221 E.00633
;WIPE_START
G1 F24000
G1 X126.105 Y143.189 E-.01303
G1 X126.481 Y142.84 E-.03655
G1 X126.538 Y142.768 E-.00654
G1 X126.728 Y142.509 E-.02289
G1 X135.868 Y133.369 E-.92099
;WIPE_END
G1 Z1.85 F600
G1 X123.501 Y141.073 F30000
G1 Z1.45 F600
G1 E1 F1800
;WIDTH:0.419999
G1 F9171.582
G1 X111.113 Y153.461 E.65375
G1 X111.113 Y153.979 E.01933
G1 X123.354 Y141.739 E.64597
G1 X123.401 Y142.21 E.01766
G1 X111.113 Y154.497 E.64845
G1 X111.113 Y155.015 E.01933
G1 X123.539 Y142.589 E.65575
G1 X123.758 Y142.888 E.01383
G1 X111.113 Y155.533 E.66731
G1 X111.113 Y156.051 E.01933
G1 X124 Y143.165 E.68006
G1 X124.331 Y143.352 E.01419
G1 X111.113 Y156.57 E.69755
M73 P65 R5
G1 X111.113 Y157.088 E.01933
G1 X124.694 Y143.506 E.71673
G1 X125.174 Y143.545 E.01797
G1 X111.113 Y157.606 E.74204
G1 X111.036 Y158.413 F30000
;WIDTH:0.39365
G1 F9882.353
G1 X110.995 Y158.424 E.00147
G1 X110.976 Y158.353 E.00255
G1 X111.047 Y158.372 E.00255
;WIDTH:0.419999
G1 F9171.582
G1 X111.113 Y158.124 E.00958
G1 X125.846 Y143.391 E.7775
G1 X111.113 Y158.642 F30000
G1 F9171.582
G1 X162.518 Y107.237 E2.71279
G1 X162.702 Y107.008 E.01096
;WIDTH:0.39365
G1 F9882.353
G1 X162.661 Y107.019 E.00147
G1 X162.642 Y106.948 E.00255
G1 X162.713 Y106.967 E.00255
G1 X162.436 Y107.838 F30000
;WIDTH:0.419999
G1 F9171.582
G1 X111.113 Y159.16 E2.70843
G1 X111.113 Y159.678 E.01933
G1 X162.448 Y108.344 E2.70907
G1 X162.523 Y108.787 E.01677
G1 X111.113 Y160.196 E2.71302
G1 X111.113 Y160.714 E.01933
G1 X162.645 Y109.183 E2.71946
G1 X162.805 Y109.541 E.01463
G1 X111.113 Y161.232 E2.72791
G1 X111.113 Y161.75 E.01933
G1 X162.997 Y109.866 E2.73806
G1 X163.219 Y110.163 E.01384
G1 X111.113 Y162.269 E2.74978
G1 X111.113 Y162.787 E.01933
G1 X163.467 Y110.433 E2.76287
G1 X163.743 Y110.675 E.0137
G1 X111.113 Y163.305 E2.77743
G1 X111.047 Y163.553 E.00958
;WIDTH:0.39365
G1 F9882.353
G1 X110.976 Y163.534 E.00255
G1 X110.995 Y163.605 E.00255
G1 X111.036 Y163.594 E.00147
;WIDTH:0.419999
G1 F9171.582
G1 X111.113 Y163.823 E.00902
G1 X123.629 Y151.307 E.6605
G1 X123.533 Y151.823 E.01959
;WIDTH:0.39365
G1 F9882.353
G1 X123.462 Y151.804 E.00255
G1 X123.481 Y151.875 E.00255
G1 X123.522 Y151.864 E.00147
;WIDTH:0.419999
G1 F9171.582
G1 X123.361 Y152.093 E.01045
G1 X111.113 Y164.341 E.64636
G1 X111.113 Y164.859 E.01933
G1 X123.372 Y152.6 E.64694
G1 X123.504 Y152.987 E.01526
G1 X111.113 Y165.377 E.65388
G1 X111.113 Y165.895 E.01933
G1 X123.691 Y153.317 E.66378
G1 X123.928 Y153.598 E.01372
G1 X111.113 Y166.413 E.67628
G1 X111.113 Y166.931 E.01933
G1 X124.237 Y153.807 E.69259
G1 X124.586 Y153.977 E.01449
G1 X111.113 Y167.45 E.71101
G1 X111.113 Y167.968 E.01933
G1 X125.037 Y154.043 E.73483
;WIPE_START
G1 F24000
G1 X115.113 Y163.968 E-1
;WIPE_END
G1 Z1.85 F600
G1 X124.154 Y150.783 F30000
G1 Z1.45 F600
G1 E1 F1800
G1 F9171.582
G1 X164.053 Y110.883 E2.10561
G1 X164.393 Y111.061 E.01432
G1 X124.957 Y150.497 E2.08115
G1 X124.742 Y150.634 E.00951
;WIDTH:0.39365
G1 F9882.353
G1 X124.671 Y150.615 E.00255
G1 X124.69 Y150.686 E.00255
G1 X124.731 Y150.675 E.00147
;WIDTH:0.419999
G1 F9171.582
M73 P66 R5
G1 X125.447 Y150.525 E.0273
G1 X164.766 Y111.206 E2.07497
G1 X165.18 Y111.31 E.01593
G1 X125.832 Y150.658 E2.0765
G1 X126.172 Y150.836 E.01432
G1 X165.644 Y111.365 E2.08302
G1 X166.176 Y111.35 E.01986
G1 X126.434 Y151.092 E2.0973
G1 X126.666 Y151.378 E.01374
G1 X166.842 Y111.203 E2.12017
G1 X167.099 Y111.039 E.01138
;WIDTH:0.39365
G1 F9882.353
G1 X166.96 Y111.023 E.00485
G1 X168.111 Y110.452 F30000
;WIDTH:0.419999
G1 F9171.582
G1 X126.811 Y151.752 E2.17952
G1 X115.979 Y174.688 F30000
;WIDTH:0.39365
G1 F9882.353
G1 X115.565 Y175 E.01795
;WIDTH:0.40185
G1 F9649.627
G1 X115.477 Y175.096 E.00462
G1 X116.761 Y105.28 F30000
;WIDTH:0.419999
G1 F9171.582
G1 X117.141 Y105.691 E.02089
G1 X117.448 Y106.146 E.02048
G1 X117.667 Y106.597 E.01871
G1 X117.773 Y106.908 E.01226
G1 X119.4 Y105.281 E.08586
G1 X116.944 Y105.28 E.09165
G1 X117.597 Y105.668 F30000
;WIDTH:0.462019
G1 F8227.853
G1 X117.916 Y106.217 E.02641
G1 X118.465 Y105.668 E.0323
G1 X117.781 Y105.668 E.02845
G1 X168.252 Y110.311 F30000
;WIDTH:0.419999
G1 F9171.582
G1 X168.887 Y109.676 E.03351
G1 X169.024 Y109.965 E.01193
;WIDTH:0.39365
G1 F9882.353
G1 X168.983 Y109.976 E.00147
G1 X168.964 Y109.905 E.00255
G1 X169.035 Y109.924 E.00255
;WIDTH:0.419999
G1 F9171.582
G1 X168.887 Y110.194 E.01149
G1 X126.894 Y152.186 E2.21606
G1 X125.89 Y153.802 F30000
;WIDTH:0.39365
G1 F9882.353
G1 X126.436 Y153.319 E.02525
G1 X126.659 Y153.013 E.01311
;WIDTH:0.419999
G1 F9171.582
G1 X126.845 Y152.754 E.0119
G1 X168.887 Y110.712 E2.21867
G1 X125.631 Y153.968 F30000
G1 F9171.582
G1 X111.113 Y168.486 E.76616
G1 X111.047 Y168.734 E.00958
;WIDTH:0.39365
G1 F9882.353
G1 X110.976 Y168.715 E.00255
G1 X110.995 Y168.786 E.00255
G1 X111.036 Y168.775 E.00147
;WIDTH:0.419999
G1 F9171.582
G1 X111.113 Y169.004 E.00902
G1 X168.887 Y111.23 E3.0489
G1 X168.887 Y111.748 E.01933
G1 X111.113 Y169.522 E3.0489
G1 X111.113 Y170.04 E.01933
G1 X168.887 Y112.266 E3.0489
G1 X168.887 Y112.785 E.01937
G1 X112.674 Y168.998 E2.96652
G1 X112.415 Y169.197 E.01219
;WIDTH:0.39365
G1 F9882.353
G1 X111.876 Y169.674 E.02493
G1 X111.306 Y170.324 E.02994
;WIDTH:0.441902
G1 F8654.173
G1 X111.227 Y170.419 E.00489
;WIDTH:0.490154
G1 F7697.524
G1 X111.148 Y170.514 E.00549
G1 X113.254 Y168.891 F30000
;WIDTH:0.39365
G1 F9882.353
G1 X113.213 Y168.902 E.00147
G1 X113.194 Y168.831 E.00255
G1 X113.265 Y168.85 E.00255
;WIDTH:0.419999
G1 F9171.582
G1 X113.48 Y168.709 E.00959
G1 X168.887 Y113.303 E2.92396
G1 X168.887 Y113.821 E.01933
G1 X114.07 Y168.638 E2.89285
G1 X114.576 Y168.65 E.01889
G1 X168.887 Y114.339 E2.86614
G1 X168.887 Y114.857 E.01933
G1 X115.015 Y168.729 E2.84298
G1 X115.408 Y168.853 E.01538
G1 X168.887 Y115.375 E2.82221
G1 X168.887 Y115.893 E.01933
G1 X115.764 Y169.016 E2.80345
G1 X116.087 Y169.211 E.01408
G1 X168.887 Y116.411 E2.7864
G1 X168.887 Y116.929 E.01933
G1 X116.382 Y169.435 E2.77086
G1 X116.649 Y169.686 E.01367
G1 X168.887 Y117.447 E2.75677
G1 X168.887 Y117.966 E.01937
G1 X116.889 Y169.963 E2.74405
M73 P67 R5
G1 X117.097 Y170.274 E.01396
G1 X168.887 Y118.484 E2.7331
G1 X168.887 Y119.002 E.01933
G1 X117.273 Y170.616 E2.72382
G1 X117.415 Y170.992 E.015
G1 X168.887 Y119.52 E2.71632
G1 X168.887 Y120.038 E.01933
G1 X117.516 Y171.409 E2.71099
G1 X117.567 Y171.876 E.01753
G1 X168.887 Y120.556 E2.7083
G1 X168.887 Y121.074 E.01933
G1 X117.548 Y172.413 E2.7093
G1 X117.206 Y173.211 F30000
;WIDTH:0.39365
G1 F9882.353
G1 X117.217 Y173.352 E.0049
G1 X117.206 Y173.211 E.0049
;WIDTH:0.419999
G1 F9171.582
G1 X117.386 Y173.093 E.00803
G1 X168.887 Y121.592 E2.71785
G1 X168.887 Y122.11 E.01933
G1 X115.91 Y175.087 E2.79574
G1 X116.428 Y175.087 E.01933
G1 X168.887 Y122.628 E2.76841
G1 X168.887 Y123.147 E.01937
G1 X116.946 Y175.087 E2.74105
G1 X117.465 Y175.087 E.01937
G1 X168.887 Y123.665 E2.71368
G1 X168.887 Y124.183 E.01933
G1 X117.983 Y175.087 E2.68635
G1 X118.501 Y175.087 E.01933
G1 X168.887 Y124.701 E2.65901
G1 X168.887 Y125.219 E.01933
G1 X119.019 Y175.087 E2.63167
G1 X119.537 Y175.087 E.01933
G1 X168.887 Y125.737 E2.60434
G1 X168.887 Y126.255 E.01933
G1 X120.055 Y175.087 E2.577
G1 X120.573 Y175.087 E.01933
G1 X168.887 Y126.773 E2.54967
G1 X168.887 Y127.291 E.01933
G1 X121.091 Y175.087 E2.52233
G1 X121.609 Y175.087 E.01933
G1 X168.887 Y127.809 E2.49499
G1 X168.887 Y128.327 E.01933
G1 X122.127 Y175.087 E2.46766
G1 X122.646 Y175.087 E.01937
G1 X168.887 Y128.846 E2.44027
M73 P68 R5
G1 X168.887 Y129.364 E.01933
G1 X123.164 Y175.087 E2.41293
G1 X123.682 Y175.087 E.01933
G1 X168.887 Y129.882 E2.38559
G1 X168.887 Y130.4 E.01933
G1 X124.2 Y175.087 E2.35826
G1 X124.718 Y175.087 E.01933
G1 X168.887 Y130.918 E2.33092
G1 X168.887 Y131.436 E.01933
G1 X125.236 Y175.087 E2.30359
G1 X125.754 Y175.087 E.01933
G1 X168.887 Y131.954 E2.27625
G1 X168.887 Y132.472 E.01933
G1 X126.272 Y175.087 E2.24891
G1 X126.68 Y175.274 E.01675
;WIDTH:0.40185
G1 F9649.627
G1 X126.638 Y175.285 E.00154
G1 X126.619 Y175.212 E.00268
G1 X126.692 Y175.232 E.00268
;WIDTH:0.419999
G1 F9171.582
G1 X126.79 Y175.087 E.00653
G1 X168.887 Y132.99 E2.22158
G1 X168.887 Y133.508 E.01933
G1 X127.308 Y175.087 E2.19424
G1 X127.09 Y175.183 E.00889
;WIDTH:0.39365
G1 F9882.353
G1 X127.019 Y175.164 E.00255
G1 X127.038 Y175.235 E.00255
G1 X127.079 Y175.224 E.00147
G1 X127.827 Y175.087 F30000
;WIDTH:0.419999
G1 F9171.582
G1 X161.369 Y141.545 E1.77011
G1 X161.533 Y141.316 E.01051
;WIDTH:0.39365
G1 F9882.353
G1 X161.492 Y141.327 E.00147
G1 X161.473 Y141.256 E.00255
G1 X161.544 Y141.275 E.00255
G1 X161.368 Y142.063 F30000
;WIDTH:0.419999
G1 F9171.582
G1 X128.345 Y175.087 E1.74274
G1 X128.863 Y175.087 E.01933
G1 X161.496 Y142.454 E1.72213
G1 X161.671 Y142.797 E.01437
G1 X129.381 Y175.087 E1.70403
G1 X129.899 Y175.087 E.01933
G1 X161.917 Y143.069 E1.68968
G1 X162.21 Y143.294 E.01379
G1 X130.417 Y175.087 E1.67781
G1 X130.935 Y175.087 E.01933
G1 X162.565 Y143.457 E1.6692
G1 X163.004 Y143.536 E.01664
G1 X131.453 Y175.087 E1.66503
G1 X131.861 Y175.273 E.01673
;WIDTH:0.39365
G1 F9882.353
G1 X131.82 Y175.284 E.00147
G1 X131.801 Y175.213 E.00255
G1 X131.872 Y175.232 E.00255
;WIDTH:0.419999
G1 F9171.582
G1 X131.971 Y175.087 E.00655
G1 X163.563 Y143.495 E1.6672
;WIPE_START
G1 F24000
G1 X153.639 Y153.419 E-1
;WIPE_END
G1 Z1.85 F600
G1 X162.683 Y140.184 F30000
G1 Z1.45 F600
G1 E1 F1800
;WIDTH:0.39365
G1 F9882.353
G1 X162.642 Y140.195 E.00147
G1 X162.623 Y140.124 E.00255
G1 X162.694 Y140.143 E.00255
;WIDTH:0.419999
G1 F9171.582
G1 X162.912 Y140.002 E.00969
G1 X168.887 Y134.027 E.31532
G1 X168.887 Y134.545 E.01933
G1 X163.408 Y140.023 E.28912
G1 X163.812 Y140.137 E.01566
G1 X168.887 Y135.063 E.2678
G1 X168.887 Y135.581 E.01933
G1 X164.152 Y140.316 E.24988
G1 X164.42 Y140.565 E.01365
G1 X168.887 Y136.099 E.23571
G1 X168.887 Y136.617 E.01933
G1 X164.655 Y140.849 E.22333
G1 X164.804 Y141.218 E.01485
G1 X168.887 Y137.135 E.21547
G1 X168.887 Y137.653 E.01933
G1 X164.906 Y141.634 E.21009
G1 X163.822 Y143.326 F30000
;WIDTH:0.39365
G1 F9882.353
G1 X163.978 Y143.225 E.00644
G1 X164.437 Y142.797 E.02173
G1 X164.679 Y142.456 E.01448
;WIDTH:0.419999
G1 F9171.582
G1 X164.861 Y142.197 E.01181
G1 X168.887 Y138.171 E.21246
G1 X168.887 Y138.689 E.01933
G1 X132.489 Y175.087 E1.92082
G1 X132.271 Y175.183 E.00889
;WIDTH:0.39365
G1 F9882.353
G1 X132.2 Y175.164 E.00255
G1 X132.219 Y175.235 E.00255
G1 X132.26 Y175.224 E.00147
G1 X133.007 Y175.087 F30000
;WIDTH:0.419999
G1 F9171.582
G1 X168.887 Y139.207 E1.89349
G1 X168.887 Y139.726 E.01937
G1 X133.526 Y175.087 E1.8661
G1 X134.044 Y175.087 E.01933
G1 X168.887 Y140.244 E1.83876
G1 X168.887 Y140.762 E.01933
G1 X134.562 Y175.087 E1.81143
G1 X135.08 Y175.087 E.01933
G1 X168.887 Y141.28 E1.78409
M73 P69 R5
G1 X168.887 Y141.798 E.01933
G1 X135.598 Y175.087 E1.75675
G1 X136.116 Y175.087 E.01933
G1 X168.887 Y142.316 E1.72942
G1 X168.887 Y142.834 E.01933
G1 X136.634 Y175.087 E1.70208
G1 X137.152 Y175.087 E.01933
G1 X168.887 Y143.352 E1.67474
G1 X168.887 Y143.87 E.01933
G1 X137.67 Y175.087 E1.64741
G1 X137.571 Y175.232 E.00655
;WIDTH:0.39365
G1 F9882.353
G1 X137.5 Y175.213 E.00255
G1 X137.519 Y175.284 E.00255
G1 X137.56 Y175.273 E.00147
;WIDTH:0.419999
G1 F9171.582
G1 X137.959 Y175.224 E.015
;WIDTH:0.39365
G1 F9882.353
G1 X137.918 Y175.235 E.00147
G1 X137.899 Y175.164 E.00255
G1 X137.97 Y175.183 E.00255
;WIDTH:0.419999
G1 F9171.582
G1 X138.188 Y175.087 E.00889
G1 X161.388 Y151.887 E1.22433
G1 X161.589 Y151.658 E.01137
;WIDTH:0.39365
G1 F9882.353
G1 X161.548 Y151.669 E.00147
G1 X161.529 Y151.598 E.00255
G1 X161.6 Y151.617 E.00255
;WIDTH:0.419999
G1 F9171.582
G1 X161.905 Y151.182 E.01982
;WIDTH:0.39365
G1 F9882.353
G1 X162.304 Y150.816 E.01875
G1 X162.46 Y150.716 E.00642
;WIDTH:0.419999
G1 F9171.582
G1 X162.719 Y150.556 E.01136
G1 X168.887 Y144.388 E.3255
G1 X168.887 Y144.907 E.01937
G1 X163.279 Y150.514 E.29592
G1 X163.71 Y150.601 E.01641
G1 X168.887 Y145.425 E.27318
G1 X168.887 Y145.943 E.01933
G1 X164.056 Y150.774 E.25495
G1 X164.355 Y150.992 E.01381
G1 X168.887 Y146.461 E.23914
G1 X168.887 Y146.979 E.01933
G1 X164.59 Y151.275 E.22674
G1 X164.765 Y151.618 E.01437
G1 X168.887 Y147.497 E.2175
G1 X168.887 Y148.015 E.01933
G1 X164.886 Y152.016 E.21114
G1 X164.764 Y152.827 F30000
;WIDTH:0.39365
G1 F9882.353
G1 X164.723 Y152.838 E.00147
G1 X164.704 Y152.767 E.00255
G1 X164.775 Y152.786 E.00255
;WIDTH:0.419999
G1 F9171.582
G1 X164.882 Y152.538 E.01008
G1 X168.887 Y148.533 E.21136
;WIPE_START
G1 F24000
G1 X164.882 Y152.538 E-.40355
G1 X164.775 Y152.786 E-.01924
G1 X164.704 Y152.767 E-.00524
G1 X164.723 Y152.838 E-.00524
G1 X164.764 Y152.827 E-.00302
;WIPE_END
G1 E-.56371 F1800
G1 Z1.85 F600
G1 X161.351 Y152.442 F30000
G1 Z1.45 F600
G1 E1 F1800
G1 F9171.582
G1 X138.707 Y175.087 E1.19501
G1 X139.225 Y175.087 E.01933
G1 X161.458 Y152.853 E1.17332
G1 X161.612 Y153.218 E.01478
G1 X139.743 Y175.087 E1.15409
G1 X140.261 Y175.087 E.01933
G1 X161.85 Y153.497 E1.13934
G1 X162.119 Y153.747 E.0137
G1 X140.779 Y175.087 E1.12617
G1 X141.297 Y175.087 E.01933
G1 X162.467 Y153.916 E1.11723
G1 X162.877 Y154.025 E.01583
G1 X141.815 Y175.087 E1.1115
G1 X142.223 Y175.273 E.01673
;WIDTH:0.39365
G1 F9882.353
G1 X142.182 Y175.284 E.00147
G1 X142.162 Y175.213 E.00255
G1 X142.234 Y175.232 E.00258
;WIDTH:0.419999
G1 F9171.582
G1 X142.333 Y175.087 E.00655
G1 X163.379 Y154.041 E1.11066
G1 X163.666 Y153.91 E.01177
;WIDTH:0.39365
G1 F9882.353
G1 X163.624 Y153.921 E.0015
G1 X163.605 Y153.85 E.00255
G1 X163.677 Y153.869 E.00258
G1 X168.887 Y149.051 F30000
;WIDTH:0.419999
G1 F9171.582
G1 X142.851 Y175.087 E1.37399
G1 X142.633 Y175.183 E.00889
;WIDTH:0.39365
G1 F9882.353
G1 X142.562 Y175.164 E.00255
G1 X142.581 Y175.235 E.00255
G1 X142.622 Y175.224 E.00147
G1 X143.369 Y175.087 F30000
;WIDTH:0.419999
G1 F9171.582
G1 X168.887 Y149.569 E1.34666
G1 X168.887 Y150.087 E.01933
G1 X143.887 Y175.087 E1.31932
G1 X144.406 Y175.087 E.01937
G1 X168.887 Y150.606 E1.29193
G1 X168.887 Y151.124 E.01933
G1 X144.924 Y175.087 E1.26459
G1 X145.442 Y175.087 E.01933
G1 X168.887 Y151.642 E1.23726
G1 X168.887 Y152.16 E.01933
G1 X145.96 Y175.087 E1.20992
G1 X146.478 Y175.087 E.01933
G1 X168.887 Y152.678 E1.18259
G1 X168.887 Y153.196 E.01933
G1 X146.996 Y175.087 E1.15525
G1 X147.514 Y175.087 E.01933
G1 X168.887 Y153.714 E1.12791
G1 X168.887 Y154.232 E.01933
G1 X148.032 Y175.087 E1.10058
G1 X148.55 Y175.087 E.01933
G1 X168.887 Y154.75 E1.07324
G1 X168.887 Y155.268 E.01933
G1 X149.068 Y175.087 E1.0459
G1 X149.587 Y175.087 E.01937
G1 X168.887 Y155.787 E1.01852
G1 X168.887 Y156.305 E.01933
G1 X150.105 Y175.087 E.99118
G1 X150.623 Y175.087 E.01933
G1 X168.887 Y156.823 E.96384
G1 X168.887 Y157.341 E.01933
G1 X151.141 Y175.087 E.93651
G1 X151.659 Y175.087 E.01933
G1 X168.887 Y157.859 E.90917
G1 X168.887 Y158.377 E.01933
G1 X152.177 Y175.087 E.88183
G1 X152.695 Y175.087 E.01933
G1 X168.887 Y158.895 E.8545
G1 X168.887 Y159.413 E.01933
G1 X153.213 Y175.087 E.82716
G1 X153.731 Y175.087 E.01933
G1 X168.887 Y159.931 E.79982
G1 X168.887 Y160.449 E.01933
G1 X154.249 Y175.087 E.77249
G1 X154.767 Y175.087 E.01933
G1 X168.887 Y160.967 E.74515
M73 P70 R5
G1 X168.887 Y161.486 E.01937
G1 X155.286 Y175.087 E.71776
G1 X155.804 Y175.087 E.01933
G1 X168.887 Y162.004 E.69043
G1 X168.887 Y162.522 E.01933
G1 X156.322 Y175.087 E.66309
G1 X156.84 Y175.087 E.01933
G1 X168.887 Y163.04 E.63575
G1 X168.887 Y163.558 E.01933
G1 X157.358 Y175.087 E.60842
G1 X157.765 Y175.273 E.0167
;WIDTH:0.39365
G1 F9882.353
G1 X157.724 Y175.284 E.00147
G1 X157.705 Y175.213 E.00255
G1 X157.776 Y175.232 E.00255
;WIDTH:0.419999
G1 F9171.582
G1 X157.876 Y175.087 E.00657
G1 X168.887 Y164.076 E.58108
G1 X168.887 Y164.594 E.01933
G1 X164.646 Y168.835 E.22381
G1 X164.557 Y169.006 E.00719
;WIDTH:0.39365
G1 F9882.353
G1 X164.387 Y169.009 E.00589
G1 X165.342 Y168.657 F30000
;WIDTH:0.419999
G1 F9171.582
G1 X168.887 Y165.112 E.18708
G1 X168.887 Y165.63 E.01933
G1 X165.886 Y168.631 E.15837
G1 X168.887 Y166.332 F30000
G1 F9171.582
G1 X168.887 Y170.68 E.16225
G1 X168.734 Y170.335 E.01408
G1 X168.481 Y169.952 E.01713
G1 X168.19 Y169.619 E.0165
G1 X167.859 Y169.328 E.01645
G1 X167.492 Y169.081 E.01651
G1 X167.097 Y168.885 E.01645
G1 X166.681 Y168.743 E.0164
G1 X166.344 Y168.691 E.01272
G1 X168.887 Y166.148 E.1342
G1 X168.52 Y167.033 F30000
G1 F9171.582
G1 X167.067 Y168.487 E.07671
G1 X167.633 Y168.741 E.02315
G1 X168.1 Y169.052 E.02094
G1 X168.52 Y169.441 E.02136
G1 X168.52 Y167.216 E.08303
G1 X168.161 Y167.901 F30000
;WIDTH:0.406055
G1 F9534.484
G1 X167.692 Y168.369 E.02378
G1 X168.161 Y168.655 E.01972
G1 X168.161 Y168.084 E.0205
G1 X162.805 Y170.761 F30000
;WIDTH:0.39365
G1 F9882.353
G1 X162.809 Y170.587 E.00603
G1 X162.807 Y170.754 E.00578
;WIDTH:0.419999
G1 F9171.582
G1 X162.635 Y170.846 E.00728
G1 X158.394 Y175.087 E.22381
G1 X158.176 Y175.183 E.00889
;WIDTH:0.39365
G1 F9882.353
G1 X158.105 Y175.164 E.00255
G1 X158.124 Y175.235 E.00255
G1 X158.165 Y175.224 E.00147
G1 X158.912 Y175.087 F30000
;WIDTH:0.419999
G1 F9171.582
G1 X162.457 Y171.542 E.18708
G1 X162.431 Y172.086 E.02032
G1 X159.43 Y175.087 E.15837
G1 X159.331 Y175.232 E.00655
;WIDTH:0.39365
G1 F9882.353
G1 X159.26 Y175.213 E.00255
G1 X159.279 Y175.284 E.00255
G1 X159.32 Y175.273 E.00147
G1 X162.517 Y172.726 F30000
;WIDTH:0.419999
G1 F9171.582
G1 X162.535 Y172.848 E.0046
G1 X162.68 Y173.285 E.01718
G1 X162.875 Y173.681 E.01647
G1 X163.12 Y174.048 E.01647
G1 X163.41 Y174.381 E.01648
G1 X163.741 Y174.672 E.01645
G1 X164.108 Y174.919 E.01651
G1 X164.48 Y175.087 E.01523
G1 X159.948 Y175.087 E.16912
G1 X162.491 Y172.545 E.13417
G1 X162.287 Y173.266 F30000
G1 F9171.582
G1 X160.833 Y174.72 E.07673
G1 X163.24 Y174.72 E.08982
G1 X162.859 Y174.309 E.02091
G1 X162.576 Y173.896 E.01868
G1 X162.351 Y173.438 E.01904
G1 X162.169 Y173.892 E.01825
;WIDTH:0.405912
G1 F9538.355
G1 X161.7 Y174.361 E.0238
G1 X162.456 Y174.361 E.02713
G1 X162.265 Y174.048 E.01316
G1 X165.816 Y170.203 F30000
;TYPE:Internal infill
;WIDTH:0.45
G1 F8477.366
G1 X165.577 Y170.216 E.00966
G1 X165.255 Y170.285 E.01329
G1 X165.033 Y170.366 E.00954
G1 X164.613 Y170.645 E.02036
G1 X164.481 Y170.768 E.00728
G1 X164.142 Y171.282 E.02486
G1 X164.069 Y171.542 E.0109
G1 X163.149 Y170.623 E.0525
G1 X163.035 Y170.855 E.01044
G1 X162.909 Y171.225 E.01578
G1 X162.833 Y171.609 E.0158
G1 X162.807 Y172 E.01582
G1 X162.833 Y172.391 E.01582
G1 X162.909 Y172.775 E.0158
G1 X163.035 Y173.145 E.01578
G1 X163.208 Y173.496 E.0158
G1 X163.426 Y173.821 E.0158
G1 X163.684 Y174.116 E.01582
G1 X163.979 Y174.374 E.01582
G1 X164.304 Y174.592 E.0158
G1 X164.655 Y174.765 E.0158
G1 X164.93 Y174.859 E.01173
G1 X166.018 Y173.772 E.06209
G1 X166.257 Y173.731 E.00979
G1 X167.494 Y174.968 E.07063
G1 X167.898 Y174.797 E.01771
G1 X168.292 Y174.491 E.02014
G1 X168.596 Y174.093 E.02022
G1 X168.806 Y173.595 E.02182
G1 X168.852 Y173.367 E.00939
G1 X168.872 Y173.065 E.01222
G1 X168.872 Y171.146 E.07747
G1 X168.675 Y171.178 E.00806
G1 X168.659 Y171.13 E.00204
G1 X167.572 Y172.218 E.06209
G1 X167.608 Y172 E.00892
G1 X167.518 Y171.465 E.0219
G1 X167.392 Y171.162 E.01325
G1 X167.18 Y170.847 E.01533
G1 X166.953 Y170.62 E.01296
G1 X166.636 Y170.407 E.01542
G1 X166.446 Y170.331 E.00826
G1 X115.068 Y173.571 F30000
G1 F8477.366
G1 X115.353 Y173.38 E.01385
G1 X115.58 Y173.153 E.01296
G1 X115.792 Y172.838 E.01533
G1 X115.918 Y172.534 E.01329
G1 X116.008 Y171.984 E.0225
G1 X115.931 Y171.542 E.01811
G1 X116.851 Y170.623 E.0525
G1 X116.965 Y170.855 E.01044
G1 X117.091 Y171.225 E.01578
G1 X117.167 Y171.609 E.0158
G1 X117.193 Y172 E.01582
G1 X117.167 Y172.391 E.01582
G1 X117.091 Y172.775 E.0158
G1 X116.965 Y173.145 E.01578
G1 X116.792 Y173.496 E.0158
G1 X116.574 Y173.821 E.0158
G1 X116.316 Y174.116 E.01582
G1 X116.021 Y174.374 E.01582
G1 X115.696 Y174.592 E.0158
G1 X115.345 Y174.765 E.0158
G1 X115.07 Y174.859 E.01173
G1 X113.982 Y173.772 E.06209
G1 X113.743 Y173.731 E.00979
G1 X112.512 Y174.961 E.07025
G1 X112.327 Y174.91 E.00775
G1 X111.896 Y174.656 E.0202
G1 X111.544 Y174.302 E.02015
G1 X111.275 Y173.838 E.02165
G1 X111.2 Y173.623 E.00919
G1 X111.148 Y173.367 E.01055
G1 X111.128 Y173.065 E.01222
G1 X111.128 Y171.146 E.07747
G1 X111.325 Y171.178 E.00806
G1 X111.341 Y171.13 E.00204
G1 X112.429 Y172.218 E.06212
G1 X112.393 Y172 E.00892
G1 X112.481 Y171.469 E.02173
G1 X112.608 Y171.163 E.01338
G1 X112.82 Y170.847 E.01536
G1 X113.047 Y170.62 E.01296
G1 X113.362 Y170.409 E.01531
G1 X113.552 Y170.328 E.00834
G1 X166.447 Y109.671 F30000
G1 F8477.366
G1 X166.638 Y109.592 E.00834
G1 X166.953 Y109.38 E.01533
G1 X167.18 Y109.153 E.01296
G1 X167.392 Y108.838 E.01533
G1 X167.518 Y108.535 E.01325
G1 X167.608 Y108 E.0219
G1 X167.572 Y107.782 E.00892
G1 X168.659 Y108.87 E.06209
G1 X168.675 Y108.822 E.00204
G1 X168.872 Y108.854 E.00806
G1 X168.872 Y106.935 E.07747
G1 X168.852 Y106.633 E.01222
G1 X168.806 Y106.405 E.00939
G1 X168.596 Y105.907 E.02182
G1 X168.292 Y105.509 E.02022
G1 X167.898 Y105.203 E.02014
G1 X167.494 Y105.032 E.01771
G1 X166.258 Y106.268 E.07057
G1 X166.016 Y106.227 E.00991
G1 X164.915 Y105.126 E.06286
G1 X164.304 Y105.408 E.02717
G1 X163.979 Y105.626 E.0158
G1 X163.684 Y105.884 E.01582
G1 X163.426 Y106.179 E.01582
G1 X163.208 Y106.504 E.0158
G1 X163.035 Y106.855 E.0158
G1 X162.909 Y107.225 E.01578
G1 X162.833 Y107.609 E.0158
G1 X162.807 Y108 E.01582
G1 X162.833 Y108.391 E.01582
G1 X162.909 Y108.775 E.0158
G1 X163.035 Y109.145 E.01578
G1 X163.149 Y109.377 E.01044
G1 X164.069 Y108.458 E.0525
G1 X163.993 Y108.015 E.01815
G1 X164.081 Y107.47 E.02229
G1 X164.208 Y107.164 E.01338
G1 X164.42 Y106.847 E.0154
G1 X164.647 Y106.62 E.01296
G1 X164.932 Y106.429 E.01385
;LAYER_CHANGE
;Z:1.7
;HEIGHT:0.25
G92 E0
;WIPE_START
G1 F24000
G1 X164.647 Y106.62 E-.02444
G1 X164.42 Y106.847 E-.02287
G1 X164.208 Y107.164 E-.02717
G1 X164.081 Y107.47 E-.02361
G1 X163.993 Y108.015 E-.03933
G1 X164.069 Y108.458 E-.03202
G1 X163.149 Y109.377 E-.09265
G1 X163.035 Y109.145 E-.01842
G1 X162.909 Y108.775 E-.02785
G1 X162.833 Y108.391 E-.02789
G1 X162.807 Y108 E-.02792
G1 X162.833 Y107.609 E-.02792
G1 X162.909 Y107.225 E-.02789
G1 X163.035 Y106.855 E-.02785
G1 X163.208 Y106.504 E-.02788
G1 X163.426 Y106.179 E-.02788
G1 X163.684 Y105.884 E-.02792
G1 X163.979 Y105.626 E-.02792
G1 X164.304 Y105.408 E-.02788
G1 X164.915 Y105.126 E-.04795
G1 X166.016 Y106.227 E-.11094
G1 X166.258 Y106.268 E-.01749
G1 X167.494 Y105.032 E-.12454
G1 X167.898 Y105.203 E-.03126
G1 X168.292 Y105.509 E-.03554
G1 X168.596 Y105.907 E-.03568
G1 X168.647 Y106.027 E-.00929
;WIPE_END
G1 Z1.85 F600
G1 X168.554 Y105.298 F30000
G1 Z1.7 F600
G1 E1 F1800
M204 S5000
;TYPE:Perimeter
;WIDTH:0.449999
G1 F8477.377

G1 X168.798 Y105.616 E.01618
G1 X168.973 Y105.933 E.01462
G1 X169.152 Y106.416 E.0208
G1 X169.209 Y106.959 E.02204
G1 X169.209 Y172.304 E2.63809
G1 X169.206 Y173.112 E.03262
G1 X169.129 Y173.695 E.02374
G1 X168.89 Y174.263 E.02488
G1 X168.533 Y174.73 E.02373
G1 X168.193 Y174.995 E.0174
G1 X167.872 Y175.174 E.01484
G1 X167.396 Y175.352 E.02052
G1 X166.896 Y175.409 E.02032
G1 X113.543 Y175.409 E2.15396
G1 X112.792 Y175.388 E.03033
G1 X112.195 Y175.223 E.02501
G1 X111.688 Y174.924 E.02376
G1 X111.274 Y174.508 E.02369
G1 X111.024 Y174.077 E.02012
G1 X110.859 Y173.636 E.01901
G1 X110.791 Y173.077 E.02273
G1 X110.794 Y106.888 E2.67217
G1 X110.871 Y106.305 E.02374
G1 X111.11 Y105.737 E.02488
G1 X111.467 Y105.27 E.02373
G1 X111.807 Y105.006 E.01738
G1 X112.073 Y104.849 E.01247
G1 X112.604 Y104.648 E.02292
G1 X113.104 Y104.591 E.02032
G1 X166.958 Y104.597 E2.17418
G1 X167.523 Y104.678 E.02304
G1 X168.07 Y104.91 E.02399
G1 X168.513 Y105.255 E.02267

M204 S10000
G1 X168.857 Y105.066 F30000
M204 S3000
;TYPE:External perimeter
;WIDTH:0.419999
G1 F9171.582

G1 X169.223 Y105.544 E.02247
G1 X169.437 Y106.053 E.0206
G1 X169.545 Y106.437 E.01489
G1 X169.59 Y106.959 E.01955
G1 X169.59 Y107.379 E.01567
G1 X169.59 Y171.884 E2.40707
G1 X169.59 Y172.304 E.01567
G1 X169.587 Y173.137 E.03108
G1 X169.495 Y173.808 E.02527
G1 X169.223 Y174.456 E.02622
G1 X168.806 Y175.001 E.02561
G1 X168.265 Y175.422 E.02558
G1 X168.021 Y175.525 E.00988
G1 X167.473 Y175.725 E.02177
G1 X166.909 Y175.79 E.02119
G1 X166.489 Y175.79 E.01567
G1 X113.963 Y175.79 E1.96006
G1 X113.543 Y175.79 E.01567
G1 X112.727 Y175.766 E.03046
G1 X112.045 Y175.577 E.02641
G1 X111.452 Y175.228 E.02568
G1 X110.969 Y174.742 E.02557
G1 X110.619 Y174.139 E.02602
G1 X110.462 Y173.597 E.02106
G1 X110.41 Y173.089 E.01906
G1 X110.413 Y106.863 E2.47129
G1 X110.505 Y106.192 E.02527
G1 X110.777 Y105.544 E.02622
G1 X111.194 Y104.999 E.02561
G1 X111.735 Y104.578 E.02558
G1 X111.99 Y104.471 E.01032
G1 X112.526 Y104.275 E.0213
G1 X113.091 Y104.21 E.02122
G1 X113.511 Y104.21 E.01567
G1 X166.566 Y104.215 E1.9798
G1 X166.985 Y104.216 E.01564
G1 X167.626 Y104.308 E.02416
G1 X168.265 Y104.578 E.02589
G1 X168.82 Y105.018 E.02643

M204 S10000
G1 X168.749 Y105.451 F30000
G1 X165.836 Y106.55
M204 S5000
;TYPE:Perimeter
;WIDTH:0.449999
G1 F3000
G1 X166.396 Y106.658 E.02302
G1 X166.838 Y106.961 E.02163
G1 X167.148 Y107.415 E.02219
G1 X167.27 Y108 E.02413
G1 X167.189 Y108.457 E.01874
G1 X167.104 Y108.661 E.00892
G1 X166.908 Y108.954 E.01423
G1 X166.754 Y109.108 E.00879
G1 X166.46 Y109.305 E.01429
G1 X166.254 Y109.39 E.009
G1 X165.789 Y109.468 E.01904
G1 X165.279 Y109.373 E.02094
G1 X164.785 Y109.06 E.02361
G1 X164.472 Y108.622 E.02173
G1 X164.342 Y108.108 E.0214
G1 X164.342 Y107.892 E.00872
G1 X164.41 Y107.546 E.01424
G1 X164.495 Y107.34 E.009
G1 X164.692 Y107.046 E.01429
G1 X164.846 Y106.892 E.00879
G1 X165.332 Y106.613 E.02262
G1 X165.777 Y106.538 E.01822
M204 S10000
G1 X165.775 Y106.919 F30000
M204 S3000
;TYPE:External perimeter
;WIDTH:0.419999
G1 F3000
G1 X166.248 Y107.012 E.01799
G1 X166.591 Y107.259 E.01577
G1 X166.815 Y107.618 E.01579
G1 X166.885 Y108.036 E.01582
G1 X166.788 Y108.448 E.01579
G1 X166.541 Y108.791 E.01577
G1 X166.181 Y109.016 E.01584
G1 X165.765 Y109.084 E.01573
G1 X165.352 Y108.988 E.01582
G1 X165.039 Y108.776 E.01411
G1 X164.784 Y108.381 E.01754
G1 X164.716 Y107.965 E.01573
G1 X164.812 Y107.552 E.01582
G1 X165.059 Y107.209 E.01577
G1 X165.414 Y106.985 E.01566
G1 X165.716 Y106.93 E.01145
M204 S10000
G1 X165.976 Y106.573 F30000
;WIPE_START
G1 F24000
G1 X166.248 Y107.012 E-.03835
G1 X166.591 Y107.259 E-.03012
G1 X166.815 Y107.618 E-.03015
G1 X166.885 Y108.036 E-.0302
G1 X166.788 Y108.448 E-.03016
G1 X166.541 Y108.791 E-.03012
G1 X166.181 Y109.016 E-.03025
G1 X165.765 Y109.084 E-.03003
G1 X165.352 Y108.988 E-.03021
G1 X165.039 Y108.776 E-.02694
G1 X164.784 Y108.381 E-.0335
G1 X164.716 Y107.965 E-.03003
G1 X164.812 Y107.552 E-.03021
G1 X165.059 Y107.209 E-.03012
G1 X165.414 Y106.985 E-.02991
G1 X165.716 Y106.93 E-.02187
;WIPE_END
G1 E-.51783 F1800
G1 Z2.1 F600
G1 X164.504 Y142.221 F30000
G1 Z1.7 F600
G1 E1 F1800
M204 S5000
;TYPE:Perimeter
;WIDTH:0.449999
G1 F3000
G1 X164.351 Y142.57 E.01538
G1 X164.216 Y142.746 E.00895
G1 X163.857 Y143.046 E.01889
G1 X163.368 Y143.219 E.02094
G1 X162.856 Y143.207 E.02068
G1 X162.644 Y143.15 E.00886
G1 X162.191 Y142.899 E.02091
G1 X161.861 Y142.511 E.02056
G1 X161.685 Y142.027 E.02079
G1 X161.692 Y141.504 E.02112
G1 X161.749 Y141.29 E.00894
G1 X161.905 Y140.974 E.01423
G1 X162.04 Y140.798 E.00895
G1 X162.463 Y140.469 E.02163
G1 X162.957 Y140.317 E.02087
G1 X163.502 Y140.354 E.02205
G1 X164.016 Y140.606 E.02311
G1 X164.397 Y141.038 E.02325
G1 X164.556 Y141.474 E.01874
G1 X164.585 Y141.692 E.00888
G1 X164.555 Y142.103 E.01664
G1 X164.528 Y142.166 E.00277
M204 S10000
G1 X164.164 Y142.081 F30000
M204 S3000
;TYPE:External perimeter
;WIDTH:0.419999
G1 F3000
G1 X163.965 Y142.459 E.01594
G1 X163.605 Y142.739 E.01702
G1 X163.233 Y142.851 E.0145
G1 X162.813 Y142.808 E.01575
G1 X162.441 Y142.609 E.01574
G1 X162.173 Y142.283 E.01575
G1 X162.051 Y141.88 E.01571
G1 X162.091 Y141.459 E.01578
G1 X162.247 Y141.143 E.01315
G1 X162.608 Y140.822 E.01803
G1 X163.049 Y140.694 E.01714
G1 X163.442 Y140.737 E.01475
G1 X163.814 Y140.936 E.01574
G1 X164.082 Y141.264 E.01581
G1 X164.204 Y141.667 E.01571
G1 X164.17 Y142.021 E.01327
M204 S10000
G1 X164.439 Y142.372 F30000
;WIPE_START
G1 F24000
G1 X163.965 Y142.459 E-.03446
G1 X163.605 Y142.739 E-.03249
G1 X163.233 Y142.851 E-.02768
G1 X162.813 Y142.808 E-.03008
G1 X162.441 Y142.609 E-.03006
G1 X162.173 Y142.283 E-.03007
G1 X162.051 Y141.88 E-.03
G1 X162.091 Y141.459 E-.03013
G1 X162.247 Y141.143 E-.02511
G1 X162.608 Y140.822 E-.03442
G1 X163.049 Y140.694 E-.03272
G1 X163.442 Y140.737 E-.02817
G1 X163.814 Y140.936 E-.03006
G1 X164.082 Y141.264 E-.03018
G1 X164.204 Y141.667 E-.03
G1 X164.17 Y142.021 E-.02534
;WIPE_END
G1 E-.51903 F1800
G1 Z2.1 F600
G1 X163.233 Y153.723 F30000
G1 Z1.7 F600
G1 E1 F1800
M204 S5000
;TYPE:Perimeter
;WIDTH:0.449999
G1 F3000
G1 X162.802 Y153.706 E.01741
G1 X162.329 Y153.5 E.02083
G1 X162.154 Y153.365 E.00892
G1 X161.83 Y152.956 E.02107
G1 X161.673 Y152.461 E.02097
G1 X161.699 Y151.95 E.02066
G1 X161.904 Y151.48 E.0207
G1 X162.039 Y151.304 E.00895
G1 X162.452 Y150.978 E.02124
G1 X162.979 Y150.819 E.02222
G1 X163.529 Y150.867 E.02229
G1 X164.016 Y151.11 E.02197
G1 X164.396 Y151.54 E.02317
G1 X164.556 Y151.977 E.01879
G1 X164.585 Y152.194 E.00884
G1 X164.555 Y152.608 E.01676
G1 X164.35 Y153.076 E.02063
G1 X164.215 Y153.252 E.00895
G1 X163.854 Y153.551 E.01892
G1 X163.346 Y153.727 E.0217
G1 X163.293 Y153.725 E.00214
M204 S10000
G1 X163.243 Y153.351 F30000
M204 S3000
;TYPE:External perimeter
;WIDTH:0.419999
G1 F3000
G1 X162.813 Y153.313 E.01611
G1 X162.441 Y153.114 E.01574
G1 X162.173 Y152.786 E.01581
G1 X162.051 Y152.383 E.01571
G1 X162.091 Y151.964 E.01571
G1 X162.29 Y151.591 E.01578
G1 X162.621 Y151.321 E.01594
G1 X163.017 Y151.198 E.01547
G1 X163.442 Y151.242 E.01594
G1 X163.814 Y151.441 E.01574
G1 X164.082 Y151.767 E.01575
G1 X164.204 Y152.17 E.01571
G1 X164.164 Y152.591 E.01578
G1 X163.964 Y152.964 E.01579
G1 X163.637 Y153.232 E.01578
G1 X163.301 Y153.334 E.0131
M204 S10000
G1 X163.081 Y153.717 F30000
G1 X165.32 Y170.622
M204 S5000
;TYPE:Perimeter
;WIDTH:0.449999
G1 F3000
G1 X165.728 Y170.535 E.01684
G1 X166.238 Y170.607 E.02079
G1 X166.46 Y170.695 E.00964
G1 X166.754 Y170.892 E.01429
G1 X166.908 Y171.046 E.00879
G1 X167.104 Y171.339 E.01423
G1 X167.189 Y171.543 E.00892
G1 X167.27 Y172 E.01874
G1 X167.148 Y172.585 E.02413
G1 X166.838 Y173.039 E.02219
G1 X166.391 Y173.345 E.02187
G1 X165.898 Y173.461 E.02045
G1 X165.689 Y173.459 E.00844
G1 X165.343 Y173.389 E.01425
M73 P71 R5
G1 X165.139 Y173.304 E.00892
G1 X164.846 Y173.108 E.01423
G1 X164.692 Y172.954 E.00879
G1 X164.495 Y172.66 E.01429
G1 X164.41 Y172.454 E.009
G1 X164.332 Y171.989 E.01904
G1 X164.427 Y171.479 E.02094
G1 X164.692 Y171.046 E.02049
G1 X164.934 Y170.833 E.01302
G1 X165.261 Y170.635 E.01543
M204 S10000
G1 X165.398 Y170.996 F30000
M204 S3000
;TYPE:External perimeter
;WIDTH:0.419999
G1 F3000
G1 X165.783 Y170.918 E.01466
G1 X166.248 Y171.012 E.0177
G1 X166.591 Y171.259 E.01577
G1 X166.815 Y171.618 E.01579
G1 X166.885 Y172.032 E.01567
G1 X166.788 Y172.448 E.01594
G1 X166.541 Y172.791 E.01577
M73 P71 R4
G1 X166.182 Y173.015 E.01579
G1 X165.764 Y173.085 E.01582
G1 X165.352 Y172.988 E.01579
G1 X165.009 Y172.741 E.01577
G1 X164.784 Y172.381 E.01584
G1 X164.716 Y171.965 E.01573
G1 X164.812 Y171.552 E.01582
G1 X165.059 Y171.209 E.01577
G1 X165.347 Y171.028 E.01269
M204 S10000
G1 X165.452 Y170.607 F30000
G1 X124.965 Y150.831
M204 S5000
;TYPE:Perimeter
;WIDTH:0.449999
G1 F3000
G1 X125.019 Y150.816 E.00226
G1 X125.524 Y150.867 E.02049
G1 X125.985 Y151.092 E.02071
G1 X126.348 Y151.478 E.02139
G1 X126.551 Y151.977 E.02175
G1 X126.58 Y152.194 E.00884
G1 X126.558 Y152.546 E.01424
G1 X126.501 Y152.76 E.00894
G1 X126.259 Y153.204 E.02041
G1 X125.858 Y153.546 E.02128
G1 X125.388 Y153.717 E.02019
G1 X124.852 Y153.712 E.02164
G1 X124.639 Y153.655 E.0089
G1 X124.19 Y153.408 E.02069
G1 X123.853 Y153.012 E.02099
G1 X123.675 Y152.504 E.02173
G1 X123.698 Y151.933 E.02307
G1 X123.925 Y151.433 E.02217
G1 X124.299 Y151.071 E.02101
G1 X124.499 Y150.958 E.00927
G1 X124.907 Y150.847 E.01707
M204 S10000
G1 X125.049 Y151.199 F30000
M204 S3000
;TYPE:External perimeter
;WIDTH:0.419999
G1 F3000
G1 X125.437 Y151.242 E.01457
G1 X125.809 Y151.441 E.01574
G1 X126.077 Y151.767 E.01575
G1 X126.199 Y152.17 E.01571
G1 X126.177 Y152.522 E.01316
G1 X125.967 Y152.957 E.01803
G1 X125.633 Y153.232 E.01614
G1 X125.229 Y153.355 E.01576
G1 X124.808 Y153.313 E.01579
G1 X124.436 Y153.114 E.01574
G1 X124.168 Y152.786 E.01581
G1 X124.045 Y152.382 E.01576
G1 X124.087 Y151.963 E.01571
G1 X124.285 Y151.591 E.01573
G1 X124.616 Y151.321 E.01594
G1 X124.991 Y151.213 E.01456
M204 S10000
G1 X125.215 Y150.845 F30000
G1 X126.577 Y141.676
M204 S5000
;TYPE:Perimeter
;WIDTH:0.449999
G1 F3000
G1 X126.543 Y142.137 E.01866
G1 X126.329 Y142.602 E.02067
G1 X125.947 Y142.978 E.02164
G1 X125.757 Y143.088 E.00886
G1 X125.257 Y143.232 E.02101
G1 X124.734 Y143.187 E.02119
G1 X124.261 Y142.958 E.02122
G1 X123.905 Y142.582 E.0209
G1 X123.807 Y142.406 E.00813
G1 X123.664 Y141.891 E.02158
G1 X123.706 Y141.392 E.02022
G1 X123.929 Y140.923 E.02097
G1 X124.301 Y140.566 E.02082
G1 X124.5 Y140.454 E.00922
G1 X125.008 Y140.312 E.0213
G1 X125.511 Y140.358 E.02039
G1 X125.982 Y140.585 E.02111
G1 X126.329 Y140.951 E.02036
G1 X126.438 Y141.141 E.00884
G1 X126.577 Y141.617 E.02002
M204 S10000
G1 X126.198 Y141.663 F30000
M204 S3000
;TYPE:External perimeter
;WIDTH:0.419999
G1 F3000
G1 X126.159 Y142.086 E.01585
G1 X125.96 Y142.459 E.01578
G1 X125.633 Y142.727 E.01578
G1 X125.228 Y142.851 E.01581
G1 X124.808 Y142.808 E.01575
G1 X124.436 Y142.609 E.01574
G1 X124.168 Y142.283 E.01575
G1 X124.045 Y141.879 E.01576
G1 X124.087 Y141.458 E.01579
G1 X124.251 Y141.126 E.01382
G1 X124.616 Y140.817 E.01785
G1 X125.044 Y140.694 E.01662
G1 X125.437 Y140.737 E.01475
G1 X125.809 Y140.936 E.01574
G1 X126.077 Y141.264 E.01581
G1 X126.181 Y141.605 E.0133
M204 S10000
G1 X126.563 Y141.826 F30000
G1 X113.196 Y170.942
M204 S5000
;TYPE:Perimeter
;WIDTH:0.449999
G1 F3000
G1 X113.246 Y170.892 E.00285
G1 X113.733 Y170.613 E.02266
G1 X114.149 Y170.534 E.01709
G1 X114.711 Y170.624 E.02298
G1 X115.154 Y170.892 E.0209
G1 X115.308 Y171.046 E.00879
G1 X115.572 Y171.476 E.02037
G1 X115.669 Y171.989 E.02108
G1 X115.589 Y172.457 E.01917
G1 X115.504 Y172.661 E.00892
G1 X115.308 Y172.954 E.01423
G1 X115.154 Y173.108 E.00879
G1 X114.861 Y173.304 E.01423
G1 X114.657 Y173.389 E.00892
G1 X114.2 Y173.47 E.01874
G1 X113.609 Y173.345 E.02439
G1 X113.161 Y173.037 E.02195
G1 X112.852 Y172.584 E.02214
G1 X112.74 Y172.097 E.02017
G1 X112.742 Y171.89 E.00836
G1 X112.81 Y171.544 E.01424
G1 X112.896 Y171.339 E.00897
G1 X113.092 Y171.046 E.01423
G1 X113.154 Y170.984 E.00354
M204 S10000
G1 X113.444 Y171.229 F30000
M204 S3000
;TYPE:External perimeter
;WIDTH:0.419999
G1 F3000
G1 X113.815 Y170.985 E.01657
G1 X114.183 Y170.918 E.01396
G1 X114.648 Y171.012 E.0177
G1 X114.991 Y171.259 E.01577
G1 X115.215 Y171.618 E.01579
G1 X115.285 Y172.036 E.01582
G1 X115.188 Y172.448 E.01579
G1 X114.941 Y172.791 E.01577
G1 X114.582 Y173.015 E.01579
G1 X114.164 Y173.085 E.01582
G1 X113.752 Y172.988 E.01579
G1 X113.409 Y172.741 E.01577
G1 X113.184 Y172.381 E.01584
G1 X113.116 Y172.031 E.0133
G1 X113.212 Y171.552 E.01823
G1 X113.409 Y171.278 E.01259
M204 S10000
G1 X113.342 Y170.843 F30000
;WIPE_START
G1 F24000
G1 X113.815 Y170.985 E-.03567
G1 X114.183 Y170.918 E-.02665
G1 X114.648 Y171.012 E-.0338
G1 X114.991 Y171.259 E-.03012
G1 X115.215 Y171.618 E-.03015
G1 X115.285 Y172.036 E-.0302
G1 X115.188 Y172.448 E-.03016
G1 X114.941 Y172.791 E-.03012
G1 X114.582 Y173.015 E-.03015
G1 X114.164 Y173.085 E-.0302
G1 X113.752 Y172.988 E-.03016
G1 X113.409 Y172.741 E-.03012
G1 X113.184 Y172.381 E-.03025
G1 X113.116 Y172.031 E-.0254
G1 X113.212 Y171.552 E-.03481
G1 X113.409 Y171.278 E-.02404
;WIPE_END
G1 E-.518 F1800
G1 Z2.1 F600
G1 X114.108 Y106.545 F30000
G1 Z1.7 F600
G1 E1 F1800
M204 S5000
;TYPE:Perimeter
;WIDTH:0.449999
G1 F3000
G1 X114.177 Y106.537 E.0028
G1 X114.682 Y106.619 E.02065
G1 X115 Y106.776 E.01432
G1 X115.175 Y106.91 E.0089
G1 X115.407 Y107.175 E.01422
G1 X115.518 Y107.366 E.00892
G1 X115.657 Y107.816 E.01901
G1 X115.625 Y108.356 E.02184
G1 X115.4 Y108.843 E.02166
G1 X115.025 Y109.207 E.0211
G1 X114.834 Y109.318 E.00892
G1 X114.405 Y109.455 E.01818
G1 X113.93 Y109.437 E.01919
G1 X113.716 Y109.38 E.00894
G1 X113.399 Y109.223 E.01428
G1 X113.225 Y109.09 E.00884
G1 X112.993 Y108.825 E.01422
G1 X112.882 Y108.634 E.00892
G1 X112.747 Y108.216 E.01773
G1 X112.763 Y107.73 E.01963
G1 X112.857 Y107.442 E.01223
G1 X113.048 Y107.089 E.0162
G1 X113.441 Y106.742 E.02117
G1 X113.964 Y106.56 E.02236
G1 X114.049 Y106.551 E.00345
M204 S10000
G1 X114.167 Y106.92 F30000
M204 S3000
;TYPE:External perimeter
;WIDTH:0.419999
G1 F3000
G1 X114.514 Y106.961 E.01304
G1 X114.888 Y107.162 E.01584
G1 X115.157 Y107.488 E.01577
G1 X115.279 Y107.892 E.01575
G1 X115.238 Y108.314 E.01582
G1 X115.038 Y108.688 E.01583
G1 X114.711 Y108.957 E.0158
G1 X114.307 Y109.08 E.01576
G1 X113.885 Y109.038 E.01583
G1 X113.512 Y108.838 E.01579
G1 X113.243 Y108.511 E.0158
G1 X113.123 Y108.15 E.0142
G1 X113.162 Y107.685 E.01741
G1 X113.366 Y107.308 E.016
G1 X113.695 Y107.041 E.01581
G1 X114.108 Y106.927 E.01599
M204 S10000
G1 X114.319 Y106.606 F30000
;WIPE_START
G1 F24000
G1 X114.514 Y106.961 E-.02903
G1 X114.888 Y107.162 E-.03025
G1 X115.157 Y107.488 E-.03011
G1 X115.279 Y107.892 E-.03007
G1 X115.238 Y108.314 E-.03021
G1 X115.038 Y108.688 E-.03022
G1 X114.711 Y108.957 E-.03017
G1 X114.307 Y109.08 E-.03009
G1 X113.885 Y109.038 E-.03022
G1 X113.512 Y108.838 E-.03016
G1 X113.243 Y108.511 E-.03017
G1 X113.123 Y108.15 E-.02711
G1 X113.162 Y107.685 E-.03325
G1 X113.366 Y107.308 E-.03054
G1 X113.695 Y107.041 E-.03019
G1 X114.108 Y106.927 E-.03053
;WIPE_END
G1 E-.51768 F1800
G1 Z2.1 F600
G1 X113.559 Y109.678 F30000
G1 Z1.7 F600
G1 E1 F1800
;TYPE:Internal infill
;WIDTH:0.45
G1 F8477.366
G1 X113.238 Y109.519 E.01446
G1 X112.981 Y109.323 E.01305
G1 X112.731 Y109.037 E.01534
G1 X112.567 Y108.755 E.01317
G1 X112.415 Y108.278 E.02021
G1 X112.401 Y108.12 E.0064
G1 X112.422 Y107.789 E.01339
G1 X111.341 Y108.87 E.06172
G1 X111.325 Y108.822 E.00204
G1 X111.128 Y108.854 E.00806
G1 X111.128 Y106.935 E.07747
G1 X111.148 Y106.633 E.01222
G1 X111.194 Y106.405 E.00939
G1 X111.404 Y105.907 E.02182
G1 X111.708 Y105.509 E.02022
G1 X112.102 Y105.203 E.02014
G1 X112.506 Y105.032 E.01771
G1 X113.75 Y106.276 E.07103
G1 X114.002 Y106.209 E.01053
G1 X115.07 Y105.141 E.06098
G1 X115.345 Y105.235 E.01173
G1 X115.696 Y105.408 E.0158
G1 X116.021 Y105.626 E.0158
G1 X116.316 Y105.884 E.01582
G1 X116.574 Y106.179 E.01582
G1 X116.792 Y106.504 E.0158
G1 X116.965 Y106.855 E.0158
G1 X117.091 Y107.225 E.01578
G1 X117.167 Y107.609 E.0158
G1 X117.193 Y108 E.01582
G1 X117.167 Y108.391 E.01582
G1 X117.091 Y108.775 E.0158
G1 X116.965 Y109.145 E.01578
G1 X116.851 Y109.377 E.01044
G1 X115.941 Y108.468 E.05193
G1 X115.886 Y108.626 E.00675
G1 X115.653 Y109.073 E.02035
G1 X115.517 Y109.224 E.0082
G1 X115.132 Y109.548 E.02031
G1 X114.949 Y109.635 E.00818
G1 X114.454 Y109.79 E.02094
G1 X114.175 Y109.782 E.01127
G1 X164.932 Y106.429 F30000
G1 F8477.366
G1 X164.647 Y106.62 E.01385
G1 X164.42 Y106.847 E.01296
G1 X164.208 Y107.164 E.0154
G1 X164.081 Y107.47 E.01338
G1 X163.993 Y108.015 E.02229
G1 X164.069 Y108.458 E.01815
G1 X163.149 Y109.377 E.0525
G1 X163.035 Y109.145 E.01044
G1 X162.909 Y108.775 E.01578
G1 X162.833 Y108.391 E.0158
G1 X162.807 Y108 E.01582
G1 X162.833 Y107.609 E.01582
G1 X162.909 Y107.225 E.0158
G1 X163.035 Y106.855 E.01578
G1 X163.208 Y106.504 E.0158
G1 X163.426 Y106.179 E.0158
G1 X163.684 Y105.884 E.01582
G1 X163.979 Y105.626 E.01582
G1 X164.304 Y105.408 E.0158
G1 X164.655 Y105.235 E.0158
G1 X164.93 Y105.141 E.01173
G1 X166.018 Y106.229 E.06212
G1 X166.258 Y106.269 E.00982
G1 X167.494 Y105.032 E.0706
G1 X167.898 Y105.203 E.01771
G1 X168.292 Y105.509 E.02014
G1 X168.596 Y105.907 E.02022
G1 X168.806 Y106.405 E.02182
G1 X168.852 Y106.633 E.00939
G1 X168.872 Y106.935 E.01222
G1 X168.872 Y108.854 E.07747
G1 X168.675 Y108.822 E.00806
G1 X168.659 Y108.87 E.00204
G1 X167.572 Y107.782 E.06209
G1 X167.608 Y108 E.00892
G1 X167.518 Y108.535 E.0219
G1 X167.392 Y108.838 E.01325
G1 X167.18 Y109.153 E.01533
G1 X166.953 Y109.38 E.01296
G1 X166.636 Y109.592 E.0154
G1 X166.447 Y109.671 E.00827
G1 X165.816 Y170.204 F30000
G1 F8477.366
G1 X165.567 Y170.217 E.01007
G1 X165.252 Y170.285 E.01301
G1 X165.032 Y170.366 E.00946
G1 X164.613 Y170.645 E.02032
G1 X164.481 Y170.768 E.00728
G1 X164.142 Y171.282 E.02486
G1 X164.069 Y171.542 E.0109
G1 X163.149 Y170.623 E.0525
G1 X163.035 Y170.855 E.01044
G1 X162.909 Y171.225 E.01578
G1 X162.833 Y171.609 E.0158
G1 X162.807 Y172 E.01582
G1 X162.833 Y172.391 E.01582
G1 X162.909 Y172.775 E.0158
G1 X163.035 Y173.145 E.01578
G1 X163.208 Y173.496 E.0158
G1 X163.426 Y173.821 E.0158
G1 X163.684 Y174.116 E.01582
G1 X163.979 Y174.374 E.01582
G1 X164.304 Y174.592 E.0158
G1 X164.655 Y174.765 E.0158
G1 X164.93 Y174.859 E.01173
G1 X166.018 Y173.772 E.06209
G1 X166.257 Y173.731 E.00979
G1 X167.494 Y174.968 E.07063
G1 X167.898 Y174.797 E.01771
G1 X168.292 Y174.491 E.02014
G1 X168.596 Y174.093 E.02022
G1 X168.806 Y173.595 E.02182
G1 X168.852 Y173.367 E.00939
G1 X168.872 Y173.065 E.01222
G1 X168.872 Y171.146 E.07747
G1 X168.675 Y171.178 E.00806
G1 X168.659 Y171.13 E.00204
G1 X167.572 Y172.218 E.06209
G1 X167.608 Y172 E.00892
G1 X167.518 Y171.465 E.0219
G1 X167.392 Y171.162 E.01325
G1 X167.18 Y170.847 E.01533
G1 X166.953 Y170.62 E.01296
G1 X166.636 Y170.407 E.01542
G1 X166.446 Y170.332 E.00825
G1 X115.068 Y173.571 F30000
G1 F8477.366
G1 X115.353 Y173.38 E.01385
G1 X115.58 Y173.153 E.01296
G1 X115.792 Y172.838 E.01533
G1 X115.918 Y172.534 E.01329
G1 X116.008 Y171.984 E.0225
G1 X115.931 Y171.542 E.01811
G1 X116.851 Y170.623 E.0525
G1 X116.965 Y170.855 E.01044
G1 X117.091 Y171.225 E.01578
G1 X117.167 Y171.609 E.0158
G1 X117.193 Y172 E.01582
G1 X117.167 Y172.391 E.01582
G1 X117.091 Y172.775 E.0158
G1 X116.965 Y173.145 E.01578
G1 X116.792 Y173.496 E.0158
G1 X116.574 Y173.821 E.0158
G1 X116.316 Y174.116 E.01582
G1 X116.021 Y174.374 E.01582
G1 X115.696 Y174.592 E.0158
G1 X115.345 Y174.765 E.0158
G1 X115.07 Y174.859 E.01173
G1 X113.982 Y173.772 E.06209
G1 X113.743 Y173.731 E.00979
G1 X112.512 Y174.961 E.07025
G1 X112.327 Y174.91 E.00775
G1 X111.896 Y174.656 E.0202
G1 X111.544 Y174.302 E.02015
G1 X111.275 Y173.838 E.02165
G1 X111.2 Y173.623 E.00919
G1 X111.148 Y173.367 E.01055
G1 X111.128 Y173.065 E.01222
G1 X111.128 Y171.146 E.07747
G1 X111.325 Y171.178 E.00806
G1 X111.341 Y171.13 E.00204
G1 X112.429 Y172.218 E.06212
G1 X112.393 Y171.999 E.00896
G1 X112.482 Y171.468 E.02174
G1 X112.608 Y171.162 E.01336
G1 X112.82 Y170.847 E.01533
G1 X113.047 Y170.62 E.01296
G1 X113.362 Y170.409 E.01531
G1 X113.552 Y170.328 E.00834
G1 X111.113 Y165.914 F30000
;TYPE:Solid infill
;WIDTH:0.419999
G1 F9171.582
G1 X111.113 Y170.673 E.17759
G1 X111.221 Y170.428 E.00999
G1 X111.51 Y169.965 E.02037
G1 X111.819 Y169.61 E.01756
G1 X112.152 Y169.32 E.01648
G1 X112.519 Y169.075 E.01647
G1 X112.915 Y168.88 E.01647
G1 X113.333 Y168.739 E.01646
G1 X113.849 Y168.65 E.01954
G1 X111.243 Y166.044 E.13753
G1 X111.113 Y165.396 E.02466
G1 X114.352 Y168.635 E.17093
G1 X115.244 Y168.841 F30000
;WIDTH:0.39365
G1 F9882.353
G1 X115.255 Y168.882 E.00147
G1 X115.183 Y168.901 E.00258
G1 X115.203 Y168.83 E.00255
;WIDTH:0.419999
G1 F9171.582
G1 X114.954 Y168.719 E.01017
G1 X111.113 Y164.878 E.2027
G1 X111.113 Y164.36 E.01933
G1 X115.775 Y169.022 E.24603
G1 X116.034 Y169.224 E.01226
;WIDTH:0.39365
G1 F9882.353
G1 X116.23 Y169.387 E.00883
G1 X116.974 Y170.166 E.03731
G1 X115.688 Y175.012 F30000
;WIDTH:0.419999
G1 F9171.582
G1 X115.865 Y174.934 E.00722
G1 X116.248 Y174.681 E.01713
G1 X116.581 Y174.39 E.0165
G1 X116.872 Y174.059 E.01645
G1 X117.135 Y173.663 E.01774
G1 X117.418 Y172.995 E.02707
G1 X117.55 Y172.351 E.02453
G1 X120.286 Y175.087 E.14439
G1 X115.52 Y175.087 E.17785
G1 X116.759 Y174.72 F30000
G1 F9171.582
G1 X119.401 Y174.72 E.09859
G1 X117.771 Y173.09 E.08602
G1 X117.471 Y173.807 E.029
G1 X117.192 Y174.243 E.01932
G1 X116.888 Y174.59 E.01721
G1 X117.597 Y174.333 F30000
;WIDTH:0.462211
G1 F8223.986
G1 X118.466 Y174.333 E.03616
G1 X117.907 Y173.774 E.0329
G1 X117.699 Y174.181 E.01902
G1 X117.565 Y171.848 F30000
;WIDTH:0.419999
G1 F9171.582
G1 X120.804 Y175.087 E.17093
G1 X121.322 Y175.087 E.01933
G1 X117.485 Y171.249 E.20252
G1 X117.359 Y170.963 E.01166
;WIDTH:0.39365
G1 F9882.353
G1 X117.37 Y171.004 E.00147
G1 X117.299 Y171.023 E.00255
G1 X117.318 Y170.952 E.00255
;WIDTH:0.419999
G1 F9171.582
G1 X117.178 Y170.425 E.02035
G1 X121.84 Y175.087 E.24603
G1 X122.088 Y175.153 E.00958
;WIDTH:0.39365
G1 F9882.353
G1 X122.069 Y175.224 E.00255
G1 X122.14 Y175.205 E.00255
G1 X122.129 Y175.164 E.00147
;WIDTH:0.419999
G1 F9171.582
G1 X122.358 Y175.087 E.00902
G1 X111.113 Y163.842 E.59343
G1 X111.113 Y163.324 E.01933
G1 X122.876 Y175.087 E.62077
G1 X123.394 Y175.087 E.01933
G1 X111.113 Y162.806 E.6481
G1 X111.113 Y162.288 E.01933
G1 X123.912 Y175.087 E.67544
G1 X124.43 Y175.087 E.01933
G1 X111.113 Y161.77 E.70278
G1 X111.113 Y161.251 E.01937
G1 X124.949 Y175.087 E.73016
G1 X125.467 Y175.087 E.01933
G1 X111.113 Y160.733 E.7575
G1 X111.113 Y160.215 E.01933
G1 X125.985 Y175.087 E.78484
G1 X126.503 Y175.087 E.01933
G1 X111.113 Y159.697 E.81217
G1 X111.113 Y159.179 E.01933
G1 X127.021 Y175.087 E.83951
G1 X127.539 Y175.087 E.01933
G1 X111.113 Y158.661 E.86685
G1 X111.113 Y158.143 E.01933
G1 X128.057 Y175.087 E.89418
G1 X128.575 Y175.087 E.01933
G1 X111.113 Y157.625 E.92152
G1 X111.113 Y157.107 E.01933
G1 X129.093 Y175.087 E.94885
G1 X129.611 Y175.087 E.01933
G1 X111.113 Y156.589 E.97619
G1 X111.113 Y156.071 E.01933
G1 X130.129 Y175.087 E1.00353
G1 X130.648 Y175.087 E.01937
G1 X111.113 Y155.552 E1.03092
G1 X111.113 Y155.034 E.01933
G1 X131.166 Y175.087 E1.05825
G1 X131.684 Y175.087 E.01933
G1 X111.113 Y154.516 E1.08559
G1 X111.113 Y153.998 E.01933
G1 X132.202 Y175.087 E1.11293
G1 X132.72 Y175.087 E.01933
G1 X111.113 Y153.48 E1.14026
G1 X111.113 Y152.962 E.01933
G1 X133.238 Y175.087 E1.1676
G1 X133.756 Y175.087 E.01933
G1 X111.113 Y152.444 E1.19493
G1 X111.113 Y151.926 E.01933
G1 X134.274 Y175.087 E1.22227
G1 X134.792 Y175.087 E.01933
G1 X111.113 Y151.408 E1.24961
G1 X111.113 Y150.89 E.01933
G1 X135.31 Y175.087 E1.27694
G1 X135.829 Y175.087 E.01937
G1 X111.113 Y150.371 E1.30433
G1 X111.113 Y149.853 E.01933
G1 X136.347 Y175.087 E1.33167
M73 P72 R4
G1 X136.865 Y175.087 E.01933
G1 X111.113 Y149.335 E1.35901
G1 X111.113 Y148.817 E.01933
G1 X137.383 Y175.087 E1.38634
G1 X137.901 Y175.087 E.01933
G1 X111.113 Y148.299 E1.41368
G1 X111.113 Y147.781 E.01933
G1 X138.419 Y175.087 E1.44101
G1 X138.937 Y175.087 E.01933
G1 X111.113 Y147.263 E1.46835
G1 X111.113 Y146.745 E.01933
G1 X139.455 Y175.087 E1.49569
G1 X139.973 Y175.087 E.01933
G1 X111.113 Y146.227 E1.52302
G1 X111.113 Y145.709 E.01933
G1 X140.491 Y175.087 E1.55036
G1 X141.009 Y175.087 E.01933
G1 X111.113 Y145.191 E1.5777
G1 X111.113 Y144.672 E.01937
G1 X141.528 Y175.087 E1.60508
G1 X142.046 Y175.087 E.01933
G1 X111.113 Y144.154 E1.63242
G1 X111.113 Y143.636 E.01933
G1 X142.564 Y175.087 E1.65976
G1 X143.082 Y175.087 E.01933
G1 X111.113 Y143.118 E1.68709
G1 X111.113 Y142.6 E.01933
G1 X143.6 Y175.087 E1.71443
G1 X144.118 Y175.087 E.01933
G1 X111.113 Y142.082 E1.74177
G1 X111.113 Y141.564 E.01933
G1 X144.636 Y175.087 E1.7691
G1 X145.443 Y175.164 F30000
;WIDTH:0.39365
G1 F9882.353
G1 X145.454 Y175.205 E.00147
G1 X145.383 Y175.224 E.00255
G1 X145.402 Y175.153 E.00255
;WIDTH:0.419999
G1 F9171.582
G1 X145.154 Y175.087 E.00958
G1 X111.113 Y141.046 E1.79644
G1 X111.113 Y140.528 E.01933
G1 X123.463 Y152.877 E.65172
G1 X123.628 Y152.916 E.00633
;WIDTH:0.39365
G1 F9882.353
G1 X123.648 Y153.158 E.00841
G1 X124.078 Y153.617 E.02178
G1 X124.29 Y153.773 E.00912
;WIDTH:0.419999
G1 F9171.582
G1 X124.549 Y153.964 E.01201
G1 X145.672 Y175.087 E1.11472
G1 X146.19 Y175.087 E.01933
G1 X125.158 Y154.054 E1.10994
G1 X125.599 Y153.978 E.0167
G1 X146.709 Y175.087 E1.11401
G1 X147.227 Y175.087 E.01933
G1 X125.982 Y153.842 E1.12116
G1 X126.275 Y153.617 E.01379
G1 X147.745 Y175.087 E1.13303
G1 X148.263 Y175.087 E.01933
G1 X126.541 Y153.365 E1.14633
G1 X126.721 Y153.027 E.01429
G1 X148.781 Y175.087 E1.16417
G1 X149.299 Y175.087 E.01933
G1 X126.866 Y152.653 E1.18388
G1 X126.895 Y152.165 E.01824
G1 X149.817 Y175.087 E1.20966
G1 X123.353 Y152.249 F30000
G1 F9171.582
G1 X111.113 Y140.01 E.64591
G1 X111.113 Y139.491 E.01937
G1 X123.406 Y151.784 E.64874
G1 X123.568 Y151.428 E.0146
G1 X111.113 Y138.973 E.65729
G1 X111.113 Y138.455 E.01933
G1 X123.775 Y151.117 E.66821
G1 X124.044 Y150.868 E.01368
G1 X111.113 Y137.937 E.68241
G1 X111.113 Y137.419 E.01933
G1 X124.366 Y150.672 E.6994
G1 X124.752 Y150.539 E.01524
G1 X111.113 Y136.901 E.71974
G1 X111.113 Y136.383 E.01933
G1 X125.243 Y150.513 E.74568
G1 X125.488 Y150.601 E.00971
;WIDTH:0.39365
G1 F9882.353
G1 X125.469 Y150.673 E.00258
G1 X125.54 Y150.654 E.00255
G1 X125.529 Y150.612 E.0015
G1 X126.481 Y151.195 F30000
G1 F9882.353
G1 X126.231 Y150.928 E.01267
;WIDTH:0.419999
G1 F9171.582
G1 X125.972 Y150.724 E.0123
G1 X111.113 Y135.865 E.78415
G1 X126.702 Y151.454 F30000
G1 F9171.582
G1 X150.335 Y175.087 E1.24718
G1 X150.583 Y175.153 E.00958
;WIDTH:0.39365
G1 F9882.353
G1 X150.564 Y175.224 E.00255
G1 X150.635 Y175.205 E.00255
G1 X150.624 Y175.164 E.00147
;WIDTH:0.419999
G1 F9171.582
G1 X150.853 Y175.087 E.00902
G1 X111.113 Y135.347 E2.09719
G1 X111.113 Y134.829 E.01933
G1 X151.371 Y175.087 E2.12453
G1 X151.89 Y175.087 E.01937
G1 X111.113 Y134.31 E2.15192
G1 X111.113 Y133.792 E.01933
G1 X152.408 Y175.087 E2.17925
M73 P73 R4
G1 X152.926 Y175.087 E.01933
G1 X111.113 Y133.274 E2.20659
G1 X111.113 Y132.756 E.01933
G1 X153.444 Y175.087 E2.23393
G1 X153.962 Y175.087 E.01933
G1 X111.113 Y132.238 E2.26126
G1 X111.113 Y131.72 E.01933
G1 X154.48 Y175.087 E2.2886
G1 X154.998 Y175.087 E.01933
G1 X111.113 Y131.202 E2.31593
G1 X111.113 Y130.684 E.01933
G1 X155.516 Y175.087 E2.34327
G1 X155.764 Y175.153 E.00958
;WIDTH:0.39365
G1 F9882.353
G1 X155.745 Y175.224 E.00255
G1 X155.816 Y175.205 E.00255
G1 X155.805 Y175.164 E.00147
G1 X111.48 Y169.44 F30000
;WIDTH:0.419999
G1 F9171.582
G1 X111.891 Y169.059 E.02091
G1 X112.346 Y168.752 E.02048
G1 X112.797 Y168.533 E.01871
G1 X113.108 Y168.427 E.01226
G1 X111.48 Y166.799 E.08591
G1 X111.48 Y169.257 E.09172
G1 X111.867 Y168.603 F30000
;WIDTH:0.462317
G1 F8221.853
G1 X112.417 Y168.284 E.02647
G1 X111.867 Y167.734 E.03238
G1 X111.867 Y168.42 E.02856
G1 X123.541 Y142.593 F30000
;WIDTH:0.419999
G1 F9171.582
G1 X111.113 Y130.166 E.65583
G1 X111.113 Y129.648 E.01933
G1 X123.346 Y141.881 E.64557
G1 X123.464 Y142.099 E.00925
;WIDTH:0.39365
G1 F9882.353
G1 X123.445 Y142.17 E.00255
G1 X123.516 Y142.151 E.00255
G1 X123.505 Y142.11 E.00147
;WIDTH:0.419999
G1 F9171.582
G1 X123.38 Y141.396 E.02705
G1 X111.113 Y129.13 E.64734
G1 X111.113 Y128.611 E.01937
G1 X123.524 Y141.022 E.65496
G1 X123.703 Y140.684 E.01427
G1 X111.113 Y128.093 E.66444
G1 X111.113 Y127.575 E.01933
G1 X123.971 Y140.433 E.67855
G1 X124.262 Y140.206 E.01377
G1 X111.113 Y127.057 E.69391
G1 X111.113 Y126.539 E.01933
G1 X124.645 Y140.071 E.71412
G1 X125.088 Y139.996 E.01677
G1 X111.113 Y126.021 E.7375
G1 X111.113 Y125.503 E.01933
G1 X125.707 Y140.097 E.77017
G1 X125.966 Y140.287 E.01199
;WIDTH:0.39365
G1 F9882.353
G1 X126.196 Y140.459 E.00995
G1 X126.61 Y140.908 E.02115
G1 X126.614 Y141.108 E.00693
;WIPE_START
G1 F24000
G1 X126.61 Y140.908 E-.01425
G1 X126.196 Y140.459 E-.04351
G1 X125.966 Y140.287 E-.02046
G1 X125.707 Y140.097 E-.02289
G1 X116.786 Y131.176 E-.89889
;WIPE_END
G1 Z2.1 F600
G1 X123.762 Y142.852 F30000
G1 Z1.7 F600
G1 E1 F1800
G1 F9882.353
G1 X124.014 Y143.122 E.01279
;WIDTH:0.419999
G1 F9171.582
G1 X124.274 Y143.326 E.01233
G1 X156.034 Y175.087 E1.67609
G1 X156.552 Y175.087 E.01933
G1 X125.002 Y143.536 E1.66501
G1 X124.776 Y143.376 E.01033
;WIDTH:0.39365
G1 F9882.353
G1 X124.787 Y143.417 E.00147
G1 X124.716 Y143.437 E.00255
G1 X124.735 Y143.365 E.00258
G1 X125.498 Y143.514 F30000
;WIDTH:0.419999
G1 F9171.582
G1 X157.07 Y175.087 E1.66617
G1 X157.589 Y175.087 E.01937
G1 X125.88 Y143.379 E1.67335
G1 X126.201 Y143.181 E.01407
G1 X158.107 Y175.087 E1.68377
G1 X158.625 Y175.087 E.01933
G1 X126.469 Y142.931 E1.69696
G1 X126.677 Y142.621 E.01393
G1 X159.143 Y175.087 E1.71332
G1 X159.661 Y175.087 E.01933
G1 X126.839 Y142.265 E1.73211
G1 X126.889 Y141.797 E.01756
G1 X160.179 Y175.087 E1.75681
G1 X160.945 Y175.153 F30000
;WIDTH:0.39365
G1 F9882.353
G1 X160.926 Y175.224 E.00255
G1 X160.997 Y175.205 E.00255
G1 X160.986 Y175.164 E.00147
;WIDTH:0.419999
G1 F9171.582
G1 X160.697 Y175.087 E.01116
G1 X126.784 Y141.174 E1.78968
G1 X111.113 Y124.985 F30000
G1 F9171.582
G1 X161.215 Y175.087 E2.64402
G1 X161.733 Y175.087 E.01933
G1 X111.113 Y124.467 E2.67136
G1 X111.113 Y123.949 E.01933
G1 X162.251 Y175.087 E2.6987
G1 X162.77 Y175.087 E.01937
G1 X111.113 Y123.43 E2.72608
G1 X111.113 Y122.912 E.01933
G1 X163.288 Y175.087 E2.75342
M73 P74 R4
G1 X163.806 Y175.087 E.01933
G1 X111.113 Y122.394 E2.78076
G1 X111.113 Y121.876 E.01933
G1 X162.831 Y173.594 E2.7293
G1 X163.035 Y173.853 E.0123
;WIDTH:0.39365
G1 F9882.353
G1 X163.465 Y174.332 E.02229
;WIDTH:0.4096
G1 F9439.528
G1 X164.177 Y174.948 E.03414
;WIDTH:0.45502
G1 F8371.328
G1 X164.231 Y174.997 E.00298
;WIDTH:0.50044
G1 F7520.311
G1 X164.285 Y175.047 E.00335
G1 X162.706 Y172.989 F30000
;WIDTH:0.39365
G1 F9882.353
G1 X162.717 Y173.03 E.00147
G1 X162.646 Y173.049 E.00255
G1 X162.665 Y172.978 E.00255
;WIDTH:0.419999
G1 F9171.582
G1 X162.518 Y172.763 E.00972
G1 X111.113 Y121.358 E2.71279
G1 X111.113 Y120.84 E.01933
G1 X162.436 Y172.163 E2.70846
G1 X162.448 Y171.656 E.01892
G1 X111.113 Y120.322 E2.70907
G1 X111.113 Y119.804 E.01933
G1 X162.523 Y171.213 E2.71302
G1 X162.645 Y170.817 E.01546
G1 X111.113 Y119.286 E2.71946
G1 X111.113 Y118.768 E.01933
G1 X162.805 Y170.459 E2.72791
G1 X162.997 Y170.134 E.01409
G1 X111.113 Y118.25 E2.73806
G1 X111.113 Y117.731 E.01937
G1 X163.219 Y169.837 E2.74978
G1 X163.467 Y169.567 E.01368
G1 X111.113 Y117.213 E2.76287
G1 X111.113 Y116.695 E.01933
G1 X163.743 Y169.325 E2.77743
G1 X164.053 Y169.117 E.01393
G1 X111.113 Y116.177 E2.79379
G1 X111.113 Y115.659 E.01933
G1 X164.393 Y168.939 E2.81173
G1 X164.766 Y168.794 E.01493
G1 X111.113 Y115.141 E2.83142
G1 X111.113 Y114.623 E.01933
G1 X165.18 Y168.69 E2.85327
G1 X165.647 Y168.639 E.01753
G1 X111.113 Y114.105 E2.87791
G1 X111.113 Y113.587 E.01933
G1 X166.178 Y168.652 E2.90593
G1 X167.101 Y168.961 F30000
;WIDTH:0.39365
G1 F9882.353
G1 X166.96 Y168.977 E.00491
;WIDTH:0.419999
G1 F9171.582
G1 X166.842 Y168.797 E.00803
G1 X111.113 Y113.069 E2.94095
M73 P75 R4
G1 X111.113 Y112.55 E.01937
G1 X168.887 Y170.324 E3.0489
G1 X168.983 Y170.024 E.01175
;WIDTH:0.39365
G1 F9882.353
G1 X168.964 Y170.095 E.00255
G1 X169.035 Y170.076 E.00255
G1 X169.024 Y170.035 E.00147
;WIDTH:0.419999
G1 F9171.582
G1 X168.887 Y169.806 E.00996
G1 X111.113 Y112.032 E3.0489
G1 X111.113 Y111.514 E.01933
G1 X168.887 Y169.288 E3.0489
G1 X168.887 Y168.77 E.01933
G1 X111.113 Y110.996 E3.0489
G1 X111.113 Y110.478 E.01933
G1 X168.887 Y168.252 E3.0489
G1 X168.887 Y167.734 E.01933
G1 X111.113 Y109.96 E3.0489
G1 X111.148 Y109.486 E.01774
;WIDTH:0.490152
G1 F7697.559
G1 X111.227 Y109.581 E.00549
;WIDTH:0.441901
G1 F8654.195
G1 X111.306 Y109.676 E.00489
;WIDTH:0.39365
G1 F9882.353
G1 X111.886 Y110.335 E.0304
G1 X112.415 Y110.804 E.02448
;WIDTH:0.419999
G1 F9171.582
G1 X112.674 Y111.002 E.01217
G1 X168.887 Y167.215 E2.96652
G1 X168.887 Y166.697 E.01933
G1 X113.48 Y111.291 E2.92396
G1 X113.251 Y111.112 E.01085
;WIDTH:0.39365
G1 F9882.353
G1 X113.262 Y111.153 E.00147
G1 X113.191 Y111.172 E.00255
G1 X113.21 Y111.101 E.00255
G1 X114.074 Y111.367 F30000
;WIDTH:0.419999
G1 F9171.582
G1 X168.887 Y166.179 E2.89261
G1 X168.887 Y165.661 E.01933
G1 X114.576 Y111.35 E2.86614
G1 X115.015 Y111.272 E.01664
G1 X168.887 Y165.143 E2.84295
G1 X168.887 Y164.625 E.01933
G1 X115.408 Y111.147 E2.82221
G1 X115.764 Y110.984 E.01461
G1 X168.887 Y164.107 E2.80345
G1 X168.887 Y163.589 E.01933
G1 X116.087 Y110.789 E2.7864
G1 X116.382 Y110.565 E.01382
G1 X168.887 Y163.071 E2.77086
G1 X168.887 Y162.553 E.01933
G1 X116.649 Y110.314 E2.75677
G1 X116.889 Y110.037 E.01368
G1 X168.887 Y162.034 E2.74405
G1 X168.887 Y161.516 E.01933
G1 X117.097 Y109.726 E2.7331
G1 X117.273 Y109.384 E.01435
G1 X168.887 Y160.998 E2.72382
G1 X168.983 Y160.698 E.01175
;WIDTH:0.39365
G1 F9882.353
G1 X168.964 Y160.769 E.00255
G1 X169.035 Y160.75 E.00255
M73 P76 R4
G1 X169.024 Y160.709 E.00147
G1 X161.583 Y153.176 F30000
;WIDTH:0.419999
G1 F9171.582
G1 X117.415 Y109.008 E2.33087
G1 X117.516 Y108.591 E.01601
G1 X161.352 Y152.427 E2.31335
G1 X161.476 Y152.645 E.00936
;WIDTH:0.39365
G1 F9882.353
G1 X161.457 Y152.716 E.00255
G1 X161.529 Y152.697 E.00258
G1 X161.518 Y152.656 E.00147
;WIDTH:0.419999
G1 F9171.582
G1 X161.379 Y151.936 E.02736
G1 X117.567 Y108.124 E2.31208
G1 X117.548 Y107.587 E.02005
G1 X161.516 Y151.555 E2.32031
G1 X161.692 Y151.213 E.01435
G1 X117.386 Y106.907 E2.33815
G1 X117.21 Y106.648 E.01169
;WIDTH:0.39365
G1 F9882.353
G1 X116.888 Y106.221 E.01852
G1 X115.951 Y105.285 F30000
;WIDTH:0.40172
G1 F9653.231
G1 X115.478 Y104.904 E.02153
;WIDTH:0.419999
G1 F9171.582
G1 X115.911 Y104.914 E.01616
G1 X161.954 Y150.957 E2.42982
G1 X162.241 Y150.726 E.01375
G1 X116.429 Y104.914 E2.41763
G1 X116.947 Y104.914 E.01933
G1 X162.62 Y150.586 E2.41027
G1 X163.054 Y150.503 E.01649
G1 X117.465 Y104.914 E2.40586
G1 X161.819 Y153.435 F30000
;WIDTH:0.39365
G1 F9882.353
G1 X161.943 Y153.562 E.00615
;WIDTH:0.419999
G1 F9171.582
G1 X162.202 Y153.796 E.01303
G1 X168.887 Y160.48 E.35276
G1 X168.887 Y159.962 E.01933
G1 X162.956 Y154.032 E.31297
G1 X162.73 Y153.881 E.01014
;WIDTH:0.39365
G1 F9882.353
G1 X162.741 Y153.922 E.00147
G1 X162.67 Y153.941 E.00255
G1 X162.689 Y153.87 E.00255
G1 X163.467 Y154.024 F30000
;WIDTH:0.419999
G1 F9171.582
G1 X168.887 Y159.444 E.28603
G1 X168.887 Y158.926 E.01933
G1 X163.853 Y153.892 E.26566
G1 X164.184 Y153.705 E.01419
G1 X168.887 Y158.408 E.24819
G1 X168.887 Y157.89 E.01933
G1 X164.453 Y153.456 E.23399
G1 X164.663 Y153.148 E.01391
G1 X168.887 Y157.372 E.22291
G1 X168.887 Y156.854 E.01933
G1 X164.83 Y152.797 E.2141
G1 X164.895 Y152.344 E.01708
G1 X168.887 Y156.335 E.21064
G1 X169.073 Y155.928 E.0167
;WIDTH:0.39365
G1 F9882.353
G1 X169.084 Y155.969 E.00147
G1 X169.013 Y155.988 E.00255
G1 X169.032 Y155.917 E.00255
;WIDTH:0.419999
G1 F9171.582
G1 X168.887 Y155.817 E.00657
G1 X164.812 Y151.742 E.21505
G1 X164.645 Y151.483 E.0115
;WIDTH:0.39365
G1 F9882.353
G1 X164.161 Y150.948 E.02499
G1 X163.889 Y150.747 E.01171
;WIDTH:0.419999
G1 F9171.582
G1 X163.63 Y150.561 E.0119
G1 X117.983 Y104.914 E2.40892
G1 X118.501 Y104.914 E.01933
G1 X168.887 Y155.299 E2.65898
G1 X168.983 Y155.517 E.00889
;WIDTH:0.39365
G1 F9882.353
G1 X168.964 Y155.588 E.00255
G1 X169.035 Y155.569 E.00255
G1 X169.024 Y155.528 E.00147
G1 X168.887 Y154.781 F30000
;WIDTH:0.419999
G1 F9171.582
G1 X119.019 Y104.914 E2.63165
G1 X119.538 Y104.914 E.01937
G1 X168.887 Y154.263 E2.60428
G1 X168.887 Y153.745 E.01933
G1 X120.056 Y104.914 E2.57695
G1 X120.574 Y104.914 E.01933
G1 X168.887 Y153.227 E2.54961
G1 X168.887 Y152.709 E.01933
G1 X121.092 Y104.914 E2.52228
G1 X121.61 Y104.914 E.01933
G1 X168.887 Y152.191 E2.49494
G1 X168.887 Y151.673 E.01933
G1 X122.128 Y104.914 E2.4676
M73 P76 R3
G1 X122.647 Y104.914 E.01937
G1 X168.887 Y151.154 E2.44021
G1 X168.887 Y150.636 E.01933
G1 X123.165 Y104.914 E2.41288
G1 X123.683 Y104.914 E.01933
G1 X168.887 Y150.118 E2.38554
G1 X169.032 Y150.218 E.00657
;WIDTH:0.39365
G1 F9882.353
M73 P77 R3
G1 X169.013 Y150.289 E.00255
G1 X169.084 Y150.27 E.00255
G1 X169.073 Y150.229 E.00147
;WIDTH:0.419999
G1 F9171.582
G1 X169.024 Y149.829 E.01504
;WIDTH:0.39365
G1 F9882.353
G1 X169.035 Y149.87 E.00147
G1 X168.964 Y149.889 E.00255
G1 X168.983 Y149.818 E.00255
;WIDTH:0.419999
G1 F9171.582
G1 X168.887 Y149.6 E.00889
G1 X162.812 Y143.525 E.32059
G1 X162.583 Y143.338 E.01103
;WIDTH:0.39365
G1 F9882.353
G1 X162.594 Y143.379 E.00147
G1 X162.523 Y143.399 E.00255
G1 X162.542 Y143.327 E.00258
G1 X163.352 Y143.547 F30000
;WIDTH:0.419999
G1 F9171.582
G1 X168.887 Y149.082 E.2921
G1 X168.887 Y148.564 E.01933
G1 X163.749 Y143.426 E.27115
G1 X164.104 Y143.263 E.01458
G1 X168.887 Y148.046 E.25241
G1 X168.887 Y147.528 E.01933
G1 X164.379 Y143.02 E.2379
G1 X164.614 Y142.737 E.01373
G1 X168.887 Y147.01 E.2255
G1 X168.887 Y146.492 E.01933
G1 X164.794 Y142.398 E.21603
G1 X164.886 Y141.973 E.01623
G1 X168.887 Y145.973 E.21112
G1 X169.073 Y145.566 E.0167
;WIDTH:0.39365
G1 F9882.353
G1 X169.084 Y145.607 E.00147
G1 X169.013 Y145.626 E.00255
G1 X169.032 Y145.555 E.00255
;WIDTH:0.419999
G1 F9171.582
G1 X168.887 Y145.455 E.00657
G1 X164.875 Y141.443 E.21172
G1 X164.716 Y141.184 E.01134
;WIDTH:0.39365
G1 F9882.353
G1 X164.554 Y140.935 E.01029
;WIPE_START
G1 F24000
G1 X164.716 Y141.184 E-.02117
G1 X164.875 Y141.443 E-.02165
G1 X168.887 Y145.455 E-.40426
G1 X169.032 Y145.555 E-.01255
G1 X169.013 Y145.626 E-.00524
G1 X169.084 Y145.607 E-.00524
G1 X169.073 Y145.566 E-.00302
G1 X168.887 Y145.973 E-.03188
G1 X164.886 Y141.973 E-.4031
G1 X164.794 Y142.398 E-.03098
G1 X165.398 Y143.003 E-.06091
;WIPE_END
G1 Z2.1 F600
G1 X161.562 Y142.315 F30000
G1 Z1.7 F600
G1 E1 F1800
G1 F9882.353
G1 X161.573 Y142.356 E.00147
G1 X161.502 Y142.375 E.00255
G1 X161.521 Y142.304 E.00255
;WIDTH:0.419999
G1 F9171.582
G1 X161.373 Y142.086 E.00983
G1 X124.201 Y104.914 E1.96167
G1 X124.719 Y104.914 E.01933
G1 X161.368 Y141.563 E1.93407
G1 X161.47 Y141.148 E.01595
G1 X125.237 Y104.914 E1.91214
G1 X125.755 Y104.915 E.01933
G1 X161.638 Y140.797 E1.89362
G1 X161.881 Y140.522 E.01369
G1 X126.274 Y104.915 E1.87908
G1 X126.792 Y104.915 E.01933
G1 X162.156 Y140.279 E1.86626
G1 X162.511 Y140.116 E.01458
G1 X127.31 Y104.915 E1.85766
G1 X127.828 Y104.915 E.01933
G1 X162.911 Y139.998 E1.85143
G1 X163.749 Y140.156 F30000
;WIDTH:0.39365
G1 F9882.353
G1 X163.76 Y140.197 E.00147
G1 X163.689 Y140.216 E.00255
G1 X163.708 Y140.145 E.00255
;WIDTH:0.419999
G1 F9171.582
G1 X163.46 Y140.029 E.01022
G1 X128.346 Y104.915 E1.85306
G1 X128.864 Y104.915 E.01933
G1 X168.887 Y144.937 E2.1121
G1 X168.983 Y145.155 E.00889
;WIDTH:0.39365
G1 F9882.353
G1 X168.964 Y145.226 E.00255
G1 X169.035 Y145.207 E.00255
G1 X169.024 Y145.166 E.00147
G1 X168.887 Y144.419 F30000
;WIDTH:0.419999
G1 F9171.582
G1 X129.382 Y104.915 E2.08476
G1 X129.901 Y104.915 E.01937
G1 X168.887 Y143.901 E2.0574
G1 X168.887 Y143.383 E.01933
G1 X130.419 Y104.915 E2.03006
G1 X130.937 Y104.915 E.01933
G1 X168.887 Y142.865 E2.00273
G1 X168.887 Y142.347 E.01933
G1 X131.455 Y104.915 E1.97539
G1 X131.973 Y104.915 E.01933
G1 X168.887 Y141.829 E1.94806
G1 X168.887 Y141.311 E.01933
G1 X132.491 Y104.915 E1.92072
G1 X133.01 Y104.915 E.01937
G1 X168.887 Y140.793 E1.89336
G1 X168.887 Y140.274 E.01937
G1 X133.528 Y104.915 E1.86599
G1 X134.046 Y104.915 E.01933
G1 X168.887 Y139.756 E1.83866
G1 X168.887 Y139.238 E.01933
G1 X134.564 Y104.915 E1.81132
G1 X135.082 Y104.916 E.01933
G1 X168.887 Y138.72 E1.78396
G1 X168.887 Y138.202 E.01933
G1 X135.6 Y104.916 E1.75662
G1 X136.118 Y104.916 E.01933
G1 X168.887 Y137.684 E1.72929
G1 X168.887 Y137.166 E.01933
G1 X136.637 Y104.916 E1.70192
G1 X137.155 Y104.916 E.01933
G1 X168.887 Y136.648 E1.67459
M73 P78 R3
G1 X168.887 Y136.13 E.01933
G1 X137.673 Y104.916 E1.64725
G1 X138.191 Y104.916 E.01933
G1 X168.887 Y135.612 E1.61991
G1 X168.887 Y135.093 E.01937
G1 X138.709 Y104.916 E1.59255
G1 X139.227 Y104.916 E.01933
G1 X168.887 Y134.575 E1.56521
G1 X168.887 Y134.057 E.01933
G1 X139.745 Y104.916 E1.53788
G1 X140.264 Y104.916 E.01937
G1 X168.887 Y133.539 E1.51052
G1 X168.887 Y133.021 E.01933
G1 X140.782 Y104.916 E1.48318
G1 X141.3 Y104.916 E.01933
G1 X168.887 Y132.503 E1.45584
G1 X168.887 Y131.985 E.01933
G1 X141.818 Y104.916 E1.42851
G1 X142.336 Y104.916 E.01933
G1 X168.887 Y131.467 E1.40117
G1 X168.887 Y130.949 E.01933
G1 X142.854 Y104.916 E1.37383
G1 X143.372 Y104.916 E.01933
G1 X168.887 Y130.431 E1.3465
G1 X168.887 Y129.913 E.01933
G1 X143.891 Y104.916 E1.31914
G1 X144.409 Y104.916 E.01933
G1 X168.887 Y129.394 E1.29177
G1 X168.887 Y128.876 E.01933
G1 X144.927 Y104.917 E1.26441
G1 X145.445 Y104.917 E.01933
G1 X168.887 Y128.358 E1.23707
G1 X168.887 Y127.84 E.01933
G1 X145.963 Y104.917 E1.20974
G1 X146.481 Y104.917 E.01933
G1 X168.887 Y127.322 E1.1824
G1 X168.887 Y126.804 E.01933
G1 X147 Y104.917 E1.15504
G1 X147.518 Y104.917 E.01933
G1 X168.887 Y126.286 E1.1277
G1 X168.887 Y125.768 E.01933
G1 X148.036 Y104.917 E1.10037
G1 X148.554 Y104.917 E.01933
G1 X168.887 Y125.25 E1.07303
G1 X168.887 Y124.732 E.01933
G1 X149.072 Y104.917 E1.04569
G1 X149.59 Y104.917 E.01933
G1 X168.887 Y124.213 E1.01833
G1 X168.887 Y123.695 E.01933
G1 X150.108 Y104.917 E.99099
G1 X150.627 Y104.917 E.01937
G1 X168.887 Y123.177 E.96363
G1 X168.887 Y122.659 E.01933
G1 X151.145 Y104.917 E.93629
G1 X151.663 Y104.917 E.01933
G1 X168.887 Y122.141 E.90896
G1 X168.887 Y121.623 E.01933
G1 X152.181 Y104.917 E.88162
G1 X152.699 Y104.917 E.01933
G1 X168.887 Y121.105 E.85429
G1 X168.887 Y120.587 E.01933
G1 X153.217 Y104.917 E.82695
G1 X153.735 Y104.917 E.01933
G1 X168.887 Y120.069 E.79961
G1 X168.887 Y119.551 E.01933
G1 X154.254 Y104.917 E.77225
G1 X154.772 Y104.918 E.01933
G1 X168.887 Y119.033 E.74489
G1 X168.887 Y118.514 E.01937
G1 X155.29 Y104.918 E.71753
G1 X155.808 Y104.918 E.01933
G1 X168.887 Y117.996 E.69019
G1 X168.887 Y117.478 E.01933
G1 X156.326 Y104.918 E.66285
G1 X156.844 Y104.918 E.01933
G1 X168.887 Y116.96 E.63552
G1 X168.887 Y116.442 E.01933
G1 X157.363 Y104.918 E.60815
G1 X157.881 Y104.918 E.01933
G1 X168.887 Y115.924 E.58082
G1 X169.032 Y116.024 E.00657
;WIDTH:0.39365
G1 F9882.353
G1 X169.013 Y116.095 E.00255
G1 X169.084 Y116.076 E.00255
G1 X169.073 Y116.035 E.00147
;WIDTH:0.419999
G1 F9171.582
G1 X169.024 Y115.635 E.01504
;WIDTH:0.39365
G1 F9882.353
G1 X169.035 Y115.676 E.00147
G1 X168.964 Y115.695 E.00255
G1 X168.983 Y115.624 E.00255
;WIDTH:0.419999
G1 F9171.582
G1 X168.887 Y115.406 E.00889
G1 X164.646 Y111.165 E.22381
G1 X164.554 Y110.993 E.00728
;WIDTH:0.39365
G1 F9882.353
G1 X164.387 Y110.991 E.00578
G1 X164.561 Y110.995 E.00603
G1 X165.342 Y111.343 F30000
;WIDTH:0.419999
G1 F9171.582
G1 X168.887 Y114.888 E.18708
G1 X169.073 Y114.48 E.01673
;WIDTH:0.39365
G1 F9882.353
G1 X169.084 Y114.521 E.00147
G1 X169.013 Y114.54 E.00255
G1 X169.032 Y114.469 E.00255
;WIDTH:0.419999
G1 F9171.582
G1 X168.887 Y114.37 E.00655
G1 X165.886 Y111.369 E.15837
G1 X166.345 Y111.309 E.01727
G1 X168.887 Y113.852 E.13417
G1 X168.887 Y109.341 E.16833
G1 X168.548 Y109.948 E.02594
G1 X168.2 Y110.37 E.02041
G1 X167.848 Y110.68 E.0175
G1 X167.481 Y110.925 E.01647
G1 X167.085 Y111.12 E.01647
G1 X166.648 Y111.265 E.01718
G1 X166.526 Y111.283 E.0046
G1 X167.066 Y111.513 E.0219
G1 X168.52 Y112.967 E.07673
G1 X168.52 Y110.558 E.08989
G1 X168.109 Y110.941 E.02096
G1 X167.696 Y111.224 E.01868
G1 X167.238 Y111.449 E.01904
G1 X167.692 Y111.631 E.01825
;WIDTH:0.405914
G1 F9538.301
G1 X168.161 Y112.1 E.0238
G1 X168.161 Y111.344 E.02713
G1 X167.848 Y111.535 E.01316
M73 P79 R3
G1 X162.81 Y109.413 F30000
;WIDTH:0.39365
G1 F9882.353
G1 X162.817 Y109.364 E.00171
G1 X162.779 Y109.136 E.00801
;WIDTH:0.419999
G1 F9171.582
G1 X162.635 Y109.154 E.00542
G1 X158.399 Y104.918 E.22355
G1 X158.917 Y104.918 E.01933
G1 X162.457 Y108.458 E.18682
G1 X162.431 Y107.914 E.02032
G1 X159.435 Y104.918 E.15811
G1 X159.953 Y104.918 E.01933
G1 X162.491 Y107.455 E.13391
G1 X162.543 Y107.12 E.01265
G1 X162.691 Y106.689 E.01701
G1 X162.932 Y106.232 E.01928
G1 X163.396 Y105.635 E.02822
G1 X163.752 Y105.319 E.01776
G1 X164.135 Y105.067 E.01711
G1 X164.466 Y104.919 E.01353
G1 X160.136 Y104.918 E.16158
G1 X160.838 Y105.284 F30000
G1 F9171.582
G1 X162.287 Y106.734 E.07649
G1 X162.604 Y106.07 E.02746
G1 X163.108 Y105.409 E.03102
G1 X163.235 Y105.285 E.00662
G1 X161.021 Y105.285 E.08262
G1 X161.705 Y105.644 F30000
;WIDTH:0.405821
G1 F9540.82
G1 X162.175 Y106.113 E.02382
G1 X162.468 Y105.644 E.01984
G1 X161.888 Y105.644 E.02081
;LAYER_CHANGE
;Z:1.95
;HEIGHT:0.25
G92 E0
;WIPE_START
G1 F24000
G1 X162.468 Y105.644 E-.04132
G1 X162.175 Y106.113 E-.0394
G1 X161.705 Y105.644 E-.04731
;WIPE_END
G1 E-.87197 F1800
G1 Z2.1 F600
G1 X168.53 Y105.295 F30000
G1 Z1.95 F600
G1 E1 F1800
M204 S5000
;TYPE:Perimeter
;WIDTH:0.449999
G1 F8477.377

G1 X168.726 Y105.492 E.01122
G1 X168.977 Y105.924 E.02017
G1 X169.141 Y106.363 E.01892
G1 X169.209 Y106.959 E.02422
G1 X169.206 Y173.112 E2.67071
G1 X169.129 Y173.695 E.02374
G1 X168.89 Y174.263 E.02488
G1 X168.533 Y174.73 E.02373
G1 X168.193 Y174.995 E.0174
G1 X167.872 Y175.174 E.01484
G1 X167.396 Y175.352 E.02052
G1 X166.896 Y175.409 E.02032
G1 X113.543 Y175.409 E2.15396
G1 X112.792 Y175.388 E.03033
G1 X112.195 Y175.223 E.02501
G1 X111.688 Y174.924 E.02376
G1 X111.274 Y174.508 E.02369
G1 X111.024 Y174.077 E.02012
G1 X110.859 Y173.636 E.01901
G1 X110.791 Y173.077 E.02273
G1 X110.794 Y106.888 E2.67217
G1 X110.871 Y106.305 E.02374
G1 X111.11 Y105.737 E.02488
G1 X111.467 Y105.27 E.02373
G1 X111.807 Y105.006 E.01738
G1 X112.073 Y104.849 E.01247
G1 X112.604 Y104.648 E.02292
G1 X113.104 Y104.591 E.02032
G1 X166.178 Y104.594 E2.14269
G1 X167.208 Y104.612 E.04159
G1 X167.805 Y104.777 E.02501
G1 X168.312 Y105.076 E.02376
G1 X168.488 Y105.252 E.01005

M204 S10000
G1 X168.801 Y105.026 F30000
M204 S3000
;TYPE:External perimeter
;WIDTH:0.419999
G1 F9171.582

G1 X169.031 Y105.258 E.01219
G1 X169.381 Y105.861 E.02602
G1 X169.545 Y106.437 E.02235
G1 X169.59 Y106.959 E.01955
G1 X169.59 Y107.379 E.01567
G1 X169.587 Y172.717 E2.43815
G1 X169.587 Y173.137 E.01567
G1 X169.495 Y173.808 E.02527
G1 X169.223 Y174.456 E.02622
G1 X168.806 Y175.001 E.02561
G1 X168.265 Y175.422 E.02558
G1 X168.021 Y175.525 E.00988
G1 X167.473 Y175.725 E.02177
G1 X166.909 Y175.79 E.02119
G1 X166.489 Y175.79 E.01567
G1 X113.963 Y175.79 E1.96006
G1 X113.543 Y175.79 E.01567
G1 X112.727 Y175.766 E.03046
G1 X112.045 Y175.577 E.02641
G1 X111.452 Y175.228 E.02568
G1 X110.969 Y174.742 E.02557
G1 X110.619 Y174.139 E.02602
G1 X110.462 Y173.597 E.02106
G1 X110.41 Y173.089 E.01906
G1 X110.413 Y106.863 E2.47129
G1 X110.505 Y106.192 E.02527
G1 X110.777 Y105.544 E.02622
G1 X111.194 Y104.999 E.02561
G1 X111.735 Y104.578 E.02558
G1 X111.99 Y104.471 E.01032
G1 X112.526 Y104.275 E.0213
G1 X113.091 Y104.21 E.02122
G1 X113.511 Y104.21 E.01567
G1 X166.338 Y104.212 E1.97129
G1 X166.756 Y104.212 E.0156
G1 X167.273 Y104.234 E.01931
G1 X167.955 Y104.423 E.02641
G1 X168.548 Y104.772 E.02568
G1 X168.758 Y104.983 E.01111

M204 S10000
G1 X168.733 Y105.346 F30000
;WIPE_START
G1 F24000
G1 X169.031 Y105.258 E-.02761
G1 X169.381 Y105.861 E-.04968
G1 X169.545 Y106.437 E-.04267
G1 X169.59 Y106.959 E-.03733
G1 X169.589 Y118.787 E-.84271
;WIPE_END
G1 Z2.35 F600
G1 X165.734 Y106.543 F30000
G1 Z1.95 F600
G1 E1 F1800
M204 S5000
;TYPE:Perimeter
;WIDTH:0.449999
G1 F3000
G1 X165.8 Y106.537 E.00268
G1 X166.283 Y106.619 E.01978
G1 X166.744 Y106.878 E.02135
G1 X167.079 Y107.277 E.02103
G1 X167.231 Y107.699 E.01811
G1 X167.26 Y107.916 E.00884
G1 X167.23 Y108.331 E.0168
G1 X167.024 Y108.801 E.02072
G1 X166.89 Y108.975 E.00887
G1 X166.625 Y109.207 E.01422
G1 X166.434 Y109.318 E.00892
G1 X165.983 Y109.458 E.01906
G1 X165.443 Y109.425 E.02184
G1 X164.957 Y109.2 E.02162
G1 X164.593 Y108.825 E.0211
G1 X164.482 Y108.634 E.00892
G1 X164.369 Y108.3 E.01423
G1 X164.34 Y108.082 E.00888
G1 X164.363 Y107.73 E.01424
G1 X164.42 Y107.516 E.00894
G1 X164.683 Y107.05 E.0216
G1 X164.998 Y106.778 E.0168
G1 X165.468 Y106.57 E.02075
G1 X165.674 Y106.549 E.00836
M204 S10000
G1 X165.757 Y106.917 F30000
M204 S3000
;TYPE:External perimeter
;WIDTH:0.419999
G1 F3000
G1 X166.114 Y106.961 E.01342
G1 X166.488 Y107.162 E.01584
G1 X166.757 Y107.488 E.01577
G1 X166.879 Y107.892 E.01575
G1 X166.838 Y108.314 E.01582
G1 X166.638 Y108.688 E.01583
G1 X166.311 Y108.957 E.0158
G1 X165.907 Y109.08 E.01576
G1 X165.485 Y109.038 E.01583
G1 X165.112 Y108.838 E.01579
G1 X164.843 Y108.511 E.0158
G1 X164.73 Y108.177 E.01316
G1 X164.762 Y107.685 E.0184
G1 X164.953 Y107.32 E.01537
G1 X165.167 Y107.119 E.01096
G1 X165.538 Y106.945 E.01529
G1 X165.697 Y106.925 E.00598
M204 S10000
G1 X165.928 Y106.601 F30000
;WIPE_START
G1 F24000
G1 X166.114 Y106.961 E-.02982
G1 X166.488 Y107.162 E-.03025
G1 X166.757 Y107.488 E-.03011
G1 X166.879 Y107.892 E-.03007
G1 X166.838 Y108.314 E-.03021
G1 X166.638 Y108.688 E-.03022
G1 X166.311 Y108.957 E-.03017
G1 X165.907 Y109.08 E-.03009
G1 X165.485 Y109.038 E-.03022
G1 X165.112 Y108.838 E-.03016
G1 X164.843 Y108.511 E-.03017
G1 X164.73 Y108.177 E-.02512
G1 X164.762 Y107.685 E-.03513
G1 X164.953 Y107.32 E-.02935
G1 X165.167 Y107.119 E-.02092
G1 X165.538 Y106.945 E-.0292
G1 X165.697 Y106.925 E-.01142
;WIPE_END
G1 E-.51737 F1800
G1 Z2.35 F600
G1 X164.504 Y142.22 F30000
G1 Z1.95 F600
G1 E1 F1800
M204 S5000
;TYPE:Perimeter
;WIDTH:0.449999
G1 F3000
G1 X164.351 Y142.57 E.01542
G1 X164.216 Y142.746 E.00895
G1 X163.857 Y143.046 E.01889
G1 X163.367 Y143.219 E.02098
G1 X162.856 Y143.207 E.02064
G1 X162.644 Y143.15 E.00886
G1 X162.191 Y142.899 E.02091
G1 X161.902 Y142.572 E.01762
G1 X161.699 Y142.073 E.02175
G1 X161.67 Y141.856 E.00884
G1 X161.723 Y141.352 E.02046
G1 X161.954 Y140.892 E.02078
G1 X162.296 Y140.568 E.01902
G1 X162.766 Y140.351 E.0209
G1 X163.202 Y140.31 E.01768
G1 X163.61 Y140.394 E.01682
G1 X164.016 Y140.606 E.01849
G1 X164.397 Y141.038 E.02325
G1 X164.556 Y141.474 E.01874
G1 X164.585 Y141.692 E.00888
G1 X164.555 Y142.103 E.01664
G1 X164.528 Y142.165 E.00273
M204 S10000
G1 X164.167 Y142.056 F30000
M204 S3000
;TYPE:External perimeter
;WIDTH:0.419999
G1 F3000
G1 X163.965 Y142.459 E.01682
G1 X163.605 Y142.739 E.01702
G1 X163.233 Y142.851 E.0145
G1 X162.813 Y142.808 E.01575
G1 X162.441 Y142.609 E.01574
G1 X162.202 Y142.337 E.01351
G1 X162.051 Y141.88 E.01796
G1 X162.091 Y141.459 E.01578
G1 X162.282 Y141.094 E.01537
G1 X162.497 Y140.893 E.01098
G1 X162.869 Y140.72 E.01531
G1 X163.152 Y140.688 E.01063
G1 X163.441 Y140.736 E.01093
G1 X163.814 Y140.936 E.01579
G1 X164.082 Y141.264 E.01581
G1 X164.204 Y141.667 E.01571
G1 X164.172 Y141.997 E.01237
M204 S10000
G1 X164.446 Y142.343 F30000
;WIPE_START
G1 F24000
G1 X163.965 Y142.459 E-.03607
G1 X163.605 Y142.739 E-.03249
G1 X163.233 Y142.851 E-.02768
G1 X162.813 Y142.808 E-.03008
G1 X162.441 Y142.609 E-.03006
G1 X162.202 Y142.337 E-.0258
G1 X162.051 Y141.88 E-.03429
G1 X162.091 Y141.459 E-.03013
G1 X162.282 Y141.094 E-.02935
G1 X162.497 Y140.893 E-.02097
G1 X162.869 Y140.72 E-.02923
G1 X163.152 Y140.688 E-.02029
G1 X163.441 Y140.736 E-.02087
G1 X163.814 Y140.936 E-.03016
G1 X164.082 Y141.264 E-.03018
G1 X164.204 Y141.667 E-.03
G1 X164.172 Y141.997 E-.02362
;WIPE_END
G1 E-.51873 F1800
G1 Z2.35 F600
G1 X163.629 Y153.629 F30000
G1 Z1.95 F600
G1 E1 F1800
M204 S5000
;TYPE:Perimeter
;WIDTH:0.449999
G1 F3000
G1 X163.346 Y153.727 E.01209
G1 X163.273 Y153.736 E.00297
G1 X162.752 Y153.695 E.0211
G1 X162.29 Y153.479 E.02059
G1 X161.921 Y153.099 E.02138
G1 X161.812 Y152.909 E.00884
G1 X161.67 Y152.423 E.02044
G1 X161.707 Y151.913 E.02064
G1 X161.921 Y151.448 E.02067
G1 X162.304 Y151.071 E.0217
G1 X162.499 Y150.96 E.00906
G1 X163.011 Y150.817 E.02146
G1 X163.529 Y150.867 E.02101
G1 X164.016 Y151.11 E.02197
G1 X164.396 Y151.54 E.02317
G1 X164.556 Y151.977 E.01879
G1 X164.585 Y152.194 E.00884
G1 X164.555 Y152.608 E.01676
G1 X164.35 Y153.076 E.02063
G1 X164.215 Y153.252 E.00895
G1 X163.854 Y153.551 E.01892
G1 X163.686 Y153.609 E.00718
M204 S10000
G1 X163.271 Y153.349 F30000
M204 S3000
;TYPE:External perimeter
;WIDTH:0.419999
G1 F3000
G1 X162.813 Y153.313 E.01714
G1 X162.441 Y153.114 E.01574
G1 X162.173 Y152.786 E.01581
G1 X162.051 Y152.383 E.01571
G1 X162.091 Y151.964 E.01571
G1 X162.29 Y151.591 E.01578
G1 X162.619 Y151.322 E.01586
G1 X163.034 Y151.199 E.01615
G1 X163.442 Y151.242 E.01531
G1 X163.814 Y151.441 E.01574
G1 X164.082 Y151.767 E.01575
G1 X164.204 Y152.17 E.01571
G1 X164.164 Y152.591 E.01578
G1 X163.964 Y152.964 E.01579
G1 X163.637 Y153.232 E.01578
G1 X163.328 Y153.331 E.01211
M204 S10000
G1 X163.113 Y153.717 F30000
;WIPE_START
G1 F24000
G1 X162.813 Y153.313 E-.03672
G1 X162.441 Y153.114 E-.03006
G1 X162.173 Y152.786 E-.03018
G1 X162.051 Y152.383 E-.03
G1 X162.091 Y151.964 E-.02999
G1 X162.29 Y151.591 E-.03012
G1 X162.619 Y151.322 E-.03028
G1 X163.034 Y151.199 E-.03084
G1 X163.442 Y151.242 E-.02923
G1 X163.814 Y151.441 E-.03006
G1 X164.082 Y151.767 E-.03007
G1 X164.204 Y152.17 E-.03
G1 X164.164 Y152.591 E-.03013
G1 X163.964 Y152.964 E-.03016
G1 X163.637 Y153.232 E-.03012
G1 X163.328 Y153.331 E-.02312
;WIPE_END
G1 E-.51892 F1800
G1 Z2.35 F600
G1 X165.318 Y170.623 F30000
G1 Z1.95 F600
G1 E1 F1800
M204 S5000
;TYPE:Perimeter
;WIDTH:0.449999
G1 F3000
G1 X165.719 Y170.535 E.01657
G1 X166.235 Y170.606 E.02103
G1 X166.46 Y170.695 E.00977
G1 X166.754 Y170.892 E.01429
G1 X166.908 Y171.046 E.00879
G1 X167.104 Y171.339 E.01423
G1 X167.189 Y171.543 E.00892
G1 X167.27 Y172 E.01874
G1 X167.189 Y172.457 E.01874
G1 X167.07 Y172.713 E.0114
G1 X166.786 Y173.085 E.01889
G1 X166.391 Y173.345 E.01909
G1 X165.898 Y173.461 E.02045
G1 X165.689 Y173.459 E.00844
G1 X165.343 Y173.389 E.01425
G1 X165.139 Y173.304 E.00892
G1 X164.846 Y173.108 E.01423
G1 X164.692 Y172.954 E.00879
G1 X164.495 Y172.66 E.01429
G1 X164.41 Y172.454 E.009
G1 X164.332 Y171.989 E.01904
G1 X164.427 Y171.479 E.02094
G1 X164.692 Y171.046 E.02049
G1 X164.934 Y170.833 E.01302
G1 X165.26 Y170.635 E.0154
M204 S10000
G1 X165.386 Y171.003 F30000
M204 S3000
;TYPE:External perimeter
;WIDTH:0.419999
G1 F3000
G1 X165.775 Y170.918 E.01486
G1 X166.248 Y171.012 E.018
G1 X166.591 Y171.259 E.01577
G1 X166.815 Y171.618 E.01579
G1 X166.885 Y172.036 E.01582
G1 X166.815 Y172.382 E.01317
G1 X166.541 Y172.791 E.01837
G1 X166.182 Y173.015 E.01579
G1 X165.764 Y173.085 E.01582
G1 X165.352 Y172.988 E.01579
G1 X165.009 Y172.741 E.01577
G1 X164.784 Y172.381 E.01584
G1 X164.716 Y171.965 E.01573
G1 X164.812 Y171.552 E.01582
G1 X165.059 Y171.209 E.01577
G1 X165.335 Y171.035 E.01218
M204 S10000
G1 X165.436 Y170.608 F30000
;WIPE_START
G1 F24000
G1 X165.775 Y170.918 E-.03244
G1 X166.248 Y171.012 E-.03436
G1 X166.591 Y171.259 E-.03012
G1 X166.815 Y171.618 E-.03015
G1 X166.885 Y172.036 E-.0302
G1 X166.815 Y172.382 E-.02515
G1 X166.541 Y172.791 E-.03508
G1 X166.182 Y173.015 E-.03015
G1 X165.764 Y173.085 E-.0302
G1 X165.352 Y172.988 E-.03016
G1 X165.009 Y172.741 E-.03012
G1 X164.784 Y172.381 E-.03025
G1 X164.716 Y171.965 E-.03003
G1 X164.812 Y171.552 E-.03021
G1 X165.059 Y171.209 E-.03012
G1 X165.335 Y171.035 E-.02325
;WIPE_END
G1 E-.51801 F1800
G1 Z2.35 F600
G1 X124.986 Y150.827 F30000
G1 Z1.95 F600
G1 E1 F1800
M204 S5000
;TYPE:Perimeter
;WIDTH:0.449999
G1 F3000
G1 X125.056 Y150.818 E.00285
G1 X125.564 Y150.881 E.02067
G1 X126.035 Y151.129 E.02149
G1 X126.378 Y151.52 E.021
G1 X126.556 Y151.992 E.02037
G1 X126.58 Y152.194 E.00821
G1 X126.524 Y152.705 E.02075
G1 X126.299 Y153.153 E.02024
G1 X125.918 Y153.505 E.02094
G1 X125.423 Y153.706 E.02157
G1 X125.241 Y153.736 E.00745
G1 X124.724 Y153.689 E.02096
G1 X124.234 Y153.444 E.02212
G1 X123.883 Y153.058 E.02106
G1 X123.693 Y152.575 E.02095
G1 X123.665 Y152.357 E.00887
G1 X123.717 Y151.862 E.02009
G1 X123.954 Y151.391 E.02129
G1 X124.348 Y151.033 E.02149
G1 X124.838 Y150.846 E.02117
G1 X124.926 Y150.835 E.00358
M204 S10000
G1 X125.04 Y151.2 F30000
M204 S3000
;TYPE:External perimeter
;WIDTH:0.419999
G1 F3000
G1 X125.437 Y151.242 E.0149
G1 X125.809 Y151.441 E.01574
G1 X126.077 Y151.767 E.01575
G1 X126.199 Y152.17 E.01571
G1 X126.159 Y152.591 E.01578
G1 X125.959 Y152.964 E.01579
G1 X125.633 Y153.232 E.01575
G1 X125.241 Y153.355 E.01533
G1 X124.808 Y153.313 E.01623
G1 X124.436 Y153.114 E.01574
G1 X124.168 Y152.786 E.01581
G1 X124.045 Y152.382 E.01576
G1 X124.087 Y151.963 E.01571
G1 X124.285 Y151.591 E.01573
G1 X124.614 Y151.322 E.01586
G1 X124.982 Y151.213 E.01432
M204 S10000
G1 X125.208 Y150.838 F30000
;WIPE_START
G1 F24000
G1 X125.437 Y151.242 E-.03248
G1 X125.809 Y151.441 E-.03006
G1 X126.077 Y151.767 E-.03007
G1 X126.199 Y152.17 E-.03
G1 X126.159 Y152.591 E-.03013
G1 X125.959 Y152.964 E-.03016
G1 X125.633 Y153.232 E-.03007
G1 X125.241 Y153.355 E-.02927
G1 X124.808 Y153.313 E-.031
G1 X124.436 Y153.114 E-.03006
G1 X124.168 Y152.786 E-.03018
G1 X124.045 Y152.382 E-.03009
G1 X124.087 Y151.963 E-.03
G1 X124.285 Y151.591 E-.03003
G1 X124.614 Y151.322 E-.03028
G1 X124.982 Y151.213 E-.02735
;WIPE_END
G1 E-.51877 F1800
G1 Z2.35 F600
G1 X126.571 Y141.622 F30000
G1 Z1.95 F600
G1 E1 F1800
M204 S5000
;TYPE:Perimeter
;WIDTH:0.449999
G1 F3000
G1 X126.58 Y141.692 E.00285
G1 X126.525 Y142.197 E.02051
G1 X126.288 Y142.664 E.02114
G1 X125.897 Y143.017 E.02127
G1 X125.423 Y143.202 E.02054
G1 X125.202 Y143.231 E.009
G1 X124.685 Y143.17 E.02102
G1 X124.211 Y142.921 E.02162
G1 X123.86 Y142.519 E.02155
G1 X123.675 Y142.002 E.02217
G1 X123.694 Y141.446 E.02246
G1 X123.9 Y140.974 E.02079
G1 X124.174 Y140.658 E.01689
G1 X124.638 Y140.395 E.02153
G1 X125.083 Y140.307 E.01831
G1 X125.559 Y140.374 E.01941
G1 X126.018 Y140.611 E.02086
G1 X126.359 Y140.989 E.02055
G1 X126.551 Y141.474 E.02106
G1 X126.563 Y141.562 E.00359
M204 S10000
G1 X126.191 Y141.639 F30000
M204 S3000
;TYPE:External perimeter
;WIDTH:0.419999
G1 F3000
G1 X126.159 Y142.086 E.01672
G1 X125.96 Y142.459 E.01578
G1 X125.633 Y142.727 E.01578
G1 X125.228 Y142.851 E.01581
G1 X124.808 Y142.808 E.01575
G1 X124.436 Y142.609 E.01574
G1 X124.168 Y142.283 E.01575
G1 X124.045 Y141.879 E.01576
G1 X124.087 Y141.458 E.01579
G1 X124.277 Y141.094 E.01532
G1 X124.443 Y140.928 E.00876
G1 X124.864 Y140.72 E.01752
G1 X125.148 Y140.688 E.01066
G1 X125.436 Y140.736 E.0109
G1 X125.809 Y140.936 E.01579
G1 X126.077 Y141.264 E.01581
G1 X126.174 Y141.582 E.01241
M204 S10000
G1 X126.558 Y141.797 F30000
;WIPE_START
G1 F24000
G1 X126.159 Y142.086 E-.03593
G1 X125.96 Y142.459 E-.03012
G1 X125.633 Y142.727 E-.03012
G1 X125.228 Y142.851 E-.03018
G1 X124.808 Y142.808 E-.03008
G1 X124.436 Y142.609 E-.03006
G1 X124.168 Y142.283 E-.03007
G1 X124.045 Y141.879 E-.03009
G1 X124.087 Y141.458 E-.03015
G1 X124.277 Y141.094 E-.02926
G1 X124.443 Y140.928 E-.01673
G1 X124.864 Y140.72 E-.03346
G1 X125.148 Y140.688 E-.02036
G1 X125.436 Y140.736 E-.0208
G1 X125.809 Y140.936 E-.03016
G1 X126.077 Y141.264 E-.03018
G1 X126.174 Y141.582 E-.02369
;WIPE_END
G1 E-.51856 F1800
G1 Z2.35 F600
G1 X113.196 Y170.942 F30000
G1 Z1.95 F600
G1 E1 F1800
M204 S5000
;TYPE:Perimeter
;WIDTH:0.449999
G1 F3000
G1 X113.246 Y170.892 E.00285
G1 X113.731 Y170.613 E.02259
G1 X114.139 Y170.535 E.01677
G1 X114.635 Y170.606 E.02023
G1 X114.86 Y170.695 E.00977
G1 X115.274 Y171.001 E.02078
G1 X115.55 Y171.422 E.02032
G1 X115.669 Y171.989 E.02339
G1 X115.589 Y172.457 E.01917
G1 X115.504 Y172.661 E.00892
G1 X115.308 Y172.954 E.01423
G1 X115.154 Y173.108 E.00879
G1 X114.861 Y173.304 E.01423
G1 X114.657 Y173.389 E.00892
G1 X114.2 Y173.47 E.01874
G1 X113.609 Y173.345 E.02439
G1 X113.161 Y173.037 E.02195
G1 X112.852 Y172.584 E.02214
G1 X112.74 Y172.097 E.02017
G1 X112.742 Y171.89 E.00836
G1 X112.81 Y171.544 E.01424
G1 X112.896 Y171.339 E.00897
G1 X113.092 Y171.046 E.01423
G1 X113.154 Y170.984 E.00354
M204 S10000
G1 X113.433 Y171.245 F30000
M204 S3000
;TYPE:External perimeter
;WIDTH:0.419999
G1 F3000
G1 X113.459 Y171.209 E.00166
G1 X113.814 Y170.985 E.01566
G1 X114.175 Y170.918 E.0137
G1 X114.648 Y171.012 E.018
G1 X114.991 Y171.259 E.01577
G1 X115.215 Y171.618 E.01579
G1 X115.285 Y172.036 E.01582
G1 X115.188 Y172.448 E.01579
G1 X114.941 Y172.791 E.01577
G1 X114.582 Y173.015 E.01579
G1 X114.164 Y173.085 E.01582
G1 X113.752 Y172.988 E.01579
G1 X113.409 Y172.741 E.01577
G1 X113.198 Y172.423 E.01424
G1 X113.116 Y171.964 E.0174
G1 X113.212 Y171.552 E.01579
G1 X113.398 Y171.294 E.01187
M204 S10000
G1 X113.412 Y171.206 F30000
;WIPE_START
G1 F24000
G1 X113.459 Y171.209 E-.00745
G1 X113.814 Y170.985 E-.02991
G1 X114.175 Y170.918 E-.02616
G1 X114.648 Y171.012 E-.03436
M73 P80 R3
G1 X114.991 Y171.259 E-.03012
G1 X115.215 Y171.618 E-.03015
G1 X115.285 Y172.036 E-.0302
G1 X115.188 Y172.448 E-.03016
G1 X114.941 Y172.791 E-.03012
G1 X114.582 Y173.015 E-.03015
G1 X114.164 Y173.085 E-.0302
G1 X113.752 Y172.988 E-.03016
G1 X113.409 Y172.741 E-.03012
G1 X113.198 Y172.423 E-.02719
G1 X113.116 Y171.964 E-.03322
G1 X113.212 Y171.552 E-.03014
G1 X113.398 Y171.294 E-.02266
;WIPE_END
G1 E-.51753 F1800
G1 Z2.35 F600
G1 X114.118 Y106.544 F30000
G1 Z1.95 F600
G1 E1 F1800
M204 S5000
;TYPE:Perimeter
;WIDTH:0.449999
G1 F3000
G1 X114.186 Y106.537 E.00276
G1 X114.684 Y106.62 E.02038
G1 X115.001 Y106.777 E.01428
G1 X115.175 Y106.91 E.00884
G1 X115.407 Y107.175 E.01422
G1 X115.518 Y107.366 E.00892
G1 X115.657 Y107.816 E.01901
G1 X115.625 Y108.356 E.02184
G1 X115.4 Y108.843 E.02166
G1 X115.025 Y109.207 E.0211
G1 X114.834 Y109.318 E.00892
G1 X114.405 Y109.455 E.01818
G1 X113.93 Y109.437 E.01919
G1 X113.716 Y109.38 E.00894
G1 X113.399 Y109.223 E.01428
G1 X113.225 Y109.09 E.00884
G1 X112.993 Y108.825 E.01422
G1 X112.882 Y108.634 E.00892
G1 X112.739 Y108.119 E.02158
G1 X112.763 Y107.729 E.01577
G1 X112.856 Y107.443 E.01214
G1 X113.048 Y107.089 E.01626
G1 X113.441 Y106.742 E.02117
G1 X113.974 Y106.559 E.02275
G1 X114.058 Y106.55 E.00341
M204 S10000
G1 X114.173 Y106.919 F30000
M204 S3000
;TYPE:External perimeter
;WIDTH:0.419999
G1 F3000
G1 X114.514 Y106.961 E.01282
G1 X114.888 Y107.162 E.01584
G1 X115.157 Y107.488 E.01577
G1 X115.279 Y107.892 E.01575
G1 X115.238 Y108.314 E.01582
G1 X115.038 Y108.688 E.01583
G1 X114.711 Y108.957 E.0158
G1 X114.307 Y109.08 E.01576
G1 X113.885 Y109.038 E.01583
G1 X113.512 Y108.838 E.01579
G1 X113.243 Y108.511 E.0158
G1 X113.12 Y108.119 E.01533
G1 X113.162 Y107.684 E.01631
G1 X113.366 Y107.308 E.01596
G1 X113.695 Y107.041 E.01581
G1 X114.115 Y106.927 E.01624
M204 S10000
G1 X114.324 Y106.611 F30000
;WIPE_START
G1 F24000
G1 X114.514 Y106.961 E-.02853
G1 X114.888 Y107.162 E-.03025
G1 X115.157 Y107.488 E-.03011
G1 X115.279 Y107.892 E-.03007
G1 X115.238 Y108.314 E-.03021
G1 X115.038 Y108.688 E-.03022
G1 X114.711 Y108.957 E-.03017
G1 X114.307 Y109.08 E-.03009
G1 X113.885 Y109.038 E-.03022
G1 X113.512 Y108.838 E-.03016
G1 X113.243 Y108.511 E-.03017
G1 X113.12 Y108.119 E-.02927
G1 X113.162 Y107.684 E-.03114
G1 X113.366 Y107.308 E-.03048
G1 X113.695 Y107.041 E-.03019
G1 X114.115 Y106.927 E-.03101
;WIPE_END
G1 E-.51771 F1800
G1 Z2.35 F600
G1 X113.559 Y109.678 F30000
G1 Z1.95 F600
G1 E1 F1800
;TYPE:Internal infill
;WIDTH:0.45
G1 F8477.366
G1 X113.238 Y109.519 E.01446
G1 X112.981 Y109.323 E.01305
G1 X112.731 Y109.037 E.01534
G1 X112.567 Y108.755 E.01317
G1 X112.415 Y108.278 E.02021
G1 X112.401 Y108.12 E.0064
G1 X112.422 Y107.789 E.01339
G1 X111.341 Y108.87 E.06172
G1 X111.325 Y108.822 E.00204
G1 X111.128 Y108.854 E.00806
G1 X111.128 Y106.935 E.07747
G1 X111.148 Y106.633 E.01222
G1 X111.194 Y106.405 E.00939
G1 X111.404 Y105.907 E.02182
G1 X111.708 Y105.509 E.02022
G1 X112.102 Y105.203 E.02014
G1 X112.506 Y105.032 E.01771
G1 X113.751 Y106.277 E.07108
G1 X114.002 Y106.209 E.0105
G1 X115.07 Y105.141 E.06098
G1 X115.345 Y105.235 E.01173
G1 X115.696 Y105.408 E.0158
G1 X116.021 Y105.626 E.0158
G1 X116.316 Y105.884 E.01582
G1 X116.574 Y106.179 E.01582
G1 X116.792 Y106.504 E.0158
G1 X116.965 Y106.855 E.0158
G1 X117.091 Y107.225 E.01578
G1 X117.167 Y107.609 E.0158
G1 X117.193 Y108 E.01582
G1 X117.167 Y108.391 E.01582
G1 X117.091 Y108.775 E.0158
G1 X116.965 Y109.145 E.01578
G1 X116.851 Y109.377 E.01044
G1 X115.941 Y108.468 E.05193
G1 X115.886 Y108.625 E.00672
G1 X115.722 Y108.957 E.01495
G1 X115.614 Y109.124 E.00803
G1 X115.133 Y109.547 E.02586
G1 X114.949 Y109.635 E.00823
G1 X114.454 Y109.79 E.02094
G1 X114.175 Y109.782 E.01127
;WIPE_START
G1 F24000
G1 X114.454 Y109.79 E-.01989
G1 X114.949 Y109.635 E-.03696
G1 X115.133 Y109.547 E-.01453
G1 X115.614 Y109.124 E-.04564
G1 X115.722 Y108.957 E-.01417
G1 X115.886 Y108.625 E-.02638
G1 X115.941 Y108.468 E-.01185
G1 X116.851 Y109.377 E-.09164
G1 X116.965 Y109.145 E-.01842
G1 X117.091 Y108.775 E-.02785
G1 X117.167 Y108.391 E-.02789
G1 X117.193 Y108 E-.02792
G1 X117.167 Y107.609 E-.02792
G1 X117.091 Y107.225 E-.02789
G1 X116.965 Y106.855 E-.02785
G1 X116.792 Y106.504 E-.02788
G1 X116.574 Y106.179 E-.02788
G1 X116.316 Y105.884 E-.02792
G1 X116.021 Y105.626 E-.02792
G1 X115.696 Y105.408 E-.02788
G1 X115.345 Y105.235 E-.02788
G1 X115.07 Y105.141 E-.02071
G1 X114.002 Y106.209 E-.10761
G1 X113.751 Y106.277 E-.01853
G1 X112.506 Y105.032 E-.12545
G1 X112.102 Y105.203 E-.03126
G1 X111.708 Y105.509 E-.03554
G1 X111.404 Y105.907 E-.03568
G1 X111.344 Y106.05 E-.01106
;WIPE_END
G1 Z2.35 F600
G1 X164.934 Y106.433 F30000
G1 Z1.95 F600
G1 E1 F1800
G1 F8477.366
G1 X164.619 Y106.638 E.01517
G1 X164.437 Y106.82 E.01039
G1 X164.28 Y107.04 E.01091
G1 X164.112 Y107.379 E.01527
G1 X164.027 Y107.696 E.01325
G1 X164.01 Y108.254 E.02254
G1 X164.073 Y108.454 E.00847
G1 X163.149 Y109.377 E.05273
G1 X163.035 Y109.145 E.01044
G1 X162.909 Y108.775 E.01578
G1 X162.833 Y108.391 E.0158
G1 X162.807 Y108 E.01582
G1 X162.833 Y107.609 E.01582
G1 X162.909 Y107.225 E.0158
G1 X163.035 Y106.855 E.01578
G1 X163.208 Y106.504 E.0158
G1 X163.426 Y106.179 E.0158
G1 X163.684 Y105.884 E.01582
G1 X163.979 Y105.626 E.01582
G1 X164.304 Y105.408 E.0158
G1 X164.655 Y105.235 E.0158
G1 X164.93 Y105.141 E.01173
G1 X166.008 Y106.219 E.06155
G1 X166.26 Y106.266 E.01035
G1 X167.488 Y105.039 E.07008
G1 X167.673 Y105.09 E.00775
G1 X168.104 Y105.344 E.0202
G1 X168.456 Y105.698 E.02015
G1 X168.725 Y106.162 E.02165
G1 X168.8 Y106.377 E.00919
G1 X168.852 Y106.633 E.01055
G1 X168.872 Y106.935 E.01222
G1 X168.872 Y108.854 E.07747
G1 X168.675 Y108.822 E.00806
G1 X168.659 Y108.87 E.00204
G1 X167.586 Y107.797 E.06126
G1 X167.599 Y107.874 E.00315
G1 X167.563 Y108.392 E.02096
G1 X167.487 Y108.624 E.00986
G1 X167.32 Y108.962 E.01522
G1 X167.123 Y109.219 E.01307
G1 X166.837 Y109.469 E.01534
G1 X166.554 Y109.633 E.01321
G1 X166.431 Y109.671 E.0052
;WIPE_START
G1 F24000
G1 X166.554 Y109.633 E-.00917
G1 X166.837 Y109.469 E-.0233
G1 X167.123 Y109.219 E-.02707
G1 X167.32 Y108.962 E-.02307
G1 X167.487 Y108.624 E-.02686
G1 X167.563 Y108.392 E-.01739
G1 X167.599 Y107.874 E-.037
G1 X167.586 Y107.797 E-.00556
G1 X168.659 Y108.87 E-.10812
G1 X168.675 Y108.822 E-.0036
G1 X168.872 Y108.854 E-.01422
G1 X168.872 Y106.935 E-.13673
G1 X168.852 Y106.633 E-.02156
G1 X168.8 Y106.377 E-.01861
G1 X168.725 Y106.162 E-.01622
G1 X168.456 Y105.698 E-.03821
G1 X168.104 Y105.344 E-.03557
G1 X167.673 Y105.09 E-.03564
G1 X167.488 Y105.039 E-.01367
G1 X166.26 Y106.266 E-.12369
G1 X166.008 Y106.219 E-.01826
G1 X164.93 Y105.141 E-.10862
G1 X164.655 Y105.235 E-.02071
G1 X164.304 Y105.408 E-.02788
G1 X163.979 Y105.626 E-.02788
G1 X163.684 Y105.884 E-.02792
G1 X163.426 Y106.179 E-.02792
G1 X163.383 Y106.244 E-.00555
;WIPE_END
G1 Z2.35 F600
G1 X165.816 Y170.205 F30000
G1 Z1.95 F600
G1 E1 F1800
G1 F8477.366
G1 X165.556 Y170.218 E.01051
G1 X165.249 Y170.286 E.01269
G1 X165.032 Y170.367 E.00935
G1 X164.613 Y170.645 E.0203
G1 X164.481 Y170.768 E.00728
G1 X164.142 Y171.282 E.02486
G1 X164.069 Y171.542 E.0109
G1 X163.149 Y170.623 E.0525
G1 X163.035 Y170.855 E.01044
G1 X162.909 Y171.225 E.01578
G1 X162.833 Y171.609 E.0158
G1 X162.807 Y172 E.01582
G1 X162.833 Y172.391 E.01582
G1 X162.909 Y172.775 E.0158
G1 X163.035 Y173.145 E.01578
G1 X163.208 Y173.496 E.0158
G1 X163.426 Y173.821 E.0158
G1 X163.684 Y174.116 E.01582
G1 X163.979 Y174.374 E.01582
G1 X164.304 Y174.592 E.0158
G1 X164.655 Y174.765 E.0158
G1 X164.93 Y174.859 E.01173
G1 X166.018 Y173.772 E.06209
G1 X166.257 Y173.731 E.00979
G1 X167.494 Y174.968 E.07063
G1 X167.898 Y174.797 E.01771
G1 X168.292 Y174.491 E.02014
G1 X168.596 Y174.093 E.02022
G1 X168.806 Y173.595 E.02182
G1 X168.852 Y173.367 E.00939
G1 X168.872 Y173.065 E.01222
G1 X168.872 Y171.146 E.07747
G1 X168.675 Y171.178 E.00806
G1 X168.659 Y171.13 E.00204
G1 X167.572 Y172.218 E.06209
G1 X167.608 Y172 E.00892
G1 X167.518 Y171.465 E.0219
G1 X167.392 Y171.162 E.01325
G1 X167.18 Y170.847 E.01533
G1 X166.953 Y170.62 E.01296
G1 X166.635 Y170.407 E.01545
G1 X166.446 Y170.332 E.00821
G1 X168.655 Y170.548 F30000
M204 S2000
;TYPE:Top solid infill
;WIDTH:0.420868
G1 F9149.879
G1 X169.052 Y170.151 E.021
M204 S10000
G1 X169.052 Y169.632 F30000
M204 S2000
G1 F9149.879
G1 X168.463 Y170.221 E.03116
M204 S10000
G1 X168.239 Y169.925 F30000
M204 S2000
G1 F9149.879
G1 X169.052 Y169.113 E.04298
M204 S10000
G1 X169.052 Y168.593 F30000
M204 S2000
G1 F9149.879
G1 X167.987 Y169.658 E.05634
M204 S10000
G1 X167.705 Y169.421 F30000
M204 S2000
G1 F9149.879
G1 X169.052 Y168.074 E.07125
M204 S10000
G1 X169.052 Y167.555 F30000
M204 S2000
G1 F9149.879
G1 X167.392 Y169.214 E.08778
M204 S10000
G1 X167.045 Y169.042 F30000
M204 S2000
G1 F9149.879
G1 X169.052 Y167.035 E.10617
M204 S10000
G1 X169.052 Y166.516 F30000
M204 S2000
G1 F9149.879
G1 X166.659 Y168.909 E.12658
M204 S10000
G1 X166.221 Y168.827 F30000
M204 S2000
G1 F9149.879
G1 X169.052 Y165.997 E.14973
M204 S10000
G1 X169.052 Y165.477 F30000
M204 S2000
G1 F9149.879
G1 X165.729 Y168.8 E.17578
M204 S10000
G1 X165.145 Y168.865 F30000
M204 S2000
G1 F9149.879
G1 X169.052 Y164.958 E.20667
M204 S10000
G1 X169.052 Y164.439 F30000
M204 S2000
G1 F9149.879
G1 X164.343 Y169.147 E.24907
M204 S10000
G1 X163.951 Y175.252 F30000
M204 S2000
G1 F9149.879
G1 X164.348 Y174.855 E.021
M204 S10000
G1 X164.021 Y174.663 F30000
M204 S2000
G1 F9149.879
G1 X163.432 Y175.252 E.03116
M204 S10000
G1 X162.913 Y175.252 F30000
M204 S2000
G1 F9149.879
G1 X163.725 Y174.439 E.04298
M204 S10000
G1 X163.458 Y174.187 F30000
M204 S2000
G1 F9149.879
G1 X162.393 Y175.252 E.05634
M204 S10000
G1 X161.874 Y175.252 F30000
M204 S2000
G1 F9149.879
G1 X163.221 Y173.905 E.07125
M204 S10000
G1 X163.014 Y173.592 F30000
M204 S2000
G1 F9149.879
G1 X161.355 Y175.252 E.08778
M204 S10000
G1 X160.835 Y175.252 F30000
M204 S2000
G1 F9149.879
G1 X162.842 Y173.245 E.10617
M204 S10000
G1 X162.709 Y172.859 F30000
M204 S2000
G1 F9149.879
G1 X160.316 Y175.252 E.12658
M204 S10000
G1 X159.797 Y175.252 F30000
M204 S2000
G1 F9149.879
G1 X162.62 Y172.429 E.14933
M204 S10000
G1 X162.595 Y171.934 F30000
M204 S2000
G1 F9149.879
G1 X159.277 Y175.252 E.17552
M204 S10000
G1 X158.758 Y175.252 F30000
M204 S2000
G1 F9149.879
G1 X162.665 Y171.345 E.20667
M204 S10000
G1 X162.947 Y170.543 F30000
M204 S2000
G1 F9149.879
G1 X158.239 Y175.252 E.24907
M204 S10000
G1 X157.719 Y175.252 F30000
M204 S2000
G1 F9149.879
G1 X169.052 Y163.919 E.59949
M204 S10000
G1 X169.052 Y163.4 F30000
M204 S2000
G1 F9149.879
G1 X157.2 Y175.252 E.62695
M204 S10000
G1 X156.681 Y175.252 F30000
M204 S2000
G1 F9149.879
G1 X169.052 Y162.881 E.6544
M204 S10000
G1 X169.052 Y162.362 F30000
M204 S2000
G1 F9149.879
G1 X156.162 Y175.252 E.68185
M204 S10000
G1 X155.642 Y175.252 F30000
M204 S2000
G1 F9149.879
G1 X169.052 Y161.842 E.70936
M204 S10000
G1 X169.052 Y161.323 F30000
M204 S2000
G1 F9149.879
G1 X155.123 Y175.252 E.73682
M204 S10000
G1 X154.604 Y175.252 F30000
M204 S2000
G1 F9149.879
G1 X169.052 Y160.804 E.76427
M204 S10000
G1 X169.052 Y160.284 F30000
M204 S2000
G1 F9149.879
G1 X154.084 Y175.252 E.79178
M204 S10000
G1 X153.565 Y175.252 F30000
M204 S2000
G1 F9149.879
G1 X169.052 Y159.765 E.81923
M204 S10000
G1 X169.052 Y159.246 F30000
M204 S2000
G1 F9149.879
G1 X153.046 Y175.252 E.84668
M204 S10000
G1 X152.526 Y175.252 F30000
M204 S2000
G1 F9149.879
G1 X169.052 Y158.726 E.87419
M204 S10000
G1 X169.052 Y158.207 F30000
M204 S2000
G1 F9149.879
G1 X152.007 Y175.252 E.90165
M204 S10000
G1 X151.488 Y175.252 F30000
M204 S2000
G1 F9149.879
G1 X169.052 Y157.688 E.9291
M204 S10000
G1 X169.052 Y157.168 F30000
M204 S2000
G1 F9149.879
G1 X150.968 Y175.252 E.95661
M204 S10000
G1 X150.449 Y175.252 F30000
M204 S2000
G1 F9149.879
G1 X169.052 Y156.649 E.98406
M204 S10000
G1 X169.052 Y156.13 F30000
M204 S2000
G1 F9149.879
G1 X149.93 Y175.252 E1.01152
M204 S10000
G1 X149.41 Y175.252 F30000
M204 S2000
G1 F9149.879
G1 X169.052 Y155.61 E1.03902
M204 S10000
G1 X169.052 Y155.091 F30000
M204 S2000
G1 F9149.879
G1 X148.891 Y175.252 E1.06648
M204 S10000
G1 X148.372 Y175.252 F30000
M204 S2000
G1 F9149.879
G1 X169.052 Y154.572 E1.09393
M204 S10000
G1 X169.052 Y154.052 F30000
M204 S2000
G1 F9149.879
G1 X147.852 Y175.252 E1.12144
M204 S10000
G1 X147.333 Y175.252 F30000
M204 S2000
G1 F9149.879
G1 X169.052 Y153.533 E1.14889
M204 S10000
G1 X169.052 Y153.014 F30000
M204 S2000
G1 F9149.879
G1 X146.814 Y175.252 E1.17635
M204 S10000
G1 X146.294 Y175.252 F30000
M204 S2000
G1 F9149.879
G1 X169.052 Y152.494 E1.20385
M204 S10000
G1 X169.052 Y151.975 F30000
M204 S2000
G1 F9149.879
G1 X145.775 Y175.252 E1.23131
M204 S10000
M73 P81 R3
G1 X145.256 Y175.252 F30000
M204 S2000
G1 F9149.879
G1 X169.052 Y151.456 E1.25876
M204 S10000
G1 X169.052 Y150.936 F30000
M204 S2000
G1 F9149.879
G1 X144.736 Y175.252 E1.28627
M204 S10000
G1 X144.217 Y175.252 F30000
M204 S2000
G1 F9149.879
G1 X169.052 Y150.417 E1.31372
M204 S10000
G1 X169.052 Y149.898 F30000
M204 S2000
G1 F9149.879
G1 X143.698 Y175.252 E1.34118
M204 S10000
G1 X143.178 Y175.252 F30000
M204 S2000
G1 F9149.879
G1 X169.052 Y149.378 E1.36868
M204 S10000
G1 X169.052 Y148.859 F30000
M204 S2000
G1 F9149.879
G1 X142.659 Y175.252 E1.39614
M204 S10000
G1 X142.14 Y175.252 F30000
M204 S2000
G1 F9149.879
G1 X163.583 Y153.809 E1.13429
M204 S10000
G1 X162.999 Y153.873 F30000
M204 S2000
G1 F9149.879
G1 X141.62 Y175.252 E1.13091
M204 S10000
G1 X141.101 Y175.252 F30000
M204 S2000
G1 F9149.879
G1 X162.571 Y153.782 E1.13572
M204 S10000
G1 X162.219 Y153.615 F30000
M204 S2000
G1 F9149.879
G1 X140.582 Y175.252 E1.14455
M204 S10000
G1 X140.062 Y175.252 F30000
M204 S2000
G1 F9149.879
G1 X161.951 Y153.363 E1.15788
M204 S10000
G1 X161.717 Y153.078 F30000
M204 S2000
G1 F9149.879
G1 X139.543 Y175.252 E1.17296
M204 S10000
G1 X139.024 Y175.252 F30000
M204 S2000
G1 F9149.879
G1 X161.577 Y152.699 E1.19301
M204 S10000
G1 X161.527 Y152.229 F30000
M204 S2000
G1 F9149.879
G1 X138.504 Y175.252 E1.21787
M204 S10000
G1 X137.985 Y175.252 F30000
M204 S2000
G1 F9149.879
G1 X161.71 Y151.527 E1.255
M204 S10000
;WIPE_START
G1 F24000
G1 X151.786 Y161.451 E-1
;WIPE_END
G1 Z2.35 F600
G1 X164.687 Y152.705 F30000
G1 Z1.95 F600
G1 E1 F1800
M204 S2000
G1 F9149.879
G1 X169.052 Y148.34 E.2309
M204 S10000
G1 X169.052 Y147.82 F30000
M204 S2000
G1 F9149.879
G1 X164.738 Y152.134 E.2282
M204 S10000
G1 X164.629 Y151.724 F30000
M204 S2000
G1 F9149.879
G1 X169.052 Y147.301 E.23397
M204 S10000
G1 X169.052 Y146.782 F30000
M204 S2000
G1 F9149.879
G1 X164.459 Y151.375 E.24296
M204 S10000
G1 X164.223 Y151.091 F30000
M204 S2000
G1 F9149.879
G1 X169.052 Y146.262 E.25544
M204 S10000
G1 X169.052 Y145.743 F30000
M204 S2000
G1 F9149.879
G1 X163.91 Y150.885 E.272
M204 S10000
G1 X163.561 Y150.715 F30000
M204 S2000
G1 F9149.879
G1 X169.052 Y145.224 E.29046
M204 S10000
G1 X169.052 Y144.704 F30000
M204 S2000
G1 F9149.879
G1 X163.086 Y150.67 E.31559
M204 S10000
G1 X162.401 Y150.835 F30000
M204 S2000
G1 F9149.879
G1 X169.052 Y144.185 E.3518
M204 S10000
G1 X169.052 Y143.666 F30000
M204 S2000
G1 F9149.879
G1 X137.466 Y175.252 E1.67084
M204 S10000
G1 X136.946 Y175.252 F30000
M204 S2000
G1 F9149.879
G1 X169.052 Y143.146 E1.69834
M204 S10000
G1 X169.052 Y142.627 F30000
M204 S2000
G1 F9149.879
G1 X136.427 Y175.252 E1.7258
M204 S10000
G1 X135.908 Y175.252 F30000
M204 S2000
G1 F9149.879
G1 X169.052 Y142.108 E1.75325
M204 S10000
G1 X169.052 Y141.589 F30000
M204 S2000
G1 F9149.879
G1 X135.389 Y175.252 E1.7807
M204 S10000
G1 X134.869 Y175.252 F30000
M204 S2000
G1 F9149.879
G1 X169.052 Y141.069 E1.80821
M204 S10000
G1 X169.052 Y140.55 F30000
M204 S2000
G1 F9149.879
G1 X134.35 Y175.252 E1.83567
M204 S10000
G1 X133.831 Y175.252 F30000
M204 S2000
G1 F9149.879
G1 X169.052 Y140.031 E1.86312
M204 S10000
G1 X169.052 Y139.511 F30000
M204 S2000
G1 F9149.879
G1 X133.311 Y175.252 E1.89063
M204 S10000
G1 X132.792 Y175.252 F30000
M204 S2000
G1 F9149.879
G1 X169.052 Y138.992 E1.91808
M204 S10000
G1 X169.052 Y138.473 F30000
M204 S2000
G1 F9149.879
G1 X132.273 Y175.252 E1.94553
M204 S10000
G1 X131.753 Y175.252 F30000
M204 S2000
G1 F9149.879
G1 X163.758 Y143.247 E1.693
M204 S10000
M73 P82 R3
G1 X163.11 Y143.376 F30000
M204 S2000
G1 F9149.879
G1 X131.234 Y175.252 E1.68618
M204 S10000
G1 X130.715 Y175.252 F30000
M204 S2000
G1 F9149.879
G1 X162.649 Y143.317 E1.68927
M204 S10000
G1 X162.295 Y143.152 F30000
M204 S2000
G1 F9149.879
G1 X130.195 Y175.252 E1.69803
M204 S10000
G1 X129.676 Y175.252 F30000
M204 S2000
G1 F9149.879
G1 X162.006 Y142.922 E1.71019
M204 S10000
G1 X161.765 Y142.643 F30000
M204 S2000
G1 F9149.879
G1 X129.157 Y175.252 E1.72492
M204 S10000
G1 X128.637 Y175.252 F30000
M204 S2000
G1 F9149.879
G1 X161.608 Y142.281 E1.7441
M204 S10000
G1 X161.52 Y141.85 F30000
M204 S2000
G1 F9149.879
G1 X128.118 Y175.252 E1.7669
M204 S10000
G1 X127.599 Y175.252 F30000
M204 S2000
G1 F9149.879
G1 X161.608 Y141.242 E1.79903
M204 S10000
;WIPE_START
G1 F24000
G1 X151.684 Y151.166 E-1
;WIPE_END
G1 Z2.35 F600
G1 X164.608 Y142.397 F30000
G1 Z1.95 F600
G1 E1 F1800
M204 S2000
G1 F9149.879
G1 X169.052 Y137.953 E.23508
M204 S10000
G1 X169.052 Y137.434 F30000
M204 S2000
G1 F9149.879
G1 X164.737 Y141.749 E.22825
M204 S10000
G1 X164.661 Y141.305 F30000
M204 S2000
G1 F9149.879
G1 X169.052 Y136.915 E.23225
M204 S10000
G1 X169.052 Y136.395 F30000
M204 S2000
G1 F9149.879
G1 X164.512 Y140.935 E.24016
M204 S10000
G1 X164.277 Y140.651 F30000
M204 S2000
G1 F9149.879
G1 X169.052 Y135.876 E.25259
M204 S10000
G1 X169.052 Y135.357 F30000
M204 S2000
G1 F9149.879
G1 X163.997 Y140.411 E.26737
M204 S10000
G1 X163.643 Y140.246 F30000
M204 S2000
G1 F9149.879
G1 X169.052 Y134.837 E.28613
M204 S10000
G1 X169.052 Y134.318 F30000
M204 S2000
G1 F9149.879
G1 X163.215 Y140.155 E.30877
M204 S10000
G1 X162.603 Y140.247 F30000
M204 S2000
G1 F9149.879
G1 X169.052 Y133.799 E.34111
M204 S10000
G1 X169.052 Y133.279 F30000
M204 S2000
G1 F9149.879
G1 X127.079 Y175.252 E2.22029
M204 S10000
G1 X126.56 Y175.252 F30000
M204 S2000
G1 F9149.879
G1 X169.052 Y132.76 E2.24774
M204 S10000
G1 X169.052 Y132.241 F30000
M204 S2000
G1 F9149.879
G1 X126.041 Y175.252 E2.27519
M204 S10000
G1 X125.521 Y175.252 F30000
M204 S2000
G1 F9149.879
G1 X169.052 Y131.721 E2.3027
M204 S10000
G1 X169.052 Y131.202 F30000
M204 S2000
G1 F9149.879
G1 X125.002 Y175.252 E2.33016
M204 S10000
M73 P82 R2
G1 X124.483 Y175.252 F30000
M204 S2000
G1 F9149.879
G1 X169.052 Y130.683 E2.35761
M204 S10000
G1 X169.052 Y130.163 F30000
M204 S2000
G1 F9149.879
G1 X123.963 Y175.252 E2.38512
M204 S10000
G1 X123.444 Y175.252 F30000
M204 S2000
G1 F9149.879
G1 X169.052 Y129.644 E2.41257
M204 S10000
G1 X169.052 Y129.125 F30000
M204 S2000
G1 F9149.879
G1 X122.925 Y175.252 E2.44002
M204 S10000
G1 X122.405 Y175.252 F30000
M204 S2000
G1 F9149.879
G1 X169.052 Y128.605 E2.46753
M204 S10000
G1 X169.052 Y128.086 F30000
M204 S2000
G1 F9149.879
G1 X121.886 Y175.252 E2.49499
M204 S10000
G1 X121.367 Y175.252 F30000
M204 S2000
G1 F9149.879
G1 X169.052 Y127.567 E2.52244
M204 S10000
M73 P83 R2
G1 X169.052 Y127.047 F30000
M204 S2000
G1 F9149.879
G1 X120.847 Y175.252 E2.54995
M204 S10000
G1 X120.328 Y175.252 F30000
M204 S2000
G1 F9149.879
G1 X169.052 Y126.528 E2.5774
M204 S10000
G1 X169.052 Y126.009 F30000
M204 S2000
G1 F9149.879
G1 X119.809 Y175.252 E2.60486
M204 S10000
G1 X119.289 Y175.252 F30000
M204 S2000
G1 F9149.879
G1 X169.052 Y125.489 E2.63236
M204 S10000
G1 X169.052 Y124.97 F30000
M204 S2000
G1 F9149.879
G1 X118.77 Y175.252 E2.65982
M204 S10000
G1 X118.251 Y175.252 F30000
M204 S2000
G1 F9149.879
G1 X169.052 Y124.451 E2.68727
M204 S10000
G1 X169.052 Y123.931 F30000
M204 S2000
G1 F9149.879
G1 X117.731 Y175.252 E2.71478
M204 S10000
G1 X117.212 Y175.252 F30000
M204 S2000
G1 F9149.879
G1 X169.052 Y123.412 E2.74223
M204 S10000
G1 X169.052 Y122.893 F30000
M204 S2000
G1 F9149.879
G1 X116.693 Y175.252 E2.76969
M204 S10000
G1 X116.173 Y175.252 F30000
M204 S2000
G1 F9149.879
G1 X169.052 Y122.374 E2.79717
M204 S10000
G1 X169.052 Y121.854 F30000
M204 S2000
G1 F9149.879
G1 X115.654 Y175.252 E2.82465
M204 S10000
G1 X117.17 Y173.217 F30000
M204 S2000
G1 F9149.879
G1 X169.052 Y121.335 E2.74445
M204 S10000
G1 X169.052 Y120.816 F30000
M204 S2000
G1 F9149.879
G1 X117.366 Y172.501 E2.73406
M204 S10000
G1 X117.406 Y171.942 F30000
M204 S2000
G1 F9149.879
G1 X169.052 Y120.296 E2.73197
M204 S10000
G1 X169.052 Y119.777 F30000
M204 S2000
G1 F9149.879
G1 X117.36 Y171.469 E2.7344
M204 S10000
G1 X117.26 Y171.049 F30000
M204 S2000
G1 F9149.879
G1 X169.052 Y119.258 E2.73967
M204 S10000
G1 X169.052 Y118.738 F30000
M204 S2000
G1 F9149.879
G1 X117.117 Y170.673 E2.74726
M204 S10000
G1 X116.938 Y170.333 F30000
M204 S2000
G1 F9149.879
G1 X169.052 Y118.219 E2.75673
M204 S10000
G1 X169.052 Y117.7 F30000
M204 S2000
G1 F9149.879
G1 X116.727 Y170.024 E2.76786
M204 S10000
M73 P84 R2
G1 X116.484 Y169.748 F30000
M204 S2000
G1 F9149.879
G1 X169.052 Y117.18 E2.78074
M204 S10000
G1 X169.052 Y116.661 F30000
M204 S2000
G1 F9149.879
G1 X116.21 Y169.503 E2.79523
M204 S10000
G1 X115.905 Y169.288 F30000
M204 S2000
G1 F9149.879
G1 X169.052 Y116.142 E2.81134
M204 S10000
G1 X169.052 Y115.622 F30000
M204 S2000
G1 F9149.879
G1 X115.57 Y169.104 E2.82909
M204 S10000
G1 X115.198 Y168.956 F30000
M204 S2000
G1 F9149.879
G1 X169.052 Y115.103 E2.84874
M204 S10000
G1 X169.052 Y114.584 F30000
M204 S2000
G1 F9149.879
G1 X114.78 Y168.855 E2.87085
M204 S10000
G1 X114.318 Y168.798 F30000
M204 S2000
G1 F9149.879
G1 X169.052 Y114.064 E2.89532
M204 S10000
G1 X169.052 Y113.545 F30000
M204 S2000
G1 F9149.879
G1 X113.778 Y168.818 E2.92386
M204 S10000
G1 X113.08 Y168.998 F30000
M204 S2000
G1 F9149.879
G1 X169.052 Y113.026 E2.96081
M204 S10000
G1 X169.052 Y112.506 F30000
M204 S2000
G1 F9149.879
G1 X110.948 Y170.61 E3.07358
M204 S10000
G1 X110.948 Y170.09 F30000
M204 S2000
G1 F9149.879
G1 X169.052 Y111.987 E3.07356
M204 S10000
G1 X169.052 Y111.468 F30000
M204 S2000
G1 F9149.879
G1 X110.948 Y169.571 E3.07356
M204 S10000
G1 X110.948 Y169.052 F30000
M204 S2000
G1 F9149.879
G1 X169.052 Y110.948 E3.07358
M204 S10000
G1 X169.052 Y110.429 F30000
M204 S2000
G1 F9149.879
G1 X126.611 Y152.87 E2.24504
M204 S10000
G1 X126.728 Y152.234 F30000
M204 S2000
G1 F9149.879
G1 X169.052 Y109.91 E2.23885
M204 S10000
G1 X169.052 Y109.39 F30000
M204 S2000
G1 F9149.879
G1 X126.65 Y151.792 E2.24298
M204 S10000
G1 X126.498 Y151.425 F30000
M204 S2000
G1 F9149.879
G1 X166.92 Y111.002 E2.13827
M204 S10000
G1 X166.222 Y111.182 F30000
M204 S2000
G1 F9149.879
G1 X126.259 Y151.145 E2.11396
M204 S10000
M73 P85 R2
G1 X125.976 Y150.908 F30000
M204 S2000
G1 F9149.879
G1 X165.682 Y111.202 E2.10037
M204 S10000
G1 X165.215 Y111.149 F30000
M204 S2000
G1 F9149.879
G1 X125.623 Y150.742 E2.09436
M204 S10000
G1 X125.171 Y150.675 F30000
M204 S2000
G1 F9149.879
G1 X164.802 Y111.044 E2.0964
M204 S10000
G1 X164.43 Y110.896 F30000
M204 S2000
G1 F9149.879
G1 X124.542 Y150.784 E2.10999
M204 S10000
;WIPE_START
G1 F24000
G1 X134.466 Y140.86 E-1
;WIPE_END
G1 Z2.35 F600
G1 X125.71 Y153.771 F30000
G1 Z1.95 F600
G1 E1 F1800
M204 S2000
G1 F9149.879
G1 X110.948 Y168.532 E.78085
M204 S10000
G1 X110.948 Y168.013 F30000
M204 S2000
G1 F9149.879
G1 X125.08 Y153.882 E.74753
M204 S10000
G1 X124.626 Y153.816 F30000
M204 S2000
G1 F9149.879
G1 X110.948 Y167.494 E.72354
M204 S10000
G1 X110.948 Y166.974 F30000
M204 S2000
G1 F9149.879
G1 X124.28 Y153.643 E.70521
M204 S10000
G1 X123.987 Y153.416 F30000
M204 S2000
G1 F9149.879
G1 X110.948 Y166.455 E.68974
M204 S10000
G1 X110.948 Y165.936 F30000
M204 S2000
G1 F9149.879
G1 X123.752 Y153.132 E.67731
M204 S10000
G1 X123.597 Y152.768 F30000
M204 S2000
G1 F9149.879
G1 X110.948 Y165.416 E.66908
M204 S10000
G1 X110.948 Y164.897 F30000
M204 S2000
G1 F9149.879
G1 X123.509 Y152.336 E.66445
M204 S10000
G1 X123.607 Y151.719 F30000
M204 S2000
G1 F9149.879
G1 X110.948 Y164.378 E.66964
M204 S10000
G1 X110.948 Y163.858 F30000
M204 S2000
G1 F9149.879
G1 X164.095 Y110.712 E2.81134
M204 S10000
G1 X163.79 Y110.497 F30000
M204 S2000
G1 F9149.879
G1 X110.948 Y163.339 E2.79523
M204 S10000
G1 X110.948 Y162.82 F30000
M204 S2000
G1 F9149.879
G1 X163.516 Y110.252 E2.78074
M204 S10000
G1 X163.273 Y109.976 F30000
M204 S2000
G1 F9149.879
G1 X110.948 Y162.3 E2.76786
M204 S10000
G1 X110.948 Y161.781 F30000
M204 S2000
G1 F9149.879
G1 X163.062 Y109.667 E2.75673
M204 S10000
G1 X162.883 Y109.327 F30000
M204 S2000
G1 F9149.879
G1 X110.948 Y161.262 E2.74726
M204 S10000
G1 X110.948 Y160.742 F30000
M204 S2000
G1 F9149.879
G1 X162.74 Y108.951 E2.73967
M204 S10000
G1 X162.64 Y108.531 F30000
M204 S2000
G1 F9149.879
G1 X110.948 Y160.223 E2.7344
M204 S10000
G1 X110.948 Y159.704 F30000
M204 S2000
G1 F9149.879
G1 X162.594 Y108.058 E2.73197
M204 S10000
G1 X162.634 Y107.499 F30000
M204 S2000
G1 F9149.879
G1 X110.948 Y159.184 E2.73406
M204 S10000
G1 X110.948 Y158.665 F30000
M204 S2000
G1 F9149.879
G1 X162.83 Y106.783 E2.74445
M204 S10000
G1 X164.344 Y104.751 F30000
M204 S2000
G1 F9149.879
G1 X126.514 Y142.58 E2.0011
M204 S10000
M73 P86 R2
G1 X126.724 Y141.851 F30000
M204 S2000
G1 F9149.879
G1 X163.824 Y104.751 E1.96251
M204 S10000
G1 X163.305 Y104.751 F30000
M204 S2000
G1 F9149.879
G1 X126.682 Y141.374 E1.93728
M204 S10000
G1 X126.543 Y140.993 F30000
M204 S2000
G1 F9149.879
G1 X162.786 Y104.75 E1.91718
M204 S10000
G1 X162.266 Y104.75 F30000
M204 S2000
G1 F9149.879
G1 X126.315 Y140.702 E1.90176
M204 S10000
G1 X126.051 Y140.447 F30000
M204 S2000
G1 F9149.879
G1 X161.747 Y104.75 E1.88827
M204 S10000
G1 X161.228 Y104.75 F30000
M204 S2000
G1 F9149.879
G1 X125.704 Y140.274 E1.87915
M204 S10000
G1 X125.292 Y140.167 F30000
M204 S2000
G1 F9149.879
G1 X160.709 Y104.75 E1.87349
M204 S10000
G1 X160.189 Y104.75 F30000
M204 S2000
G1 F9149.879
G1 X124.735 Y140.205 E1.87547
M204 S10000
;WIPE_START
G1 F24000
G1 X134.659 Y130.281 E-1
;WIPE_END
G1 Z2.35 F600
G1 X125.897 Y143.197 F30000
G1 Z1.95 F600
G1 E1 F1800
M204 S2000
G1 F9149.879
G1 X110.948 Y158.146 E.79077
M204 S10000
G1 X110.948 Y157.626 F30000
M204 S2000
G1 F9149.879
G1 X125.195 Y143.38 E.75361
M204 S10000
G1 X124.715 Y143.341 F30000
M204 S2000
G1 F9149.879
G1 X110.948 Y157.107 E.72822
M204 S10000
G1 X110.948 Y156.588 F30000
M204 S2000
G1 F9149.879
G1 X124.354 Y143.182 E.70915
M204 S10000
G1 X124.048 Y142.969 F30000
M204 S2000
G1 F9149.879
G1 X110.948 Y156.068 E.69294
M204 S10000
G1 X110.948 Y155.549 F30000
M204 S2000
G1 F9149.879
G1 X123.806 Y142.692 E.68014
M204 S10000
G1 X123.624 Y142.354 F30000
M204 S2000
G1 F9149.879
G1 X110.948 Y155.03 E.67053
M204 S10000
G1 X110.948 Y154.511 F30000
M204 S2000
G1 F9149.879
G1 X123.511 Y141.948 E.66456
M204 S10000
G1 X123.548 Y141.392 F30000
M204 S2000
G1 F9149.879
G1 X110.948 Y153.991 E.66649
M204 S10000
G1 X110.948 Y153.472 F30000
M204 S2000
G1 F9149.879
G1 X159.67 Y104.75 E2.5773
M204 S10000
G1 X159.151 Y104.75 F30000
M204 S2000
G1 F9149.879
G1 X110.948 Y152.953 E2.54984
M204 S10000
G1 X110.948 Y152.433 F30000
M204 S2000
G1 F9149.879
G1 X158.631 Y104.75 E2.52233
M204 S10000
G1 X158.112 Y104.75 F30000
M204 S2000
G1 F9149.879
G1 X110.948 Y151.914 E2.49488
M204 S10000
G1 X110.948 Y151.395 F30000
M204 S2000
G1 F9149.879
G1 X157.593 Y104.75 E2.46743
M204 S10000
G1 X157.073 Y104.75 F30000
M204 S2000
G1 F9149.879
G1 X110.948 Y150.875 E2.43992
M204 S10000
G1 X110.948 Y150.356 F30000
M204 S2000
G1 F9149.879
G1 X156.554 Y104.75 E2.41247
M204 S10000
G1 X156.035 Y104.75 F30000
M204 S2000
G1 F9149.879
G1 X110.948 Y149.837 E2.38501
M204 S10000
G1 X110.948 Y149.317 F30000
M204 S2000
G1 F9149.879
G1 X155.515 Y104.75 E2.3575
M204 S10000
M73 P87 R2
G1 X154.996 Y104.75 F30000
M204 S2000
G1 F9149.879
G1 X110.948 Y148.798 E2.33005
M204 S10000
G1 X110.948 Y148.279 F30000
M204 S2000
G1 F9149.879
G1 X154.477 Y104.75 E2.3026
M204 S10000
G1 X153.958 Y104.75 F30000
M204 S2000
G1 F9149.879
G1 X110.948 Y147.759 E2.27512
M204 S10000
G1 X110.948 Y147.24 F30000
M204 S2000
G1 F9149.879
G1 X153.438 Y104.75 E2.24763
M204 S10000
G1 X152.919 Y104.75 F30000
M204 S2000
G1 F9149.879
G1 X110.948 Y146.721 E2.22018
M204 S10000
G1 X110.948 Y146.201 F30000
M204 S2000
G1 F9149.879
G1 X152.4 Y104.75 E2.1927
M204 S10000
G1 X151.88 Y104.75 F30000
M204 S2000
G1 F9149.879
G1 X110.948 Y145.682 E2.16522
M204 S10000
G1 X110.948 Y145.163 F30000
M204 S2000
G1 F9149.879
G1 X151.361 Y104.75 E2.13777
M204 S10000
G1 X150.842 Y104.75 F30000
M204 S2000
G1 F9149.879
G1 X110.948 Y144.643 E2.11029
M204 S10000
G1 X110.948 Y144.124 F30000
M204 S2000
G1 F9149.879
G1 X150.322 Y104.75 E2.0828
M204 S10000
G1 X149.803 Y104.75 F30000
M204 S2000
G1 F9149.879
G1 X110.948 Y143.605 E2.05535
M204 S10000
G1 X110.948 Y143.085 F30000
M204 S2000
G1 F9149.879
G1 X149.284 Y104.75 E2.02787
M204 S10000
G1 X148.765 Y104.75 F30000
M204 S2000
G1 F9149.879
G1 X110.948 Y142.566 E2.00042
M204 S10000
G1 X110.948 Y142.047 F30000
M204 S2000
G1 F9149.879
G1 X148.245 Y104.75 E1.97294
M204 S10000
G1 X147.726 Y104.75 F30000
M204 S2000
G1 F9149.879
G1 X110.948 Y141.527 E1.94546
M204 S10000
G1 X110.948 Y141.008 F30000
M204 S2000
G1 F9149.879
G1 X147.207 Y104.75 E1.918
M204 S10000
G1 X146.687 Y104.75 F30000
M204 S2000
G1 F9149.879
G1 X110.948 Y140.489 E1.89052
M204 S10000
G1 X110.948 Y139.969 F30000
M204 S2000
G1 F9149.879
G1 X146.168 Y104.75 E1.86304
M204 S10000
G1 X145.649 Y104.75 F30000
M204 S2000
G1 F9149.879
G1 X110.948 Y139.45 E1.83559
M204 S10000
G1 X110.948 Y138.931 F30000
M204 S2000
G1 F9149.879
G1 X145.129 Y104.75 E1.80811
M204 S10000
G1 X144.61 Y104.75 F30000
M204 S2000
G1 F9149.879
G1 X110.948 Y138.411 E1.78063
M204 S10000
G1 X110.948 Y137.892 F30000
M204 S2000
G1 F9149.879
G1 X144.091 Y104.75 E1.75317
M204 S10000
G1 X143.572 Y104.75 F30000
M204 S2000
G1 F9149.879
G1 X110.948 Y137.373 E1.72572
M204 S10000
M73 P88 R2
G1 X110.948 Y136.853 F30000
M204 S2000
G1 F9149.879
G1 X143.052 Y104.75 E1.69821
M204 S10000
G1 X142.533 Y104.75 F30000
M204 S2000
G1 F9149.879
G1 X110.948 Y136.334 E1.67076
M204 S10000
G1 X110.948 Y135.815 F30000
M204 S2000
G1 F9149.879
G1 X142.014 Y104.75 E1.6433
M204 S10000
G1 X141.494 Y104.75 F30000
M204 S2000
G1 F9149.879
G1 X110.948 Y135.296 E1.61582
M204 S10000
G1 X110.948 Y134.776 F30000
M204 S2000
G1 F9149.879
G1 X140.975 Y104.75 E1.58834
M204 S10000
G1 X140.456 Y104.75 F30000
M204 S2000
G1 F9149.879
G1 X110.948 Y134.257 E1.56089
M204 S10000
G1 X110.948 Y133.738 F30000
M204 S2000
G1 F9149.879
G1 X139.936 Y104.75 E1.53341
M204 S10000
G1 X139.417 Y104.749 F30000
M204 S2000
G1 F9149.879
G1 X110.948 Y133.218 E1.50595
M204 S10000
G1 X110.948 Y132.699 F30000
M204 S2000
G1 F9149.879
G1 X138.898 Y104.749 E1.4785
M204 S10000
G1 X138.378 Y104.749 F30000
M204 S2000
G1 F9149.879
G1 X110.948 Y132.18 E1.45102
M204 S10000
G1 X110.948 Y131.66 F30000
M204 S2000
G1 F9149.879
G1 X137.859 Y104.749 E1.42354
M204 S10000
G1 X137.34 Y104.749 F30000
M204 S2000
G1 F9149.879
G1 X110.948 Y131.141 E1.39608
M204 S10000
G1 X110.948 Y130.622 F30000
M204 S2000
G1 F9149.879
G1 X136.821 Y104.749 E1.36863
M204 S10000
M73 P88 R1
G1 X136.301 Y104.749 F30000
M204 S2000
G1 F9149.879
G1 X110.948 Y130.102 E1.34112
M204 S10000
G1 X110.948 Y129.583 F30000
M204 S2000
G1 F9149.879
G1 X135.782 Y104.749 E1.31367
M204 S10000
G1 X135.263 Y104.749 F30000
M204 S2000
G1 F9149.879
G1 X110.948 Y129.064 E1.28621
M204 S10000
G1 X110.948 Y128.544 F30000
M204 S2000
G1 F9149.879
G1 X134.743 Y104.749 E1.25871
M204 S10000
G1 X134.224 Y104.749 F30000
M204 S2000
G1 F9149.879
G1 X110.948 Y128.025 E1.23125
M204 S10000
G1 X110.948 Y127.506 F30000
M204 S2000
G1 F9149.879
G1 X133.705 Y104.749 E1.2038
M204 S10000
G1 X133.185 Y104.749 F30000
M204 S2000
G1 F9149.879
G1 X110.948 Y126.986 E1.17629
M204 S10000
G1 X110.948 Y126.467 F30000
M204 S2000
G1 F9149.879
G1 X132.666 Y104.749 E1.14884
M204 S10000
G1 X132.147 Y104.749 F30000
M204 S2000
G1 F9149.879
G1 X110.948 Y125.948 E1.12138
M204 S10000
G1 X110.948 Y125.428 F30000
M204 S2000
G1 F9149.879
G1 X131.628 Y104.749 E1.0939
M204 S10000
G1 X131.108 Y104.749 F30000
M204 S2000
G1 F9149.879
G1 X110.948 Y124.909 E1.06642
M204 S10000
G1 X110.948 Y124.39 F30000
M204 S2000
G1 F9149.879
G1 X130.589 Y104.749 E1.03897
M204 S10000
G1 X130.07 Y104.749 F30000
M204 S2000
G1 F9149.879
G1 X110.948 Y123.87 E1.01149
M204 S10000
G1 X110.948 Y123.351 F30000
M204 S2000
G1 F9149.879
G1 X129.55 Y104.749 E.98401
M204 S10000
G1 X129.031 Y104.749 F30000
M204 S2000
G1 F9149.879
G1 X110.948 Y122.832 E.95655
M204 S10000
G1 X110.948 Y122.312 F30000
M204 S2000
G1 F9149.879
G1 X128.512 Y104.749 E.92907
M204 S10000
G1 X127.992 Y104.749 F30000
M204 S2000
G1 F9149.879
G1 X110.948 Y121.793 E.90159
M204 S10000
G1 X110.948 Y121.274 F30000
M204 S2000
G1 F9149.879
G1 X127.473 Y104.749 E.87414
M204 S10000
G1 X126.954 Y104.749 F30000
M204 S2000
G1 F9149.879
G1 X110.948 Y120.754 E.84666
M204 S10000
G1 X110.948 Y120.235 F30000
M204 S2000
G1 F9149.879
G1 X126.435 Y104.749 E.8192
M204 S10000
M73 P89 R1
G1 X125.915 Y104.749 F30000
M204 S2000
G1 F9149.879
G1 X110.948 Y119.716 E.79172
M204 S10000
G1 X110.948 Y119.196 F30000
M204 S2000
G1 F9149.879
G1 X125.396 Y104.749 E.76424
M204 S10000
G1 X124.877 Y104.749 F30000
M204 S2000
G1 F9149.879
G1 X110.948 Y118.677 E.73679
M204 S10000
G1 X110.948 Y118.158 F30000
M204 S2000
G1 F9149.879
G1 X124.357 Y104.749 E.70931
M204 S10000
G1 X123.838 Y104.749 F30000
M204 S2000
G1 F9149.879
G1 X110.948 Y117.638 E.68183
M204 S10000
G1 X110.948 Y117.119 F30000
M204 S2000
G1 F9149.879
G1 X123.319 Y104.749 E.65437
M204 S10000
G1 X122.799 Y104.749 F30000
M204 S2000
G1 F9149.879
G1 X110.948 Y116.6 E.62689
M204 S10000
G1 X110.948 Y116.08 F30000
M204 S2000
G1 F9149.879
G1 X122.28 Y104.749 E.59941
M204 S10000
G1 X121.761 Y104.749 F30000
M204 S2000
G1 F9149.879
G1 X117.053 Y109.457 E.24904
M204 S10000
G1 X117.335 Y108.655 F30000
M204 S2000
G1 F9149.879
G1 X121.241 Y104.749 E.20662
M204 S10000
G1 X120.722 Y104.749 F30000
M204 S2000
G1 F9149.879
G1 X117.405 Y108.066 E.17546
M204 S10000
G1 X117.38 Y107.571 F30000
M204 S2000
G1 F9149.879
G1 X120.203 Y104.749 E.1493
M204 S10000
G1 X119.684 Y104.749 F30000
M204 S2000
G1 F9149.879
G1 X117.291 Y107.141 E.12656
M204 S10000
G1 X117.158 Y106.755 F30000
M204 S2000
G1 F9149.879
G1 X119.164 Y104.749 E.10611
M204 S10000
G1 X118.645 Y104.749 F30000
M204 S2000
G1 F9149.879
G1 X116.986 Y106.408 E.08776
M204 S10000
G1 X116.779 Y106.095 F30000
M204 S2000
G1 F9149.879
G1 X118.126 Y104.749 E.07123
M204 S10000
G1 X117.606 Y104.749 F30000
M204 S2000
G1 F9149.879
G1 X116.542 Y105.813 E.05628
M204 S10000
G1 X116.275 Y105.561 F30000
M204 S2000
G1 F9149.879
G1 X117.087 Y104.749 E.04295
M204 S10000
G1 X116.568 Y104.749 F30000
M204 S2000
G1 F9149.879
G1 X115.979 Y105.337 E.03113
M204 S10000
G1 X115.652 Y105.145 F30000
M204 S2000
G1 F9149.879
G1 X116.048 Y104.749 E.02095
M204 S10000
G1 X115.657 Y110.853 F30000
M204 S2000
G1 F9149.879
G1 X110.948 Y115.561 E.24907
M204 S10000
G1 X110.948 Y115.042 F30000
M204 S2000
G1 F9149.879
G1 X114.855 Y111.135 E.20667
M204 S10000
G1 X114.266 Y111.205 F30000
M204 S2000
G1 F9149.879
G1 X110.948 Y114.523 E.17552
M204 S10000
G1 X110.948 Y114.003 F30000
M204 S2000
G1 F9149.879
G1 X113.771 Y111.18 E.14933
M204 S10000
G1 X113.341 Y111.091 F30000
M204 S2000
G1 F9149.879
G1 X110.948 Y113.484 E.12658
M204 S10000
G1 X110.948 Y112.965 F30000
M204 S2000
G1 F9149.879
G1 X112.955 Y110.958 E.10617
M204 S10000
G1 X112.608 Y110.786 F30000
M204 S2000
G1 F9149.879
G1 X110.948 Y112.445 E.08778
M204 S10000
G1 X110.948 Y111.926 F30000
M204 S2000
G1 F9149.879
G1 X112.295 Y110.579 E.07125
M204 S10000
G1 X112.013 Y110.342 F30000
M204 S2000
G1 F9149.879
G1 X110.948 Y111.407 E.05634
M204 S10000
G1 X110.948 Y110.887 F30000
M204 S2000
G1 F9149.879
G1 X111.761 Y110.075 E.04298
M204 S10000
G1 X111.537 Y109.779 F30000
M204 S2000
G1 F9149.879
G1 X110.948 Y110.368 E.03116
M204 S10000
G1 X110.948 Y109.849 F30000
M204 S2000
G1 F9149.879
G1 X111.345 Y109.452 E.021
M204 S10000
;WIPE_START
G1 F24000
G1 X110.948 Y109.849 E-.04
;WIPE_END
G1 E-.96 F1800
G1 Z2.35 F600
G1 X113.552 Y170.327 F30000
G1 Z1.95 F600
G1 E1 F1800
;TYPE:Internal infill
;WIDTH:0.45
G1 F8477.366
G1 X113.362 Y170.409 E.00835
G1 X113.047 Y170.62 E.01531
G1 X112.82 Y170.847 E.01296
G1 X112.608 Y171.162 E.01533
G1 X112.482 Y171.468 E.01336
G1 X112.393 Y171.999 E.02174
G1 X112.429 Y172.218 E.00896
G1 X111.341 Y171.13 E.06212
G1 X111.325 Y171.178 E.00204
G1 X111.128 Y171.146 E.00806
G1 X111.128 Y173.065 E.07747
G1 X111.148 Y173.367 E.01222
G1 X111.2 Y173.623 E.01055
G1 X111.275 Y173.838 E.00919
G1 X111.544 Y174.302 E.02165
G1 X111.896 Y174.656 E.02015
G1 X112.327 Y174.91 E.0202
G1 X112.512 Y174.961 E.00775
G1 X113.743 Y173.731 E.07025
G1 X113.982 Y173.772 E.00979
G1 X115.07 Y174.859 E.06209
G1 X115.345 Y174.765 E.01173
G1 X115.696 Y174.592 E.0158
G1 X116.021 Y174.374 E.0158
G1 X116.316 Y174.116 E.01582
G1 X116.574 Y173.821 E.01582
G1 X116.792 Y173.496 E.0158
G1 X116.965 Y173.145 E.0158
G1 X117.091 Y172.775 E.01578
G1 X117.167 Y172.391 E.0158
G1 X117.193 Y172 E.01582
G1 X117.167 Y171.609 E.01582
G1 X117.091 Y171.225 E.0158
G1 X116.965 Y170.855 E.01578
G1 X116.851 Y170.623 E.01044
G1 X115.931 Y171.542 E.0525
G1 X116.008 Y171.984 E.01811
G1 X115.918 Y172.534 E.0225
G1 X115.792 Y172.838 E.01329
G1 X115.58 Y173.153 E.01533
G1 X115.353 Y173.38 E.01296
G1 X115.068 Y173.571 E.01385
;LAYER_CHANGE
;Z:2.2
;HEIGHT:0.25
G92 E0
;WIPE_START
G1 F24000
G1 X115.353 Y173.38 E-.02444
G1 X115.58 Y173.153 E-.02287
G1 X115.792 Y172.838 E-.02705
G1 X115.918 Y172.534 E-.02345
G1 X116.008 Y171.984 E-.03971
G1 X115.931 Y171.542 E-.03197
G1 X116.851 Y170.623 E-.09265
G1 X116.965 Y170.855 E-.01842
G1 X117.091 Y171.225 E-.02785
G1 X117.167 Y171.609 E-.02789
G1 X117.193 Y172 E-.02792
G1 X117.167 Y172.391 E-.02792
G1 X117.091 Y172.775 E-.02789
G1 X116.965 Y173.145 E-.02785
G1 X116.792 Y173.496 E-.02788
G1 X116.574 Y173.821 E-.02788
G1 X116.316 Y174.116 E-.02792
G1 X116.021 Y174.374 E-.02792
G1 X115.696 Y174.592 E-.02788
G1 X115.345 Y174.765 E-.02788
G1 X115.07 Y174.859 E-.02071
G1 X113.982 Y173.772 E-.10958
G1 X113.743 Y173.731 E-.01728
G1 X112.512 Y174.961 E-.12399
G1 X112.327 Y174.91 E-.01367
G1 X111.896 Y174.656 E-.03564
G1 X111.544 Y174.302 E-.03557
G1 X111.345 Y173.958 E-.02832
;WIPE_END
G1 Z2.35 F600
G1 X162.415 Y107.871 F30000
G1 Z2.2 F600
G1 E1 F1800
M204 S5000
;TYPE:Perimeter
;WIDTH:0.449999
G1 F3000
G1 X162.417 Y107.619 E.01017
G1 X162.496 Y107.18 E.01801
G1 X162.651 Y106.696 E.02052
G1 X162.896 Y106.227 E.02136
G1 X163.206 Y105.802 E.02124
G1 X163.678 Y105.339 E.02669
G1 X164.044 Y105.084 E.01801
G1 X164.496 Y104.851 E.02053
G1 X164.981 Y104.696 E.02056
G1 X165.577 Y104.607 E.02433
G1 X166.165 Y104.616 E.02374
G1 X166.683 Y104.709 E.02125
G1 X167.162 Y104.88 E.02053
G1 X167.821 Y105.262 E.03075
G1 X168.209 Y105.591 E.02054
G1 X168.547 Y105.992 E.02117
G1 X168.822 Y106.44 E.02122
G1 X169.071 Y107.058 E.0269
G1 X169.178 Y107.555 E.02052
G1 X169.203 Y108.063 E.02053
G1 X169.183 Y108.381 E.01286
G1 X169.104 Y108.82 E.01801
G1 X168.949 Y109.304 E.02052
G1 X168.705 Y109.773 E.02134
G1 X168.394 Y110.198 E.02126
G1 X167.922 Y110.661 E.02669
G1 X167.556 Y110.916 E.01801
G1 X167.104 Y111.149 E.02053
G1 X166.603 Y111.307 E.02121
G1 X166.081 Y111.389 E.02133
G1 X165.419 Y111.383 E.02673
G1 X164.98 Y111.304 E.01801
G1 X164.496 Y111.149 E.02052
G1 X164.027 Y110.904 E.02136
G1 X163.602 Y110.594 E.02124
G1 X163.139 Y110.122 E.02669
G1 X162.884 Y109.756 E.01801
G1 X162.651 Y109.304 E.02053
G1 X162.493 Y108.803 E.02121
G1 X162.411 Y108.281 E.02133
G1 X162.414 Y107.931 E.01413
M204 S10000
G1 X162.022 Y107.868 F30000
M204 S3000
;TYPE:External perimeter
;WIDTH:0.419999
G1 F3000
G1 X162.102 Y107.205 E.02492
G1 X162.264 Y106.65 E.02157
G1 X162.479 Y106.185 E.01912
G1 X162.794 Y105.693 E.0218
G1 X163.187 Y105.263 E.02174
G1 X163.748 Y104.824 E.02658
G1 X164.269 Y104.538 E.02218
G1 X164.819 Y104.339 E.02183
G1 X165.394 Y104.237 E.02179
G1 X165.965 Y104.221 E.02132
G1 X166.58 Y104.301 E.02314
G1 X167.148 Y104.464 E.02205
G1 X167.615 Y104.679 E.01918
G1 X168.107 Y104.994 E.0218
G1 X168.537 Y105.387 E.02174
G1 X168.976 Y105.947 E.02655
G1 X169.253 Y106.452 E.02149
G1 X169.432 Y106.936 E.01926
G1 X169.557 Y107.505 E.02174
G1 X169.584 Y108.088 E.02178
G1 X169.498 Y108.794 E.02654
G1 X169.336 Y109.349 E.02157
G1 X169.121 Y109.815 E.01915
G1 X168.806 Y110.307 E.0218
G1 X168.413 Y110.737 E.02174
G1 X167.853 Y111.176 E.02655
G1 X167.348 Y111.453 E.02149
G1 X166.864 Y111.632 E.01926
G1 X166.295 Y111.757 E.02174
G1 X165.712 Y111.784 E.02178
G1 X165.005 Y111.698 E.02658
G1 X164.45 Y111.536 E.02157
G1 X163.985 Y111.321 E.01912
G1 X163.493 Y111.006 E.0218
G1 X163.063 Y110.613 E.02174
G1 X162.624 Y110.053 E.02655
G1 X162.347 Y109.548 E.02149
G1 X162.168 Y109.064 E.01926
G1 X162.043 Y108.495 E.02174
G1 X162.017 Y107.927 E.02122
M204 S10000
G1 X162.376 Y107.682 F30000
G1 X165.723 Y106.544
M204 S5000
;TYPE:Perimeter
;WIDTH:0.449999
G1 F3000
G1 X165.79 Y106.537 E.00272
G1 X166.214 Y106.591 E.01726
G1 X166.664 Y106.813 E.02026
G1 X167.052 Y107.234 E.02311
G1 X167.25 Y107.77 E.02307
G1 X167.228 Y108.343 E.02315
G1 X167.024 Y108.801 E.02024
G1 X166.876 Y108.987 E.0096
G1 X166.503 Y109.289 E.01938
G1 X166.029 Y109.451 E.02022
G1 X165.456 Y109.428 E.02315
G1 X164.999 Y109.223 E.02022
G1 X164.813 Y109.076 E.00957
G1 X164.511 Y108.703 E.01938
G1 X164.349 Y108.229 E.02022
G1 X164.363 Y107.73 E.02015
G1 X164.427 Y107.502 E.00956
G1 X164.658 Y107.077 E.01953
G1 X165.034 Y106.747 E.0202
G1 X165.578 Y106.558 E.02325
G1 X165.663 Y106.55 E.00345
M204 S10000
G1 X165.741 Y106.921 F30000
M204 S3000
;TYPE:External perimeter
;WIDTH:0.419999
G1 F3000
G1 X166.13 Y106.969 E.01463
G1 X166.501 Y107.176 E.01585
G1 X166.763 Y107.507 E.01575
G1 X166.878 Y107.914 E.01578
G1 X166.831 Y108.33 E.01562
G1 X166.624 Y108.701 E.01585
G1 X166.294 Y108.963 E.01572
G1 X165.888 Y109.078 E.01575
G1 X165.471 Y109.031 E.01566
G1 X165.099 Y108.824 E.01589
G1 X164.837 Y108.494 E.01572
G1 X164.722 Y108.088 E.01575
G1 X164.743 Y107.754 E.01249
G1 X164.945 Y107.329 E.01756
G1 X165.296 Y107.041 E.01694
G1 X165.683 Y106.936 E.01496
M204 S10000
G1 X165.911 Y106.568 F30000
G1 X164.923 Y106.424
;TYPE:Internal infill
;WIDTH:0.45
G1 F8477.366
G1 X164.76 Y106.533 E.00792
G1 X164.404 Y106.855 E.01938
G1 X164.277 Y107.044 E.00919
G1 X164.056 Y107.528 E.02148
G1 X164.027 Y107.702 E.00712
G1 X164.003 Y108.178 E.01924
G1 X164.068 Y108.458 E.0116
G1 X163.092 Y109.435 E.05575
G1 X162.963 Y109.175 E.01172
G1 X162.835 Y108.795 E.01619
G1 X162.756 Y108.401 E.01622
G1 X162.73 Y108 E.01622
G1 X162.756 Y107.599 E.01622
G1 X162.835 Y107.205 E.01622
G1 X162.963 Y106.825 E.01619
G1 X163.141 Y106.466 E.01618
G1 X163.365 Y106.132 E.01624
G1 X163.63 Y105.83 E.01622
G1 X163.932 Y105.565 E.01622
G1 X164.266 Y105.341 E.01624
G1 X164.625 Y105.163 E.01618
G1 X164.87 Y105.081 E.01043
G1 X166.01 Y106.221 E.06509
G1 X166.267 Y106.259 E.01049
G1 X167.235 Y105.292 E.05524
G1 X167.668 Y105.565 E.02067
G1 X167.97 Y105.83 E.01622
G1 X168.235 Y106.132 E.01622
G1 X168.459 Y106.466 E.01624
G1 X168.637 Y106.825 E.01618
G1 X168.765 Y107.205 E.01619
G1 X168.844 Y107.599 E.01622
G1 X168.87 Y108 E.01622
G1 X168.844 Y108.401 E.01622
G1 X168.765 Y108.795 E.01622
G1 X168.719 Y108.93 E.00576
G1 X167.594 Y107.805 E.06423
G1 X167.574 Y108.296 E.01984
G1 X167.545 Y108.467 E.007
G1 X167.485 Y108.628 E.00694
G1 X167.234 Y109.1 E.02158
G1 X166.844 Y109.464 E.02154
G1 X166.699 Y109.568 E.0072
G1 X166.423 Y109.67 E.01188
;WIPE_START
G1 F24000
G1 X166.699 Y109.568 E-.02096
G1 X166.844 Y109.464 E-.01271
G1 X167.234 Y109.1 E-.03801
G1 X167.485 Y108.628 E-.03809
G1 X167.545 Y108.467 E-.01224
G1 X167.574 Y108.296 E-.01236
G1 X167.594 Y107.805 E-.03501
G1 X168.719 Y108.93 E-.11336
G1 X168.765 Y108.795 E-.01016
G1 X168.844 Y108.401 E-.02863
G1 X168.87 Y108 E-.02863
G1 X168.844 Y107.599 E-.02863
G1 X168.765 Y107.205 E-.02863
G1 X168.637 Y106.825 E-.02857
G1 X168.459 Y106.466 E-.02855
G1 X168.235 Y106.132 E-.02865
G1 X167.97 Y105.83 E-.02863
G1 X167.668 Y105.565 E-.02863
G1 X167.235 Y105.292 E-.03647
G1 X166.267 Y106.259 E-.09749
G1 X166.01 Y106.221 E-.01851
G1 X164.87 Y105.081 E-.11487
G1 X164.625 Y105.163 E-.01841
G1 X164.266 Y105.341 E-.02855
G1 X163.932 Y105.565 E-.02865
G1 X163.63 Y105.83 E-.02863
G1 X163.365 Y106.132 E-.02863
G1 X163.141 Y106.466 E-.02865
G1 X163.012 Y106.726 E-.02069
;WIPE_END
G1 Z2.6 F600
G1 X116.783 Y110.209 F30000
G1 Z2.2 F600
G1 E1 F1800
M204 S5000
;TYPE:Perimeter
;WIDTH:0.449999
G1 F3000
G1 X116.322 Y110.661 E.02606
G1 X115.956 Y110.916 E.01801
G1 X115.504 Y111.149 E.02053
G1 X115.003 Y111.307 E.02121
G1 X114.481 Y111.389 E.02133
G1 X113.819 Y111.383 E.02673
G1 X113.38 Y111.304 E.01801
G1 X112.896 Y111.149 E.02052
G1 X112.427 Y110.904 E.02136
G1 X112.002 Y110.594 E.02124
G1 X111.539 Y110.122 E.02669
G1 X111.284 Y109.756 E.01801
G1 X111.051 Y109.304 E.02053
G1 X110.893 Y108.803 E.02121
G1 X110.811 Y108.281 E.02133
G1 X110.817 Y107.619 E.02673
G1 X110.896 Y107.18 E.01801
G1 X111.051 Y106.696 E.02052
G1 X111.296 Y106.227 E.02136
G1 X111.606 Y105.802 E.02124
G1 X112.078 Y105.339 E.02669
G1 X112.444 Y105.084 E.01801
G1 X112.896 Y104.851 E.02053
G1 X113.381 Y104.696 E.02056
G1 X113.982 Y104.607 E.02453
G1 X114.565 Y104.616 E.02354
G1 X115.083 Y104.709 E.02125
G1 X115.562 Y104.88 E.02053
G1 X116.221 Y105.262 E.03075
G1 X116.609 Y105.591 E.02054
G1 X116.947 Y105.992 E.02117
G1 X117.222 Y106.44 E.02122
G1 X117.471 Y107.058 E.0269
G1 X117.578 Y107.555 E.02052
G1 X117.603 Y108.063 E.02053
G1 X117.583 Y108.381 E.01286
G1 X117.504 Y108.82 E.01801
G1 X117.349 Y109.304 E.02052
G1 X117.105 Y109.773 E.02134
G1 X116.821 Y110.162 E.01944
M204 S10000
G1 X117.048 Y110.48 F30000
M204 S3000
;TYPE:External perimeter
;WIDTH:0.419999
G1 F3000
G1 X116.813 Y110.737 E.013
G1 X116.253 Y111.176 E.02655
G1 X115.748 Y111.453 E.02149
G1 X115.264 Y111.632 E.01926
G1 X114.695 Y111.757 E.02174
G1 X114.112 Y111.784 E.02178
G1 X113.405 Y111.698 E.02658
G1 X112.85 Y111.536 E.02157
G1 X112.385 Y111.321 E.01912
G1 X111.893 Y111.006 E.0218
G1 X111.463 Y110.613 E.02174
G1 X111.024 Y110.053 E.02655
G1 X110.747 Y109.548 E.02149
G1 X110.568 Y109.064 E.01926
G1 X110.443 Y108.495 E.02174
G1 X110.416 Y107.912 E.02178
G1 X110.502 Y107.205 E.02658
G1 X110.664 Y106.65 E.02157
G1 X110.879 Y106.185 E.01912
G1 X111.194 Y105.693 E.0218
G1 X111.587 Y105.263 E.02174
G1 X112.148 Y104.824 E.02658
G1 X112.669 Y104.538 E.02218
G1 X113.219 Y104.339 E.02183
G1 X113.794 Y104.237 E.02179
G1 X114.373 Y104.222 E.02161
G1 X114.98 Y104.301 E.02284
G1 X115.548 Y104.464 E.02205
G1 X116.015 Y104.679 E.01918
G1 X116.507 Y104.994 E.0218
G1 X116.937 Y105.387 E.02174
G1 X117.376 Y105.947 E.02655
G1 X117.653 Y106.452 E.02149
G1 X117.832 Y106.936 E.01926
G1 X117.957 Y107.505 E.02174
G1 X117.984 Y108.088 E.02178
G1 X117.898 Y108.795 E.02658
G1 X117.736 Y109.349 E.02154
G1 X117.521 Y109.815 E.01915
G1 X117.206 Y110.307 E.0218
G1 X117.089 Y110.435 E.00647
M204 S10000
G1 X116.705 Y110.418 F30000
;WIPE_START
G1 F24000
G1 X116.813 Y110.737 E-.02915
G1 X116.253 Y111.176 E-.0507
G1 X115.748 Y111.453 E-.04104
G1 X115.264 Y111.632 E-.03677
G1 X114.695 Y111.757 E-.04151
G1 X114.112 Y111.784 E-.04158
G1 X113.405 Y111.698 E-.05075
G1 X112.85 Y111.536 E-.04119
G1 X112.385 Y111.321 E-.0365
G1 X111.893 Y111.006 E-.04162
G1 X111.463 Y110.613 E-.04151
G1 X111.024 Y110.053 E-.0507
G1 X110.747 Y109.548 E-.04104
G1 X110.568 Y109.064 E-.03677
G1 X110.443 Y108.495 E-.04151
G1 X110.416 Y107.912 E-.04158
G1 X110.502 Y107.205 E-.05075
G1 X110.664 Y106.65 E-.04119
G1 X110.879 Y106.185 E-.0365
G1 X111.194 Y105.693 E-.04162
G1 X111.587 Y105.263 E-.04151
G1 X112.148 Y104.824 E-.05075
G1 X112.669 Y104.538 E-.04235
G1 X113.084 Y104.388 E-.03141
;WIPE_END
G1 Z2.6 F600
G1 X114.128 Y106.543 F30000
G1 Z2.2 F600
G1 E1 F1800
M204 S5000
;TYPE:Perimeter
;WIDTH:0.449999
G1 F3000
G1 X114.196 Y106.537 E.00276
G1 X114.614 Y106.591 E.01702
G1 X115.064 Y106.813 E.02026
G1 X115.452 Y107.234 E.02311
G1 X115.65 Y107.77 E.02307
G1 X115.628 Y108.343 E.02315
G1 X115.424 Y108.801 E.02024
G1 X115.276 Y108.987 E.0096
G1 X114.903 Y109.289 E.01938
G1 X114.429 Y109.451 E.02022
G1 X113.856 Y109.428 E.02315
G1 X113.399 Y109.223 E.02022
G1 X113.213 Y109.076 E.00957
G1 X112.911 Y108.703 E.01938
G1 X112.749 Y108.229 E.02022
G1 X112.763 Y107.73 E.02015
G1 X112.827 Y107.502 E.00956
G1 X113.058 Y107.077 E.01953
G1 X113.434 Y106.747 E.0202
G1 X113.983 Y106.558 E.02344
G1 X114.069 Y106.549 E.00349
M204 S10000
G1 X114.179 Y106.919 F30000
M204 S3000
;TYPE:External perimeter
;WIDTH:0.419999
G1 F3000
G1 X114.53 Y106.969 E.01323
G1 X114.901 Y107.176 E.01585
G1 X115.163 Y107.507 E.01575
G1 X115.278 Y107.914 E.01578
G1 X115.231 Y108.33 E.01562
G1 X115.024 Y108.701 E.01585
G1 X114.694 Y108.963 E.01572
G1 X114.288 Y109.078 E.01575
G1 X113.871 Y109.031 E.01566
G1 X113.499 Y108.824 E.01589
G1 X113.237 Y108.494 E.01572
G1 X113.122 Y108.088 E.01575
G1 X113.143 Y107.754 E.01249
G1 X113.345 Y107.329 E.01756
G1 X113.696 Y107.041 E.01694
G1 X114.121 Y106.927 E.01642
M204 S10000
G1 X114.338 Y106.603 F30000
;WIPE_START
G1 F24000
G1 X114.53 Y106.969 E-.02929
G1 X114.901 Y107.176 E-.03027
G1 X115.163 Y107.507 E-.03008
G1 X115.278 Y107.914 E-.03013
G1 X115.231 Y108.33 E-.02983
G1 X115.024 Y108.701 E-.03027
G1 X114.694 Y108.963 E-.03002
G1 X114.288 Y109.078 E-.03007
G1 X113.871 Y109.031 E-.0299
G1 X113.499 Y108.824 E-.03033
G1 X113.237 Y108.494 E-.03002
G1 X113.122 Y108.088 E-.03007
G1 X113.143 Y107.754 E-.02384
G1 X113.345 Y107.329 E-.03353
G1 X113.696 Y107.041 E-.03235
G1 X114.121 Y106.927 E-.03135
;WIPE_END
G1 E-.51865 F1800
G1 Z2.6 F600
G1 X113.557 Y109.677 F30000
G1 Z2.2 F600
G1 E1 F1800
;TYPE:Internal infill
;WIDTH:0.45
G1 F8477.366
G1 X113.1 Y109.434 E.0209
G1 X112.736 Y109.044 E.02154
G1 X112.632 Y108.899 E.0072
G1 X112.447 Y108.402 E.02141
G1 X112.403 Y108.178 E.00922
G1 X112.422 Y107.788 E.01576
G1 X111.281 Y108.93 E.06517
G1 X111.235 Y108.795 E.00576
G1 X111.156 Y108.401 E.01622
G1 X111.13 Y108 E.01622
G1 X111.156 Y107.599 E.01622
G1 X111.235 Y107.205 E.01622
G1 X111.363 Y106.825 E.01619
G1 X111.541 Y106.466 E.01618
G1 X111.765 Y106.132 E.01624
G1 X112.03 Y105.83 E.01622
G1 X112.332 Y105.565 E.01622
G1 X112.765 Y105.292 E.02067
G1 X113.752 Y106.278 E.05632
G1 X113.997 Y106.214 E.01022
G1 X115.13 Y105.081 E.06469
G1 X115.375 Y105.163 E.01043
G1 X115.734 Y105.341 E.01618
G1 X116.068 Y105.565 E.01624
G1 X116.37 Y105.83 E.01622
G1 X116.635 Y106.132 E.01622
G1 X116.859 Y106.466 E.01624
G1 X117.037 Y106.825 E.01618
G1 X117.165 Y107.205 E.01619
G1 X117.244 Y107.599 E.01622
G1 X117.27 Y108 E.01622
G1 X117.244 Y108.401 E.01622
G1 X117.165 Y108.795 E.01622
G1 X117.037 Y109.175 E.01619
G1 X116.908 Y109.435 E.01172
G1 X115.944 Y108.471 E.05504
G1 X115.885 Y108.628 E.00677
G1 X115.634 Y109.1 E.02158
G1 X115.244 Y109.464 E.02154
G1 X115.099 Y109.568 E.0072
G1 X114.602 Y109.753 E.02141
G1 X114.378 Y109.797 E.00922
G1 X114.173 Y109.787 E.00829
;WIPE_START
G1 F24000
G1 X114.378 Y109.797 E-.01462
G1 X114.602 Y109.753 E-.01626
G1 X115.099 Y109.568 E-.03778
G1 X115.244 Y109.464 E-.01271
G1 X115.634 Y109.1 E-.03801
G1 X115.885 Y108.628 E-.03809
G1 X115.944 Y108.471 E-.01195
G1 X116.908 Y109.435 E-.09714
G1 X117.037 Y109.175 E-.02068
G1 X117.165 Y108.795 E-.02857
G1 X117.244 Y108.401 E-.02863
G1 X117.27 Y108 E-.02863
G1 X117.244 Y107.599 E-.02863
G1 X117.165 Y107.205 E-.02863
G1 X117.037 Y106.825 E-.02857
G1 X116.859 Y106.466 E-.02855
G1 X116.635 Y106.132 E-.02865
G1 X116.37 Y105.83 E-.02863
G1 X116.068 Y105.565 E-.02863
G1 X115.734 Y105.341 E-.02865
G1 X115.375 Y105.163 E-.02855
G1 X115.13 Y105.081 E-.01841
G1 X113.997 Y106.214 E-.11416
G1 X113.752 Y106.278 E-.01804
G1 X112.765 Y105.292 E-.0994
G1 X112.332 Y105.565 E-.03647
G1 X112.03 Y105.83 E-.02863
G1 X111.765 Y106.132 E-.02863
G1 X111.564 Y106.432 E-.0257
;WIPE_END
G1 Z2.6 F600
G1 X117.279 Y170.559 F30000
G1 Z2.2 F600
G1 E1 F1800
M204 S5000
;TYPE:Perimeter
;WIDTH:0.449999
G1 F3000
G1 X117.471 Y171.058 E.02159
G1 X117.578 Y171.555 E.02052
G1 X117.603 Y172.063 E.02053
G1 X117.578 Y172.445 E.01546
G1 X117.465 Y172.96 E.02129
G1 X117.274 Y173.454 E.02138
G1 X116.939 Y174.021 E.02659
G1 X116.651 Y174.362 E.01802
M73 P90 R1
G1 X116.274 Y174.703 E.02052
G1 X115.835 Y174.985 E.02106
G1 X115.348 Y175.202 E.02152
G1 X114.708 Y175.366 E.02667
G1 X114.263 Y175.403 E.01803
G1 X113.755 Y175.378 E.02053
G1 X113.24 Y175.265 E.02129
G1 X112.746 Y175.074 E.02138
G1 X112.179 Y174.739 E.02659
G1 X111.838 Y174.451 E.01802
G1 X111.497 Y174.074 E.02052
G1 X111.215 Y173.634 E.0211
G1 X110.998 Y173.147 E.02152
G1 X110.834 Y172.508 E.02663
G1 X110.793 Y172 E.02058
G1 X110.834 Y171.492 E.02058
G1 X111.031 Y170.757 E.03072
G1 X111.249 Y170.297 E.02055
G1 X111.553 Y169.862 E.02143
G1 X111.985 Y169.421 E.02492
G1 X112.444 Y169.084 E.02299
G1 X112.896 Y168.851 E.02053
G1 X113.381 Y168.696 E.02056
G1 X113.975 Y168.607 E.02425
G1 X114.627 Y168.62 E.02633
G1 X115.146 Y168.73 E.02142
G1 X115.653 Y168.925 E.02193
G1 X116.221 Y169.261 E.02664
G1 X116.609 Y169.591 E.02056
G1 X116.939 Y169.979 E.02056
G1 X117.251 Y170.507 E.02476
M204 S10000
G1 X117.634 Y170.423 F30000
M204 S3000
;TYPE:External perimeter
;WIDTH:0.419999
G1 F3000
G1 X117.832 Y170.936 E.02052
G1 X117.957 Y171.505 E.02174
G1 X117.984 Y172.088 E.02178
G1 X117.94 Y172.582 E.01851
G1 X117.763 Y173.27 E.02651
G1 X117.526 Y173.804 E.0218
G1 X117.255 Y174.233 E.01894
G1 X116.879 Y174.679 E.02177
G1 X116.433 Y175.055 E.02177
G1 X115.823 Y175.416 E.02645
G1 X115.282 Y175.626 E.02166
G1 X114.782 Y175.74 E.01914
G1 X114.2 Y175.79 E.0218
G1 X113.618 Y175.74 E.0218
G1 X112.93 Y175.563 E.02651
G1 X112.396 Y175.326 E.0218
G1 X111.967 Y175.055 E.01894
G1 X111.521 Y174.679 E.02177
G1 X111.145 Y174.233 E.02177
G1 X110.783 Y173.622 E.0265
G1 X110.571 Y173.075 E.02189
G1 X110.46 Y172.582 E.01886
G1 X110.41 Y172 E.0218
G1 X110.46 Y171.418 E.0218
G1 X110.637 Y170.73 E.02651
G1 X110.874 Y170.196 E.0218
G1 X111.145 Y169.767 E.01894
G1 X111.521 Y169.321 E.02177
G1 X111.967 Y168.945 E.02177
G1 X112.47 Y168.637 E.02201
G1 X113.135 Y168.368 E.02677
G1 X113.618 Y168.26 E.01847
G1 X114.2 Y168.21 E.0218
G1 X114.76 Y168.258 E.02097
G1 X115.469 Y168.437 E.02729
G1 X116.003 Y168.673 E.02179
G1 X116.433 Y168.945 E.01899
G1 X116.879 Y169.321 E.02177
G1 X117.256 Y169.767 E.02179
G1 X117.611 Y170.368 E.02605
M204 S10000
G1 X117.408 Y170.753 F30000
G1 X113.213 Y170.93
M204 S5000
;TYPE:Perimeter
;WIDTH:0.449999
G1 F3000
G1 X113.496 Y170.711 E.01445
G1 X113.975 Y170.559 E.02029
G1 X114.225 Y170.542 E.01012
G1 X114.727 Y170.629 E.02057
G1 X115.154 Y170.892 E.02025
G1 X115.32 Y171.064 E.00965
G1 X115.571 Y171.473 E.01937
G1 X115.668 Y171.963 E.02017
G1 X115.571 Y172.527 E.0231
G1 X115.308 Y172.954 E.02025
G1 X115.136 Y173.12 E.00965
G1 X114.727 Y173.371 E.01937
G1 X114.237 Y173.468 E.02017
G1 X113.673 Y173.371 E.0231
G1 X113.246 Y173.108 E.02025
G1 X113.08 Y172.936 E.00965
G1 X112.895 Y172.66 E.01341
G1 X112.808 Y172.443 E.00944
G1 X112.733 Y171.962 E.01965
G1 X112.843 Y171.438 E.02162
G1 X113.165 Y170.966 E.02307
M204 S10000
G1 X113.433 Y171.239 F30000
M204 S3000
;TYPE:External perimeter
;WIDTH:0.419999
G1 F3000
G1 X113.694 Y171.042 E.0122
G1 X114.166 Y170.919 E.0182
G1 X114.659 Y171.019 E.01877
G1 X115.003 Y171.277 E.01605
G1 X115.219 Y171.636 E.01563
G1 X115.281 Y172.052 E.01569
G1 X115.181 Y172.459 E.01564
G1 X114.923 Y172.803 E.01605
G1 X114.564 Y173.019 E.01563
G1 X114.148 Y173.081 E.01569
G1 X113.741 Y172.981 E.01564
G1 X113.397 Y172.724 E.01602
G1 X113.212 Y172.448 E.0124
G1 X113.113 Y171.987 E.01759
G1 X113.219 Y171.541 E.01711
G1 X113.398 Y171.288 E.01156
M204 S10000
G1 X113.337 Y170.926 F30000
G1 X113.558 Y170.34
;TYPE:Internal infill
;WIDTH:0.45
G1 F8477.366
G1 X113.35 Y170.407 E.00882
G1 X113.198 Y170.501 E.00722
G1 X112.884 Y170.763 E.01651
G1 X112.613 Y171.156 E.01927
G1 X112.528 Y171.313 E.00721
G1 X112.41 Y171.832 E.02149
G1 X112.395 Y172.057 E.0091
G1 X112.424 Y172.213 E.00641
G1 X111.281 Y171.07 E.06526
G1 X111.235 Y171.205 E.00576
G1 X111.156 Y171.599 E.01622
G1 X111.13 Y172 E.01622
G1 X111.156 Y172.401 E.01622
G1 X111.235 Y172.795 E.01622
G1 X111.363 Y173.175 E.01619
G1 X111.541 Y173.534 E.01618
G1 X111.765 Y173.868 E.01624
G1 X112.03 Y174.17 E.01622
G1 X112.332 Y174.435 E.01622
G1 X112.765 Y174.708 E.02067
G1 X113.748 Y173.726 E.0561
G1 X113.993 Y173.782 E.01015
G1 X115.13 Y174.919 E.06492
G1 X115.375 Y174.837 E.01043
G1 X115.734 Y174.659 E.01618
G1 X116.068 Y174.435 E.01624
G1 X116.37 Y174.17 E.01622
G1 X116.635 Y173.868 E.01622
G1 X116.859 Y173.534 E.01624
G1 X117.037 Y173.175 E.01618
G1 X117.165 Y172.795 E.01619
G1 X117.244 Y172.401 E.01622
G1 X117.27 Y172 E.01622
G1 X117.244 Y171.599 E.01622
G1 X117.165 Y171.205 E.01622
G1 X117.037 Y170.825 E.01619
G1 X116.908 Y170.565 E.01172
G1 X115.932 Y171.542 E.05575
G1 X116.006 Y171.942 E.01642
G1 X115.991 Y172.17 E.00922
G1 X115.872 Y172.687 E.02142
G1 X115.787 Y172.845 E.00724
G1 X115.478 Y173.278 E.02148
G1 X115.07 Y173.569 E.02023
;WIPE_START
G1 F24000
G1 X115.478 Y173.278 E-.03571
G1 X115.787 Y172.845 E-.0379
G1 X115.872 Y172.687 E-.01278
G1 X115.991 Y172.17 E-.0378
G1 X116.006 Y171.942 E-.01628
G1 X115.932 Y171.542 E-.02898
G1 X116.908 Y170.565 E-.09839
G1 X117.037 Y170.825 E-.02068
G1 X117.165 Y171.205 E-.02857
G1 X117.244 Y171.599 E-.02863
G1 X117.27 Y172 E-.02863
G1 X117.244 Y172.401 E-.02863
G1 X117.165 Y172.795 E-.02863
G1 X117.037 Y173.175 E-.02857
G1 X116.859 Y173.534 E-.02855
G1 X116.635 Y173.868 E-.02865
G1 X116.37 Y174.17 E-.02863
G1 X116.068 Y174.435 E-.02863
G1 X115.734 Y174.659 E-.02865
G1 X115.375 Y174.837 E-.02855
G1 X115.13 Y174.919 E-.01841
G1 X113.993 Y173.782 E-.11457
G1 X113.748 Y173.726 E-.01791
G1 X112.765 Y174.708 E-.099
G1 X112.332 Y174.435 E-.03647
G1 X112.03 Y174.17 E-.02863
G1 X111.765 Y173.868 E-.02863
G1 X111.573 Y173.582 E-.02454
;WIPE_END
G1 Z2.6 F600
G1 X163.476 Y169.532 F30000
G1 Z2.2 F600
G1 E1 F1800
M204 S5000
;TYPE:Perimeter
;WIDTH:0.449999
G1 F3000
G1 X163.585 Y169.421 E.00628
G1 X164.044 Y169.084 E.02299
G1 X164.496 Y168.851 E.02053
G1 X164.981 Y168.696 E.02056
G1 X165.575 Y168.607 E.02425
G1 X166.227 Y168.62 E.02633
G1 X166.746 Y168.73 E.02142
G1 X167.253 Y168.925 E.02193
G1 X167.821 Y169.261 E.02664
G1 X168.209 Y169.591 E.02056
G1 X168.539 Y169.979 E.02056
G1 X168.874 Y170.546 E.02659
G1 X169.071 Y171.058 E.02215
G1 X169.178 Y171.555 E.02052
G1 X169.203 Y172.063 E.02053
G1 X169.178 Y172.445 E.01546
G1 X169.065 Y172.96 E.02129
G1 X168.874 Y173.454 E.02138
G1 X168.539 Y174.021 E.02659
G1 X168.251 Y174.362 E.01802
G1 X167.874 Y174.703 E.02052
G1 X167.435 Y174.985 E.02106
G1 X166.948 Y175.202 E.02152
G1 X166.308 Y175.366 E.02667
G1 X165.863 Y175.403 E.01803
G1 X165.355 Y175.378 E.02053
G1 X164.84 Y175.265 E.02129
G1 X164.346 Y175.074 E.02138
G1 X163.779 Y174.739 E.02659
G1 X163.438 Y174.451 E.01802
G1 X163.097 Y174.074 E.02052
G1 X162.815 Y173.634 E.0211
G1 X162.598 Y173.147 E.02152
G1 X162.434 Y172.508 E.02663
G1 X162.393 Y172 E.02058
G1 X162.434 Y171.492 E.02058
G1 X162.631 Y170.757 E.03072
G1 X162.849 Y170.297 E.02055
G1 X163.153 Y169.862 E.02143
G1 X163.434 Y169.575 E.01622
M204 S10000
G1 X163.195 Y169.258 F30000
M204 S3000
;TYPE:External perimeter
;WIDTH:0.419999
G1 F3000
G1 X163.567 Y168.945 E.01814
G1 X164.07 Y168.637 E.02201
G1 X164.735 Y168.368 E.02677
G1 X165.218 Y168.26 E.01847
G1 X165.8 Y168.21 E.0218
G1 X166.36 Y168.258 E.02097
G1 X167.069 Y168.437 E.02729
G1 X167.603 Y168.673 E.02179
G1 X168.033 Y168.945 E.01899
G1 X168.479 Y169.321 E.02177
G1 X168.855 Y169.767 E.02177
G1 X169.216 Y170.377 E.02645
G1 X169.432 Y170.936 E.02236
G1 X169.557 Y171.505 E.02174
G1 X169.584 Y172.088 E.02178
G1 X169.54 Y172.582 E.01851
G1 X169.363 Y173.27 E.02651
G1 X169.126 Y173.804 E.0218
G1 X168.855 Y174.233 E.01894
G1 X168.479 Y174.679 E.02177
G1 X168.033 Y175.055 E.02177
G1 X167.423 Y175.416 E.02645
G1 X166.882 Y175.626 E.02166
G1 X166.382 Y175.74 E.01914
G1 X165.8 Y175.79 E.0218
G1 X165.218 Y175.74 E.0218
G1 X164.53 Y175.563 E.02651
G1 X163.996 Y175.326 E.0218
G1 X163.567 Y175.055 E.01894
G1 X163.121 Y174.679 E.02177
G1 X162.745 Y174.233 E.02177
G1 X162.383 Y173.622 E.0265
G1 X162.171 Y173.076 E.02186
G1 X162.06 Y172.582 E.01889
G1 X162.01 Y172 E.0218
G1 X162.06 Y171.418 E.0218
G1 X162.237 Y170.731 E.02647
G1 X162.473 Y170.197 E.02179
G1 X162.745 Y169.767 E.01899
G1 X163.149 Y169.297 E.02313
M204 S10000
G1 X163.58 Y169.367 F30000
G1 X165.103 Y170.725
M204 S5000
;TYPE:Perimeter
;WIDTH:0.449999
G1 F3000
G1 X165.172 Y170.68 E.00333
G1 X165.701 Y170.536 E.02213
G1 X166.233 Y170.606 E.02166
G1 X166.471 Y170.703 E.01038
G1 X166.863 Y170.988 E.01957
G1 X167.157 Y171.438 E.0217
G1 X167.268 Y171.963 E.02166
G1 X167.171 Y172.527 E.0231
G1 X166.908 Y172.954 E.02025
G1 X166.736 Y173.12 E.00965
G1 X166.327 Y173.371 E.01937
G1 X165.837 Y173.468 E.02017
G1 X165.273 Y173.371 E.0231
G1 X164.846 Y173.108 E.02025
G1 X164.68 Y172.936 E.00965
G1 X164.429 Y172.527 E.01937
G1 X164.332 Y172 E.02163
G1 X164.41 Y171.546 E.0186
G1 X164.503 Y171.329 E.00953
G1 X164.815 Y170.914 E.02096
G1 X165.053 Y170.758 E.01149
M204 S10000
G1 X165.344 Y171.029 F30000
M204 S3000
;TYPE:External perimeter
;WIDTH:0.419999
G1 F3000
G1 X165.766 Y170.919 E.01627
G1 X166.259 Y171.019 E.01877
G1 X166.603 Y171.277 E.01605
G1 X166.819 Y171.636 E.01563
G1 X166.881 Y172.052 E.01569
G1 X166.781 Y172.459 E.01564
G1 X166.523 Y172.803 E.01605
G1 X166.164 Y173.019 E.01563
G1 X165.748 Y173.081 E.01569
G1 X165.341 Y172.981 E.01564
G1 X164.997 Y172.724 E.01602
G1 X164.782 Y172.369 E.01549
G1 X164.721 Y171.943 E.01606
G1 X164.784 Y171.619 E.01232
G1 X165.049 Y171.216 E.018
G1 X165.287 Y171.047 E.01089
M204 S10000
G1 X165.377 Y170.63 F30000
G1 X165.813 Y170.205
;TYPE:Internal infill
;WIDTH:0.45
G1 F8477.366
G1 X165.679 Y170.199 E.00542
G1 X165.485 Y170.234 E.00796
G1 X164.95 Y170.407 E.0227
G1 X164.798 Y170.501 E.00722
G1 X164.484 Y170.763 E.01651
G1 X164.212 Y171.157 E.01933
G1 X164.128 Y171.313 E.00715
G1 X164.075 Y171.548 E.00973
G1 X163.092 Y170.565 E.05612
G1 X162.963 Y170.825 E.01172
G1 X162.835 Y171.205 E.01619
G1 X162.756 Y171.599 E.01622
G1 X162.73 Y172 E.01622
G1 X162.756 Y172.401 E.01622
G1 X162.835 Y172.795 E.01622
G1 X162.963 Y173.175 E.01619
G1 X163.141 Y173.534 E.01618
G1 X163.365 Y173.868 E.01624
G1 X163.63 Y174.17 E.01622
G1 X163.932 Y174.435 E.01622
G1 X164.266 Y174.659 E.01624
G1 X164.625 Y174.837 E.01618
G1 X164.87 Y174.919 E.01043
G1 X166.012 Y173.777 E.0652
G1 X166.258 Y173.732 E.0101
G1 X167.235 Y174.708 E.05575
G1 X167.668 Y174.435 E.02067
G1 X167.97 Y174.17 E.01622
G1 X168.235 Y173.868 E.01622
G1 X168.459 Y173.534 E.01624
G1 X168.637 Y173.175 E.01618
G1 X168.765 Y172.795 E.01619
G1 X168.844 Y172.401 E.01622
G1 X168.87 Y172 E.01622
G1 X168.844 Y171.599 E.01622
G1 X168.765 Y171.205 E.01622
G1 X168.719 Y171.07 E.00576
G1 X167.582 Y172.207 E.06492
G1 X167.606 Y171.942 E.01074
G1 X167.519 Y171.471 E.01934
G1 X167.468 Y171.304 E.00705
G1 X167.184 Y170.852 E.02155
G1 X167.035 Y170.683 E.0091
G1 X166.641 Y170.411 E.01933
G1 X166.444 Y170.313 E.00888
;LAYER_CHANGE
;Z:2.45
;HEIGHT:0.25
G92 E0
;WIPE_START
G1 F24000
G1 X166.641 Y170.411 E-.01568
G1 X167.035 Y170.683 E-.03411
G1 X167.184 Y170.852 E-.01605
G1 X167.468 Y171.304 E-.03803
G1 X167.519 Y171.471 E-.01244
G1 X167.606 Y171.942 E-.03413
G1 X167.582 Y172.207 E-.01896
G1 X168.719 Y171.07 E-.11457
G1 X168.765 Y171.205 E-.01016
G1 X168.844 Y171.599 E-.02863
G1 X168.87 Y172 E-.02863
G1 X168.844 Y172.401 E-.02863
G1 X168.765 Y172.795 E-.02863
G1 X168.637 Y173.175 E-.02857
G1 X168.459 Y173.534 E-.02855
G1 X168.235 Y173.868 E-.02865
G1 X167.97 Y174.17 E-.02863
G1 X167.668 Y174.435 E-.02863
G1 X167.235 Y174.708 E-.03647
G1 X166.258 Y173.732 E-.09839
G1 X166.012 Y173.777 E-.01782
G1 X164.87 Y174.919 E-.11507
G1 X164.625 Y174.837 E-.01841
G1 X164.266 Y174.659 E-.02855
G1 X163.932 Y174.435 E-.02865
G1 X163.63 Y174.17 E-.02863
G1 X163.365 Y173.868 E-.02863
G1 X163.141 Y173.534 E-.02865
G1 X163.022 Y173.294 E-.01905
;WIPE_END
G1 Z2.6 F600
G1 X162.415 Y107.894 F30000
G1 Z2.45 F600
G1 E1 F1800
M204 S5000
;TYPE:Perimeter
;WIDTH:0.449999
G1 F3000
G1 X162.417 Y107.619 E.0111
G1 X162.496 Y107.18 E.01801
G1 X162.651 Y106.696 E.02052
G1 X162.896 Y106.227 E.02136
G1 X163.206 Y105.802 E.02124
G1 X163.678 Y105.339 E.02669
G1 X164.044 Y105.084 E.01801
G1 X164.496 Y104.851 E.02053
G1 X164.981 Y104.696 E.02056
G1 X165.57 Y104.608 E.02404
G1 X166.165 Y104.616 E.02402
G1 X166.687 Y104.71 E.02141
G1 X167.162 Y104.88 E.02037
G1 X167.821 Y105.262 E.03075
G1 X168.209 Y105.591 E.02054
G1 X168.547 Y105.992 E.02117
G1 X168.822 Y106.44 E.02122
G1 X169.071 Y107.058 E.0269
G1 X169.178 Y107.555 E.02052
G1 X169.203 Y108.063 E.02053
G1 X169.183 Y108.381 E.01286
G1 X169.104 Y108.82 E.01801
G1 X168.949 Y109.304 E.02052
G1 X168.705 Y109.773 E.02134
G1 X168.394 Y110.198 E.02126
G1 X167.922 Y110.661 E.02669
G1 X167.556 Y110.916 E.01801
G1 X167.104 Y111.149 E.02053
G1 X166.603 Y111.307 E.02121
G1 X166.081 Y111.389 E.02133
G1 X165.419 Y111.383 E.02673
G1 X164.98 Y111.304 E.01801
G1 X164.496 Y111.149 E.02052
G1 X164.027 Y110.904 E.02136
G1 X163.602 Y110.594 E.02124
G1 X163.139 Y110.122 E.02669
G1 X162.884 Y109.756 E.01801
G1 X162.651 Y109.304 E.02053
G1 X162.493 Y108.803 E.02121
G1 X162.411 Y108.281 E.02133
G1 X162.414 Y107.954 E.0132
M204 S10000
G1 X162.019 Y107.89 F30000
M204 S3000
;TYPE:External perimeter
;WIDTH:0.419999
G1 F3000
G1 X162.102 Y107.205 E.02575
G1 X162.264 Y106.65 E.02157
G1 X162.479 Y106.185 E.01912
G1 X162.794 Y105.693 E.0218
G1 X163.187 Y105.263 E.02174
G1 X163.748 Y104.824 E.02658
G1 X164.269 Y104.538 E.02218
G1 X164.819 Y104.339 E.02183
G1 X165.394 Y104.237 E.02179
G1 X165.952 Y104.22 E.02083
G1 X166.541 Y104.297 E.02217
G1 X167.148 Y104.464 E.02349
G1 X167.615 Y104.679 E.01918
G1 X168.107 Y104.994 E.0218
G1 X168.537 Y105.387 E.02174
G1 X168.976 Y105.947 E.02655
G1 X169.253 Y106.452 E.02149
G1 X169.432 Y106.936 E.01926
G1 X169.557 Y107.505 E.02174
G1 X169.584 Y108.088 E.02178
G1 X169.498 Y108.794 E.02654
G1 X169.336 Y109.349 E.02157
G1 X169.121 Y109.815 E.01915
G1 X168.806 Y110.307 E.0218
G1 X168.413 Y110.737 E.02174
G1 X167.853 Y111.176 E.02655
G1 X167.348 Y111.453 E.02149
G1 X166.864 Y111.632 E.01926
G1 X166.295 Y111.757 E.02174
G1 X165.712 Y111.784 E.02178
G1 X165.005 Y111.698 E.02658
G1 X164.45 Y111.536 E.02157
G1 X163.985 Y111.321 E.01912
G1 X163.493 Y111.006 E.0218
G1 X163.063 Y110.613 E.02174
G1 X162.624 Y110.053 E.02655
G1 X162.347 Y109.548 E.02149
G1 X162.168 Y109.064 E.01926
G1 X162.043 Y108.495 E.02174
G1 X162.018 Y107.95 E.02036
M204 S10000
G1 X162.373 Y107.704 F30000
G1 X165.713 Y106.544
M204 S5000
;TYPE:Perimeter
;WIDTH:0.449999
G1 F3000
G1 X165.781 Y106.537 E.00276
G1 X166.214 Y106.591 E.01762
G1 X166.664 Y106.813 E.02026
G1 X167.052 Y107.234 E.02311
G1 X167.25 Y107.77 E.02307
G1 X167.228 Y108.343 E.02315
G1 X167.024 Y108.801 E.02024
G1 X166.876 Y108.987 E.0096
G1 X166.503 Y109.289 E.01938
G1 X166.029 Y109.451 E.02022
G1 X165.456 Y109.428 E.02315
G1 X164.999 Y109.223 E.02022
G1 X164.813 Y109.076 E.00957
G1 X164.511 Y108.703 E.01938
G1 X164.349 Y108.229 E.02022
G1 X164.363 Y107.73 E.02015
G1 X164.427 Y107.502 E.00956
G1 X164.658 Y107.077 E.01953
G1 X165.034 Y106.747 E.0202
G1 X165.568 Y106.559 E.02286
G1 X165.653 Y106.551 E.00345
M204 S10000
G1 X165.725 Y106.923 F30000
M204 S3000
;TYPE:External perimeter
;WIDTH:0.419999
G1 F3000
G1 X166.13 Y106.969 E.01521
G1 X166.501 Y107.176 E.01585
G1 X166.763 Y107.507 E.01575
G1 X166.878 Y107.914 E.01578
G1 X166.831 Y108.33 E.01562
G1 X166.624 Y108.701 E.01585
G1 X166.294 Y108.963 E.01572
G1 X165.888 Y109.078 E.01575
G1 X165.471 Y109.031 E.01566
G1 X165.099 Y108.824 E.01589
G1 X164.837 Y108.494 E.01572
G1 X164.722 Y108.088 E.01575
G1 X164.743 Y107.754 E.01249
G1 X164.945 Y107.329 E.01756
G1 X165.295 Y107.041 E.01691
G1 X165.668 Y106.939 E.01443
M204 S10000
G1 X165.896 Y106.561 F30000
G1 X164.923 Y106.424
;TYPE:Internal infill
;WIDTH:0.45
G1 F8477.366
G1 X164.76 Y106.533 E.00792
G1 X164.404 Y106.855 E.01938
G1 X164.277 Y107.044 E.00919
G1 X164.056 Y107.528 E.02148
G1 X164.027 Y107.702 E.00712
G1 X164.003 Y108.178 E.01924
G1 X164.068 Y108.458 E.0116
G1 X163.092 Y109.435 E.05575
G1 X162.963 Y109.175 E.01172
G1 X162.835 Y108.795 E.01619
G1 X162.756 Y108.401 E.01622
G1 X162.73 Y108 E.01622
G1 X162.756 Y107.599 E.01622
G1 X162.835 Y107.205 E.01622
G1 X162.963 Y106.825 E.01619
G1 X163.141 Y106.466 E.01618
G1 X163.365 Y106.132 E.01624
G1 X163.63 Y105.83 E.01622
G1 X163.932 Y105.565 E.01622
G1 X164.266 Y105.341 E.01624
G1 X164.625 Y105.163 E.01618
G1 X164.87 Y105.081 E.01043
G1 X166.01 Y106.221 E.06509
G1 X166.267 Y106.259 E.01049
G1 X167.235 Y105.292 E.05524
G1 X167.668 Y105.565 E.02067
G1 X167.97 Y105.83 E.01622
G1 X168.235 Y106.132 E.01622
G1 X168.459 Y106.466 E.01624
G1 X168.637 Y106.825 E.01618
G1 X168.765 Y107.205 E.01619
G1 X168.844 Y107.599 E.01622
G1 X168.87 Y108 E.01622
G1 X168.844 Y108.401 E.01622
G1 X168.765 Y108.795 E.01622
G1 X168.719 Y108.93 E.00576
G1 X167.594 Y107.805 E.06423
G1 X167.574 Y108.296 E.01984
G1 X167.545 Y108.467 E.007
G1 X167.485 Y108.628 E.00694
G1 X167.234 Y109.1 E.02158
G1 X166.844 Y109.464 E.02154
G1 X166.699 Y109.568 E.0072
G1 X166.423 Y109.67 E.01188
;WIPE_START
G1 F24000
G1 X166.699 Y109.568 E-.02096
G1 X166.844 Y109.464 E-.01271
G1 X167.234 Y109.1 E-.03801
G1 X167.485 Y108.628 E-.03809
G1 X167.545 Y108.467 E-.01224
G1 X167.574 Y108.296 E-.01236
G1 X167.594 Y107.805 E-.03501
G1 X168.719 Y108.93 E-.11336
G1 X168.765 Y108.795 E-.01016
G1 X168.844 Y108.401 E-.02863
G1 X168.87 Y108 E-.02863
G1 X168.844 Y107.599 E-.02863
G1 X168.765 Y107.205 E-.02863
G1 X168.637 Y106.825 E-.02857
G1 X168.459 Y106.466 E-.02855
G1 X168.235 Y106.132 E-.02865
G1 X167.97 Y105.83 E-.02863
G1 X167.668 Y105.565 E-.02863
G1 X167.235 Y105.292 E-.03647
G1 X166.267 Y106.259 E-.09749
G1 X166.01 Y106.221 E-.01851
G1 X164.87 Y105.081 E-.11487
G1 X164.625 Y105.163 E-.01841
G1 X164.266 Y105.341 E-.02855
G1 X163.932 Y105.565 E-.02865
G1 X163.63 Y105.83 E-.02863
G1 X163.365 Y106.132 E-.02863
G1 X163.141 Y106.466 E-.02865
G1 X163.012 Y106.726 E-.02069
;WIPE_END
G1 Z2.85 F600
G1 X116.73 Y110.268 F30000
G1 Z2.45 F600
G1 E1 F1800
M204 S5000
;TYPE:Perimeter
;WIDTH:0.449999
G1 F3000
G1 X116.651 Y110.362 E.00496
G1 X116.274 Y110.703 E.02052
G1 X115.835 Y110.985 E.02106
G1 X115.348 Y111.202 E.02152
G1 X114.708 Y111.366 E.02667
G1 X114.263 Y111.403 E.01803
G1 X113.755 Y111.378 E.02053
G1 X113.244 Y111.266 E.02112
G1 X112.746 Y111.074 E.02155
G1 X112.179 Y110.739 E.02659
G1 X111.838 Y110.451 E.01802
G1 X111.497 Y110.074 E.02052
G1 X111.215 Y109.634 E.0211
G1 X110.998 Y109.147 E.02152
G1 X110.834 Y108.508 E.02663
G1 X110.793 Y108 E.02058
G1 X110.834 Y107.492 E.02058
G1 X111.031 Y106.757 E.03072
G1 X111.249 Y106.297 E.02055
G1 X111.553 Y105.862 E.02143
G1 X111.913 Y105.484 E.02107
G1 X112.444 Y105.084 E.02684
G1 X112.896 Y104.851 E.02053
G1 X113.38 Y104.696 E.02052
G1 X113.988 Y104.606 E.02481
G1 X114.62 Y104.626 E.02553
G1 X115.156 Y104.733 E.02207
G1 X115.653 Y104.925 E.02151
G1 X116.221 Y105.261 E.02664
G1 X116.609 Y105.591 E.02056
G1 X116.939 Y105.979 E.02056
G1 X117.274 Y106.546 E.02659
G1 X117.471 Y107.058 E.02215
G1 X117.578 Y107.555 E.02052
G1 X117.603 Y108.063 E.02053
G1 X117.578 Y108.445 E.01546
G1 X117.465 Y108.96 E.02129
G1 X117.274 Y109.454 E.02138
G1 X116.939 Y110.021 E.02659
G1 X116.769 Y110.222 E.01063
M204 S10000
G1 X117.021 Y110.514 F30000
M204 S3000
;TYPE:External perimeter
;WIDTH:0.419999
G1 F3000
G1 X116.59 Y110.933 E.02243
G1 X116.168 Y111.233 E.01932
G1 X115.65 Y111.502 E.02178
G1 X115.094 Y111.678 E.02176
G1 X114.387 Y111.777 E.02664
G1 X113.815 Y111.764 E.02135
G1 X113.306 Y111.678 E.01926
G1 X112.75 Y111.502 E.02176
G1 X112.232 Y111.233 E.02178
G1 X111.662 Y110.803 E.02664
G1 X111.267 Y110.39 E.02133
G1 X110.967 Y109.968 E.01932
G1 X110.698 Y109.45 E.02178
G1 X110.522 Y108.894 E.02176
G1 X110.423 Y108.186 E.02668
G1 X110.436 Y107.614 E.02135
G1 X110.522 Y107.106 E.01923
G1 X110.698 Y106.55 E.02176
G1 X110.967 Y106.032 E.02178
G1 X111.397 Y105.462 E.02664
G1 X111.81 Y105.067 E.02133
G1 X112.232 Y104.767 E.01932
G1 X112.75 Y104.498 E.02178
G1 X113.306 Y104.322 E.02176
G1 X113.963 Y104.226 E.02478
G1 X114.535 Y104.232 E.02135
G1 X115.036 Y104.314 E.01894
G1 X115.469 Y104.437 E.0168
G1 X116.003 Y104.673 E.02179
G1 X116.433 Y104.945 E.01899
G1 X116.879 Y105.321 E.02177
G1 X117.255 Y105.767 E.02177
G1 X117.616 Y106.377 E.02645
G1 X117.832 Y106.936 E.02236
G1 X117.957 Y107.505 E.02174
G1 X117.984 Y108.088 E.02178
G1 X117.964 Y108.389 E.01126
G1 X117.878 Y108.894 E.01912
G1 X117.702 Y109.45 E.02176
G1 X117.433 Y109.968 E.02178
G1 X117.057 Y110.466 E.02329
M204 S10000
G1 X116.629 Y110.435 F30000
G1 X114.267 Y106.556
M204 S5000
;TYPE:Perimeter
;WIDTH:0.449999
G1 F3000
G1 X114.638 Y106.607 E.01512
G1 X114.871 Y106.703 E.01017
G1 X115.263 Y106.988 E.01957
G1 X115.557 Y107.438 E.0217
G1 X115.668 Y107.963 E.02166
G1 X115.571 Y108.527 E.0231
G1 X115.308 Y108.954 E.02025
G1 X115.136 Y109.12 E.00965
G1 X114.727 Y109.371 E.01937
G1 X114.237 Y109.467 E.02016
G1 X113.673 Y109.371 E.0231
G1 X113.246 Y109.108 E.02025
G1 X113.08 Y108.936 E.00965
G1 X112.858 Y108.596 E.01639
G1 X112.742 Y108.107 E.02029
G1 X112.746 Y107.871 E.00953
G1 X112.858 Y107.403 E.01943
G1 X113.162 Y106.962 E.02162
G1 X113.603 Y106.658 E.02162
G1 X114.114 Y106.535 E.02122
G1 X114.207 Y106.548 E.00379
M204 S10000
G1 X114.196 Y106.93 F30000
M204 S3000
;TYPE:External perimeter
;WIDTH:0.419999
G1 F3000
G1 X114.659 Y107.019 E.01759
G1 X115.003 Y107.277 E.01605
G1 X115.219 Y107.636 E.01563
G1 X115.281 Y108.052 E.01569
G1 X115.181 Y108.459 E.01564
G1 X114.923 Y108.803 E.01605
G1 X114.568 Y109.018 E.01549
G1 X114.144 Y109.08 E.01599
G1 X113.741 Y108.981 E.01549
G1 X113.397 Y108.724 E.01602
G1 X113.2 Y108.427 E.0133
G1 X113.12 Y107.945 E.01823
G1 X113.219 Y107.541 E.01552
G1 X113.477 Y107.197 E.01605
G1 X113.814 Y106.985 E.01486
G1 X114.137 Y106.938 E.01218
M204 S10000
G1 X114.399 Y106.585 F30000
;WIPE_START
G1 F24000
G1 X114.659 Y107.019 E-.03764
G1 X115.003 Y107.277 E-.03064
G1 X115.219 Y107.636 E-.02985
G1 X115.281 Y108.052 E-.02997
G1 X115.181 Y108.459 E-.02986
G1 X114.923 Y108.803 E-.03064
G1 X114.568 Y109.018 E-.02957
G1 X114.144 Y109.08 E-.03053
G1 X113.741 Y108.981 E-.02957
G1 X113.397 Y108.724 E-.03059
G1 X113.2 Y108.427 E-.02539
G1 X113.12 Y107.945 E-.03481
G1 X113.219 Y107.541 E-.02964
G1 X113.477 Y107.197 E-.03064
G1 X113.814 Y106.985 E-.02837
G1 X114.137 Y106.938 E-.02326
;WIPE_END
G1 E-.51903 F1800
G1 Z2.85 F600
G1 X113.556 Y109.682 F30000
G1 Z2.45 F600
G1 E1 F1800
;TYPE:Internal infill
;WIDTH:0.45
G1 F8477.366
G1 X113.355 Y109.587 E.00898
G1 X112.922 Y109.278 E.02148
G1 X112.612 Y108.844 E.02153
G1 X112.53 Y108.691 E.00701
G1 X112.48 Y108.524 E.00704
G1 X112.395 Y108.057 E.01916
G1 X112.419 Y107.792 E.01074
G1 X111.281 Y108.93 E.06497
G1 X111.235 Y108.795 E.00576
G1 X111.156 Y108.401 E.01622
G1 X111.13 Y108 E.01622
G1 X111.156 Y107.599 E.01622
G1 X111.235 Y107.205 E.01622
G1 X111.363 Y106.825 E.01619
G1 X111.541 Y106.466 E.01618
G1 X111.765 Y106.132 E.01624
G1 X112.03 Y105.83 E.01622
G1 X112.332 Y105.565 E.01622
G1 X112.765 Y105.292 E.02067
G1 X113.741 Y106.268 E.05572
G1 X113.994 Y106.217 E.01042
G1 X115.13 Y105.081 E.06486
G1 X115.375 Y105.163 E.01043
G1 X115.734 Y105.341 E.01618
G1 X116.068 Y105.565 E.01624
G1 X116.37 Y105.83 E.01622
G1 X116.635 Y106.132 E.01622
G1 X116.859 Y106.466 E.01624
G1 X117.037 Y106.825 E.01618
G1 X117.165 Y107.205 E.01619
G1 X117.244 Y107.599 E.01622
G1 X117.27 Y108 E.01622
G1 X117.244 Y108.401 E.01622
G1 X117.165 Y108.795 E.01622
G1 X117.037 Y109.175 E.01619
G1 X116.908 Y109.435 E.01172
G1 X115.926 Y108.452 E.0561
G1 X115.872 Y108.687 E.00973
G1 X115.787 Y108.845 E.00724
G1 X115.478 Y109.278 E.02148
G1 X115.045 Y109.587 E.02148
G1 X114.891 Y109.669 E.00704
G1 X114.726 Y109.719 E.00696
G1 X114.258 Y109.805 E.01921
G1 X114.187 Y109.8 E.00287
;WIPE_START
G1 F24000
G1 X114.258 Y109.805 E-.00507
G1 X114.726 Y109.719 E-.0339
G1 X114.891 Y109.669 E-.01228
G1 X115.045 Y109.587 E-.01243
G1 X115.478 Y109.278 E-.0379
G1 X115.787 Y108.845 E-.0379
G1 X115.872 Y108.687 E-.01278
G1 X115.926 Y108.452 E-.01718
G1 X116.908 Y109.435 E-.099
G1 X117.037 Y109.175 E-.02068
G1 X117.165 Y108.795 E-.02857
G1 X117.244 Y108.401 E-.02863
G1 X117.27 Y108 E-.02863
G1 X117.244 Y107.599 E-.02863
G1 X117.165 Y107.205 E-.02863
G1 X117.037 Y106.825 E-.02857
G1 X116.859 Y106.466 E-.02855
G1 X116.635 Y106.132 E-.02865
G1 X116.37 Y105.83 E-.02863
G1 X116.068 Y105.565 E-.02863
G1 X115.734 Y105.341 E-.02865
G1 X115.375 Y105.163 E-.02855
G1 X115.13 Y105.081 E-.01841
G1 X113.994 Y106.217 E-.11447
G1 X113.741 Y106.268 E-.01839
G1 X112.765 Y105.292 E-.09834
G1 X112.332 Y105.565 E-.03647
G1 X112.03 Y105.83 E-.02863
G1 X111.765 Y106.132 E-.02863
G1 X111.576 Y106.414 E-.02422
;WIPE_END
G1 Z2.85 F600
G1 X117.276 Y170.574 F30000
G1 Z2.45 F600
G1 E1 F1800
M204 S5000
;TYPE:Perimeter
;WIDTH:0.449999
G1 F3000
G1 X117.471 Y171.058 E.02107
G1 X117.578 Y171.555 E.02052
G1 X117.603 Y172.063 E.02053
G1 X117.583 Y172.381 E.01286
G1 X117.504 Y172.82 E.01801
G1 X117.349 Y173.304 E.02052
G1 X117.105 Y173.773 E.02134
G1 X116.794 Y174.198 E.02126
G1 X116.322 Y174.661 E.02669
G1 X115.956 Y174.916 E.01801
G1 X115.504 Y175.149 E.02053
G1 X115.005 Y175.307 E.02113
G1 X114.482 Y175.389 E.02137
G1 X113.819 Y175.383 E.02677
G1 X113.38 Y175.304 E.01801
G1 X112.896 Y175.149 E.02052
G1 X112.427 Y174.905 E.02134
G1 X112.002 Y174.594 E.02126
G1 X111.539 Y174.122 E.02669
G1 X111.284 Y173.756 E.01801
G1 X111.051 Y173.304 E.02053
G1 X110.893 Y172.803 E.02121
G1 X110.811 Y172.281 E.02133
G1 X110.817 Y171.619 E.02673
G1 X110.896 Y171.18 E.01801
G1 X111.051 Y170.696 E.02052
G1 X111.296 Y170.227 E.02136
G1 X111.606 Y169.802 E.02124
G1 X112.078 Y169.339 E.02669
G1 X112.444 Y169.084 E.01801
G1 X112.896 Y168.851 E.02053
G1 X113.381 Y168.696 E.02056
G1 X113.97 Y168.608 E.02404
G1 X114.565 Y168.616 E.02402
G1 X115.087 Y168.71 E.02141
G1 X115.562 Y168.88 E.02037
G1 X116.221 Y169.262 E.03075
G1 X116.609 Y169.591 E.02054
G1 X116.947 Y169.992 E.02117
G1 X117.253 Y170.518 E.02457
M204 S10000
G1 X117.64 Y170.427 F30000
M204 S3000
;TYPE:External perimeter
;WIDTH:0.419999
G1 F3000
G1 X117.832 Y170.936 E.0203
G1 X117.957 Y171.505 E.02174
G1 X117.984 Y172.088 E.02178
G1 X117.898 Y172.795 E.02658
G1 X117.736 Y173.349 E.02154
G1 X117.521 Y173.815 E.01915
G1 X117.206 Y174.307 E.0218
G1 X116.813 Y174.737 E.02174
G1 X116.253 Y175.176 E.02655
G1 X115.748 Y175.453 E.02149
G1 X115.264 Y175.632 E.01926
G1 X114.695 Y175.757 E.02174
G1 X114.112 Y175.784 E.02178
G1 X113.405 Y175.698 E.02658
G1 X112.851 Y175.536 E.02154
G1 X112.385 Y175.321 E.01915
G1 X111.893 Y175.006 E.0218
G1 X111.463 Y174.613 E.02174
G1 X111.024 Y174.053 E.02655
G1 X110.747 Y173.548 E.02149
G1 X110.568 Y173.064 E.01926
G1 X110.443 Y172.495 E.02174
G1 X110.416 Y171.912 E.02178
G1 X110.502 Y171.205 E.02658
G1 X110.664 Y170.65 E.02157
G1 X110.879 Y170.185 E.01912
G1 X111.194 Y169.693 E.0218
G1 X111.587 Y169.263 E.02174
G1 X112.148 Y168.824 E.02658
G1 X112.669 Y168.538 E.02218
G1 X113.219 Y168.339 E.02183
G1 X113.794 Y168.237 E.02179
G1 X114.35 Y168.22 E.02076
G1 X114.941 Y168.297 E.02224
G1 X115.548 Y168.464 E.02349
G1 X116.015 Y168.679 E.01918
G1 X116.507 Y168.994 E.0218
G1 X116.937 Y169.387 E.02174
G1 X117.376 Y169.947 E.02655
G1 X117.611 Y170.375 E.01822
M204 S10000
G1 X117.411 Y170.756 F30000
G1 X113.027 Y171.134
M204 S5000
;TYPE:Perimeter
;WIDTH:0.449999
G1 F3000
G1 X113.058 Y171.077 E.00262
G1 X113.434 Y170.747 E.0202
G1 X113.969 Y170.56 E.02288
G1 X114.18 Y170.538 E.00856
G1 X114.614 Y170.591 E.01765
G1 X115.064 Y170.813 E.02026
G1 X115.452 Y171.234 E.02311
G1 X115.65 Y171.77 E.02307
G1 X115.628 Y172.343 E.02315
G1 X115.424 Y172.801 E.02024
G1 X115.276 Y172.987 E.0096
G1 X114.903 Y173.289 E.01938
G1 X114.393 Y173.456 E.02167
G1 X113.857 Y173.428 E.02167
G1 X113.399 Y173.224 E.02024
G1 X113.213 Y173.076 E.0096
G1 X112.911 Y172.703 E.01938
G1 X112.749 Y172.229 E.02022
G1 X112.763 Y171.73 E.02015
G1 X112.827 Y171.502 E.00956
G1 X112.999 Y171.187 E.01449
M204 S10000
G1 X113.396 Y171.287 F30000
M204 S3000
;TYPE:External perimeter
;WIDTH:0.419999
G1 F3000
G1 X113.695 Y171.041 E.01445
G1 X114.148 Y170.918 E.01752
G1 X114.53 Y170.969 E.01438
G1 X114.901 Y171.176 E.01585
G1 X115.163 Y171.507 E.01575
G1 X115.278 Y171.914 E.01578
G1 X115.231 Y172.33 E.01562
G1 X115.024 Y172.701 E.01585
G1 X114.693 Y172.963 E.01575
M73 P91 R1
G1 X114.286 Y173.078 E.01578
G1 X113.87 Y173.031 E.01562
G1 X113.499 Y172.824 E.01585
G1 X113.237 Y172.494 E.01572
G1 X113.122 Y172.088 E.01575
G1 X113.143 Y171.754 E.01249
G1 X113.349 Y171.325 E.01776
M204 S10000
G1 X113.264 Y170.923 F30000
G1 X113.577 Y170.333
;TYPE:Internal infill
;WIDTH:0.45
G1 F8477.366
G1 X113.349 Y170.407 E.00968
G1 X113.16 Y170.533 E.00917
G1 X112.804 Y170.855 E.01938
G1 X112.677 Y171.044 E.00919
G1 X112.456 Y171.528 E.02148
G1 X112.427 Y171.702 E.00712
G1 X112.406 Y172.195 E.01992
G1 X111.281 Y171.07 E.06423
G1 X111.235 Y171.205 E.00576
G1 X111.156 Y171.599 E.01622
G1 X111.13 Y172 E.01622
G1 X111.156 Y172.401 E.01622
G1 X111.235 Y172.795 E.01622
G1 X111.363 Y173.175 E.01619
G1 X111.541 Y173.534 E.01618
G1 X111.765 Y173.868 E.01624
G1 X112.03 Y174.17 E.01622
G1 X112.332 Y174.435 E.01622
G1 X112.765 Y174.708 E.02067
G1 X113.729 Y173.744 E.05504
G1 X113.989 Y173.778 E.01059
G1 X115.13 Y174.919 E.06514
G1 X115.375 Y174.837 E.01043
G1 X115.734 Y174.659 E.01618
G1 X116.068 Y174.435 E.01624
G1 X116.37 Y174.17 E.01622
G1 X116.635 Y173.868 E.01622
G1 X116.859 Y173.534 E.01624
G1 X117.037 Y173.175 E.01618
G1 X117.165 Y172.795 E.01619
G1 X117.244 Y172.401 E.01622
G1 X117.27 Y172 E.01622
G1 X117.244 Y171.599 E.01622
G1 X117.165 Y171.205 E.01622
G1 X117.037 Y170.825 E.01619
G1 X116.908 Y170.565 E.01172
G1 X115.932 Y171.542 E.05575
G1 X115.997 Y171.821 E.01157
G1 X115.974 Y172.296 E.0192
G1 X115.945 Y172.467 E.007
G1 X115.885 Y172.628 E.00694
G1 X115.634 Y173.1 E.02158
G1 X115.244 Y173.464 E.02154
G1 X115.077 Y173.576 E.00812
;WIPE_START
G1 F24000
G1 X115.244 Y173.464 E-.01433
G1 X115.634 Y173.1 E-.03801
G1 X115.885 Y172.628 E-.03809
G1 X115.945 Y172.467 E-.01224
G1 X115.974 Y172.296 E-.01236
G1 X115.997 Y171.821 E-.03388
G1 X115.932 Y171.542 E-.02041
G1 X116.908 Y170.565 E-.09839
G1 X117.037 Y170.825 E-.02068
G1 X117.165 Y171.205 E-.02857
G1 X117.244 Y171.599 E-.02863
G1 X117.27 Y172 E-.02863
G1 X117.244 Y172.401 E-.02863
G1 X117.165 Y172.795 E-.02863
G1 X117.037 Y173.175 E-.02857
G1 X116.859 Y173.534 E-.02855
G1 X116.635 Y173.868 E-.02865
G1 X116.37 Y174.17 E-.02863
G1 X116.068 Y174.435 E-.02863
G1 X115.734 Y174.659 E-.02865
G1 X115.375 Y174.837 E-.02855
G1 X115.13 Y174.919 E-.01841
G1 X113.989 Y173.778 E-.11497
G1 X113.729 Y173.744 E-.01868
G1 X112.765 Y174.708 E-.09714
G1 X112.332 Y174.435 E-.03647
G1 X112.03 Y174.17 E-.02863
G1 X111.765 Y173.868 E-.02863
G1 X111.567 Y173.572 E-.02536
;WIPE_END
G1 Z2.85 F600
G1 X163.461 Y169.552 F30000
G1 Z2.45 F600
G1 E1 F1800
M204 S5000
;TYPE:Perimeter
;WIDTH:0.449999
G1 F3000
G1 X163.678 Y169.339 E.01228
G1 X164.044 Y169.084 E.01801
G1 X164.496 Y168.851 E.02053
G1 X164.981 Y168.696 E.02056
G1 X165.57 Y168.608 E.02404
G1 X166.165 Y168.616 E.02402
G1 X166.687 Y168.71 E.02141
G1 X167.162 Y168.88 E.02037
G1 X167.821 Y169.262 E.03075
G1 X168.209 Y169.591 E.02054
G1 X168.547 Y169.992 E.02117
G1 X168.822 Y170.44 E.02122
G1 X169.071 Y171.058 E.0269
G1 X169.178 Y171.555 E.02052
G1 X169.203 Y172.063 E.02053
G1 X169.183 Y172.381 E.01286
G1 X169.104 Y172.82 E.01801
G1 X168.949 Y173.304 E.02052
G1 X168.705 Y173.773 E.02134
G1 X168.394 Y174.198 E.02126
G1 X167.922 Y174.661 E.02669
G1 X167.556 Y174.916 E.01801
G1 X167.104 Y175.149 E.02053
G1 X166.605 Y175.307 E.02113
G1 X166.082 Y175.389 E.02137
G1 X165.419 Y175.383 E.02677
G1 X164.98 Y175.304 E.01801
G1 X164.496 Y175.149 E.02052
G1 X164.027 Y174.905 E.02134
G1 X163.602 Y174.594 E.02126
G1 X163.139 Y174.122 E.02669
G1 X162.884 Y173.756 E.01801
G1 X162.651 Y173.304 E.02053
G1 X162.493 Y172.803 E.02121
G1 X162.411 Y172.281 E.02133
G1 X162.417 Y171.619 E.02673
G1 X162.496 Y171.18 E.01801
G1 X162.651 Y170.696 E.02052
G1 X162.896 Y170.227 E.02136
G1 X163.206 Y169.802 E.02124
G1 X163.418 Y169.594 E.01199
M204 S10000
G1 X163.182 Y169.268 F30000
M204 S3000
;TYPE:External perimeter
;WIDTH:0.419999
G1 F3000
G1 X163.748 Y168.824 E.02684
G1 X164.269 Y168.538 E.02218
G1 X164.819 Y168.339 E.02183
G1 X165.394 Y168.237 E.02179
G1 X165.95 Y168.22 E.02076
G1 X166.541 Y168.297 E.02224
G1 X167.148 Y168.464 E.02349
G1 X167.615 Y168.679 E.01918
G1 X168.107 Y168.994 E.0218
G1 X168.537 Y169.387 E.02174
G1 X168.976 Y169.947 E.02655
G1 X169.253 Y170.452 E.02149
G1 X169.432 Y170.936 E.01926
G1 X169.557 Y171.505 E.02174
G1 X169.584 Y172.088 E.02178
G1 X169.498 Y172.794 E.02654
G1 X169.336 Y173.349 E.02157
G1 X169.121 Y173.815 E.01915
G1 X168.806 Y174.307 E.0218
G1 X168.413 Y174.737 E.02174
G1 X167.853 Y175.176 E.02655
G1 X167.348 Y175.453 E.02149
G1 X166.864 Y175.632 E.01926
G1 X166.295 Y175.757 E.02174
G1 X165.712 Y175.784 E.02178
G1 X165.005 Y175.698 E.02658
G1 X164.451 Y175.536 E.02154
G1 X163.985 Y175.321 E.01915
G1 X163.493 Y175.006 E.0218
G1 X163.063 Y174.613 E.02174
G1 X162.624 Y174.053 E.02655
G1 X162.347 Y173.548 E.02149
G1 X162.168 Y173.064 E.01926
G1 X162.043 Y172.495 E.02174
G1 X162.016 Y171.912 E.02178
G1 X162.102 Y171.205 E.02658
G1 X162.264 Y170.65 E.02157
G1 X162.479 Y170.185 E.01912
G1 X162.794 Y169.693 E.0218
G1 X163.142 Y169.312 E.01926
M204 S10000
G1 X163.565 Y169.385 F30000
G1 X165.161 Y170.703
M204 S5000
;TYPE:Perimeter
;WIDTH:0.449999
G1 F3000
G1 X165.569 Y170.56 E.01745
G1 X165.78 Y170.538 E.00856
G1 X166.214 Y170.591 E.01765
G1 X166.664 Y170.813 E.02026
G1 X167.052 Y171.234 E.02311
G1 X167.25 Y171.77 E.02307
G1 X167.228 Y172.343 E.02315
G1 X167.024 Y172.801 E.02024
G1 X166.876 Y172.987 E.0096
G1 X166.503 Y173.289 E.01938
G1 X165.993 Y173.456 E.02167
G1 X165.457 Y173.428 E.02167
G1 X164.999 Y173.224 E.02024
G1 X164.813 Y173.076 E.0096
G1 X164.511 Y172.703 E.01938
G1 X164.349 Y172.229 E.02022
G1 X164.363 Y171.73 E.02015
G1 X164.427 Y171.502 E.00956
G1 X164.658 Y171.077 E.01953
G1 X165.034 Y170.747 E.0202
G1 X165.104 Y170.723 E.00299
M204 S10000
G1 X165.338 Y171.029 F30000
M204 S3000
;TYPE:External perimeter
;WIDTH:0.419999
G1 F3000
G1 X165.748 Y170.918 E.01585
G1 X166.13 Y170.969 E.01438
G1 X166.501 Y171.176 E.01585
G1 X166.763 Y171.507 E.01575
G1 X166.878 Y171.914 E.01578
G1 X166.831 Y172.33 E.01562
G1 X166.624 Y172.701 E.01585
G1 X166.293 Y172.963 E.01575
G1 X165.886 Y173.078 E.01578
G1 X165.47 Y173.031 E.01562
G1 X165.099 Y172.824 E.01585
G1 X164.837 Y172.494 E.01572
G1 X164.722 Y172.088 E.01575
G1 X164.743 Y171.754 E.01249
G1 X164.945 Y171.329 E.01756
G1 X165.283 Y171.051 E.01633
M204 S10000
G1 X165.359 Y170.63 F30000
G1 X165.828 Y170.209
;TYPE:Internal infill
;WIDTH:0.45
G1 F8477.366
G1 X165.675 Y170.199 E.00619
G1 X165.477 Y170.235 E.00812
G1 X164.949 Y170.407 E.02242
G1 X164.76 Y170.533 E.00917
G1 X164.404 Y170.855 E.01938
G1 X164.277 Y171.044 E.00919
G1 X164.055 Y171.529 E.02153
G1 X163.092 Y170.565 E.05501
G1 X162.963 Y170.825 E.01172
G1 X162.835 Y171.205 E.01619
G1 X162.756 Y171.599 E.01622
G1 X162.73 Y172 E.01622
G1 X162.756 Y172.401 E.01622
G1 X162.835 Y172.795 E.01622
G1 X162.963 Y173.175 E.01619
G1 X163.141 Y173.534 E.01618
G1 X163.365 Y173.868 E.01624
G1 X163.63 Y174.17 E.01622
G1 X163.932 Y174.435 E.01622
G1 X164.266 Y174.659 E.01624
G1 X164.625 Y174.837 E.01618
G1 X164.87 Y174.919 E.01043
G1 X165.995 Y173.794 E.06423
G1 X166.258 Y173.732 E.01091
G1 X167.235 Y174.708 E.05575
G1 X167.668 Y174.435 E.02067
G1 X167.97 Y174.17 E.01622
G1 X168.235 Y173.868 E.01622
G1 X168.459 Y173.534 E.01624
G1 X168.637 Y173.175 E.01618
G1 X168.765 Y172.795 E.01619
G1 X168.844 Y172.401 E.01622
G1 X168.87 Y172 E.01622
G1 X168.844 Y171.599 E.01622
G1 X168.765 Y171.205 E.01622
G1 X168.719 Y171.07 E.00576
G1 X167.578 Y172.211 E.06514
G1 X167.597 Y171.821 E.01576
G1 X167.552 Y171.597 E.00922
G1 X167.368 Y171.101 E.02136
G1 X167.264 Y170.957 E.00717
G1 X166.945 Y170.604 E.01921
G1 X166.757 Y170.478 E.00914
G1 X166.441 Y170.328 E.01412
;LAYER_CHANGE
;Z:2.7
;HEIGHT:0.25
G92 E0
;WIPE_START
G1 F24000
G1 X166.757 Y170.478 E-.02492
G1 X166.945 Y170.604 E-.01613
G1 X167.264 Y170.957 E-.0339
G1 X167.368 Y171.101 E-.01266
G1 X167.552 Y171.597 E-.03769
G1 X167.597 Y171.821 E-.01628
G1 X167.578 Y172.211 E-.02782
G1 X168.719 Y171.07 E-.11497
G1 X168.765 Y171.205 E-.01016
G1 X168.844 Y171.599 E-.02863
G1 X168.87 Y172 E-.02863
G1 X168.844 Y172.401 E-.02863
G1 X168.765 Y172.795 E-.02863
G1 X168.637 Y173.175 E-.02857
G1 X168.459 Y173.534 E-.02855
G1 X168.235 Y173.868 E-.02865
G1 X167.97 Y174.17 E-.02863
G1 X167.668 Y174.435 E-.02863
G1 X167.235 Y174.708 E-.03647
G1 X166.258 Y173.732 E-.09839
G1 X165.995 Y173.794 E-.01925
G1 X164.87 Y174.919 E-.11336
G1 X164.625 Y174.837 E-.01841
G1 X164.266 Y174.659 E-.02855
G1 X163.932 Y174.435 E-.02865
G1 X163.63 Y174.17 E-.02863
G1 X163.365 Y173.868 E-.02863
G1 X163.141 Y173.534 E-.02865
G1 X163.023 Y173.296 E-.01893
;WIPE_END
G1 Z2.85 F600
G1 X162.414 Y107.92 F30000
G1 Z2.7 F600
G1 E1 F1800
M204 S5000
;TYPE:Perimeter
;WIDTH:0.449999
G1 F3000
G1 X162.417 Y107.619 E.01215
G1 X162.496 Y107.18 E.01801
G1 X162.651 Y106.696 E.02052
G1 X162.896 Y106.227 E.02136
G1 X163.206 Y105.802 E.02124
G1 X163.678 Y105.339 E.02669
G1 X164.044 Y105.084 E.01801
G1 X164.496 Y104.851 E.02053
G1 X164.981 Y104.696 E.02056
G1 X165.562 Y104.608 E.02372
G1 X166.181 Y104.617 E.02499
G1 X166.682 Y104.708 E.02056
G1 X167.162 Y104.88 E.02059
G1 X167.821 Y105.262 E.03075
G1 X168.209 Y105.591 E.02054
G1 X168.547 Y105.992 E.02117
G1 X168.822 Y106.44 E.02122
G1 X169.071 Y107.058 E.0269
G1 X169.178 Y107.555 E.02052
G1 X169.203 Y108.063 E.02053
G1 X169.183 Y108.381 E.01286
G1 X169.104 Y108.82 E.01801
G1 X168.949 Y109.304 E.02052
G1 X168.705 Y109.773 E.02134
G1 X168.394 Y110.198 E.02126
G1 X167.922 Y110.661 E.02669
G1 X167.556 Y110.916 E.01801
G1 X167.104 Y111.149 E.02053
G1 X166.603 Y111.307 E.02121
G1 X166.081 Y111.389 E.02133
G1 X165.419 Y111.383 E.02673
G1 X164.98 Y111.304 E.01801
G1 X164.496 Y111.149 E.02052
G1 X164.027 Y110.904 E.02136
G1 X163.602 Y110.594 E.02124
G1 X163.139 Y110.122 E.02669
G1 X162.884 Y109.756 E.01801
G1 X162.651 Y109.304 E.02053
G1 X162.493 Y108.803 E.02121
G1 X162.411 Y108.281 E.02133
G1 X162.414 Y107.98 E.01215
M204 S10000
G1 X162.016 Y107.916 F30000
M204 S3000
;TYPE:External perimeter
;WIDTH:0.419999
G1 F3000
G1 X162.102 Y107.205 E.02673
G1 X162.264 Y106.65 E.02157
G1 X162.479 Y106.185 E.01912
G1 X162.794 Y105.693 E.0218
G1 X163.187 Y105.263 E.02174
G1 X163.748 Y104.824 E.02658
G1 X164.269 Y104.538 E.02218
G1 X164.819 Y104.339 E.02183
G1 X165.394 Y104.237 E.02179
G1 X165.939 Y104.22 E.02035
G1 X166.595 Y104.302 E.02467
G1 X167.15 Y104.464 E.02157
G1 X167.615 Y104.679 E.01912
G1 X168.107 Y104.994 E.0218
G1 X168.537 Y105.387 E.02174
G1 X168.976 Y105.947 E.02655
G1 X169.253 Y106.452 E.02149
G1 X169.432 Y106.936 E.01926
G1 X169.557 Y107.505 E.02174
G1 X169.584 Y108.088 E.02178
G1 X169.498 Y108.794 E.02654
G1 X169.336 Y109.349 E.02157
G1 X169.121 Y109.815 E.01915
G1 X168.806 Y110.307 E.0218
G1 X168.413 Y110.737 E.02174
G1 X167.853 Y111.176 E.02655
G1 X167.348 Y111.453 E.02149
G1 X166.864 Y111.632 E.01926
G1 X166.295 Y111.757 E.02174
G1 X165.712 Y111.784 E.02178
G1 X165.005 Y111.698 E.02658
G1 X164.45 Y111.536 E.02157
G1 X163.985 Y111.321 E.01912
G1 X163.493 Y111.006 E.0218
G1 X163.063 Y110.613 E.02174
G1 X162.624 Y110.053 E.02655
G1 X162.347 Y109.548 E.02149
G1 X162.168 Y109.064 E.01926
G1 X162.043 Y108.495 E.02174
G1 X162.019 Y107.976 E.01939
M204 S10000
G1 X162.37 Y107.729 F30000
G1 X165.703 Y106.545
M204 S5000
;TYPE:Perimeter
;WIDTH:0.449999
G1 F3000
G1 X165.771 Y106.538 E.00276
G1 X166.215 Y106.591 E.01805
G1 X166.664 Y106.813 E.02022
G1 X167.052 Y107.234 E.02311
G1 X167.25 Y107.77 E.02307
G1 X167.228 Y108.343 E.02315
G1 X167.024 Y108.801 E.02024
G1 X166.876 Y108.987 E.0096
G1 X166.503 Y109.289 E.01938
G1 X166.029 Y109.451 E.02022
G1 X165.456 Y109.428 E.02315
G1 X164.999 Y109.223 E.02022
G1 X164.813 Y109.076 E.00957
G1 X164.511 Y108.703 E.01938
G1 X164.349 Y108.229 E.02022
G1 X164.363 Y107.73 E.02015
G1 X164.427 Y107.502 E.00956
G1 X164.658 Y107.077 E.01953
G1 X165.034 Y106.747 E.0202
G1 X165.558 Y106.561 E.02245
G1 X165.643 Y106.552 E.00345
M204 S10000
G1 X165.71 Y106.926 F30000
M204 S3000
;TYPE:External perimeter
;WIDTH:0.419999
G1 F3000
G1 X166.129 Y106.969 E.01572
G1 X166.501 Y107.176 E.01589
G1 X166.763 Y107.507 E.01575
G1 X166.878 Y107.914 E.01578
G1 X166.831 Y108.33 E.01562
G1 X166.624 Y108.701 E.01585
G1 X166.294 Y108.963 E.01572
G1 X165.888 Y109.078 E.01575
G1 X165.471 Y109.031 E.01566
G1 X165.099 Y108.824 E.01589
G1 X164.837 Y108.494 E.01572
G1 X164.722 Y108.088 E.01575
G1 X164.743 Y107.754 E.01249
G1 X164.945 Y107.329 E.01756
G1 X165.294 Y107.041 E.01689
G1 X165.652 Y106.942 E.01386
M204 S10000
G1 X165.876 Y106.562 F30000
G1 X164.923 Y106.424
;TYPE:Internal infill
;WIDTH:0.45
G1 F8477.366
G1 X164.76 Y106.533 E.00792
G1 X164.404 Y106.855 E.01938
G1 X164.277 Y107.044 E.00919
G1 X164.056 Y107.528 E.02148
G1 X164.027 Y107.702 E.00712
G1 X164.003 Y108.178 E.01924
G1 X164.068 Y108.458 E.0116
G1 X163.092 Y109.435 E.05575
G1 X162.963 Y109.175 E.01172
G1 X162.835 Y108.795 E.01619
G1 X162.756 Y108.401 E.01622
G1 X162.73 Y108 E.01622
G1 X162.756 Y107.599 E.01622
G1 X162.835 Y107.205 E.01622
G1 X162.963 Y106.825 E.01619
G1 X163.141 Y106.466 E.01618
G1 X163.365 Y106.132 E.01624
G1 X163.63 Y105.83 E.01622
G1 X163.932 Y105.565 E.01622
G1 X164.266 Y105.341 E.01624
G1 X164.625 Y105.163 E.01618
G1 X164.87 Y105.081 E.01043
G1 X166.011 Y106.221 E.06512
G1 X166.267 Y106.26 E.01045
G1 X167.235 Y105.292 E.05527
G1 X167.668 Y105.565 E.02067
G1 X167.97 Y105.83 E.01622
G1 X168.235 Y106.132 E.01622
G1 X168.459 Y106.466 E.01624
G1 X168.637 Y106.825 E.01618
G1 X168.765 Y107.205 E.01619
G1 X168.844 Y107.599 E.01622
G1 X168.87 Y108 E.01622
G1 X168.844 Y108.401 E.01622
G1 X168.765 Y108.795 E.01622
G1 X168.719 Y108.93 E.00576
G1 X167.594 Y107.805 E.06423
G1 X167.574 Y108.296 E.01984
G1 X167.545 Y108.467 E.007
G1 X167.485 Y108.628 E.00694
G1 X167.234 Y109.1 E.02158
G1 X166.844 Y109.464 E.02154
G1 X166.699 Y109.568 E.0072
G1 X166.423 Y109.67 E.01188
;WIPE_START
G1 F24000
G1 X166.699 Y109.568 E-.02096
G1 X166.844 Y109.464 E-.01271
G1 X167.234 Y109.1 E-.03801
G1 X167.485 Y108.628 E-.03809
G1 X167.545 Y108.467 E-.01224
G1 X167.574 Y108.296 E-.01236
G1 X167.594 Y107.805 E-.03501
G1 X168.719 Y108.93 E-.11336
G1 X168.765 Y108.795 E-.01016
G1 X168.844 Y108.401 E-.02863
G1 X168.87 Y108 E-.02863
G1 X168.844 Y107.599 E-.02863
G1 X168.765 Y107.205 E-.02863
G1 X168.637 Y106.825 E-.02857
G1 X168.459 Y106.466 E-.02855
G1 X168.235 Y106.132 E-.02865
G1 X167.97 Y105.83 E-.02863
G1 X167.668 Y105.565 E-.02863
G1 X167.235 Y105.292 E-.03647
G1 X166.267 Y106.26 E-.09754
G1 X166.011 Y106.221 E-.01845
G1 X164.87 Y105.081 E-.11492
G1 X164.625 Y105.163 E-.01841
G1 X164.266 Y105.341 E-.02855
G1 X163.932 Y105.565 E-.02865
G1 X163.63 Y105.83 E-.02863
G1 X163.365 Y106.132 E-.02863
G1 X163.141 Y106.466 E-.02865
G1 X163.012 Y106.726 E-.02065
;WIPE_END
G1 Z3.1 F600
G1 X116.697 Y110.307 F30000
G1 Z2.7 F600
G1 E1 F1800
M204 S5000
;TYPE:Perimeter
;WIDTH:0.449999
G1 F3000
G1 X116.274 Y110.703 E.02339
G1 X115.834 Y110.985 E.0211
G1 X115.347 Y111.202 E.02152
G1 X114.708 Y111.366 E.02663
G1 X114.263 Y111.403 E.01803
G1 X113.755 Y111.378 E.02053
G1 X113.244 Y111.266 E.02112
G1 X112.746 Y111.074 E.02155
G1 X112.179 Y110.739 E.02659
G1 X111.838 Y110.451 E.01802
G1 X111.497 Y110.074 E.02052
G1 X111.215 Y109.635 E.02106
G1 X110.998 Y109.148 E.02152
G1 X110.834 Y108.508 E.02667
G1 X110.797 Y108.063 E.01803
G1 X110.822 Y107.555 E.02053
G1 X110.934 Y107.044 E.02112
G1 X111.126 Y106.546 E.02155
G1 X111.461 Y105.979 E.02659
G1 X111.749 Y105.638 E.01802
G1 X112.126 Y105.297 E.02052
G1 X112.565 Y105.015 E.02106
G1 X113.052 Y104.798 E.02152
G1 X113.641 Y104.644 E.02458
G1 X114.137 Y104.597 E.02011
G1 X114.645 Y104.622 E.02053
G1 X115.142 Y104.729 E.02052
G1 X115.653 Y104.925 E.0221
G1 X116.221 Y105.261 E.02664
G1 X116.609 Y105.591 E.02056
G1 X116.939 Y105.979 E.02056
G1 X117.274 Y106.546 E.02659
G1 X117.471 Y107.058 E.02215
G1 X117.578 Y107.555 E.02052
G1 X117.603 Y108.063 E.02053
G1 X117.578 Y108.445 E.01546
G1 X117.465 Y108.96 E.02129
G1 X117.274 Y109.454 E.02138
G1 X116.939 Y110.021 E.02659
G1 X116.736 Y110.261 E.01269
M204 S10000
G1 X116.987 Y110.552 F30000
M204 S3000
;TYPE:External perimeter
;WIDTH:0.419999
G1 F3000
G1 X116.879 Y110.679 E.00622
G1 X116.433 Y111.055 E.02177
G1 X115.822 Y111.417 E.0265
G1 X115.275 Y111.629 E.02189
G1 X114.782 Y111.74 E.01886
G1 X114.2 Y111.79 E.0218
G1 X113.618 Y111.74 E.0218
G1 X112.93 Y111.563 E.02651
G1 X112.396 Y111.326 E.0218
G1 X111.967 Y111.055 E.01894
G1 X111.521 Y110.679 E.02177
G1 X111.145 Y110.233 E.02177
G1 X110.784 Y109.623 E.02645
G1 X110.572 Y109.078 E.02182
G1 X110.46 Y108.582 E.01897
G1 X110.41 Y108 E.0218
G1 X110.46 Y107.418 E.0218
G1 X110.637 Y106.73 E.02651
G1 X110.874 Y106.196 E.0218
G1 X111.145 Y105.767 E.01894
G1 X111.521 Y105.321 E.02177
G1 X111.967 Y104.945 E.02177
G1 X112.577 Y104.584 E.02645
G1 X113.093 Y104.382 E.02068
G1 X113.618 Y104.26 E.02011
G1 X114.2 Y104.21 E.0218
G1 X114.782 Y104.26 E.0218
G1 X115.469 Y104.437 E.02647
G1 X116.003 Y104.673 E.02179
G1 X116.433 Y104.945 E.01899
G1 X116.879 Y105.321 E.02177
G1 X117.255 Y105.767 E.02177
G1 X117.616 Y106.377 E.02645
G1 X117.832 Y106.936 E.02236
G1 X117.957 Y107.505 E.02174
G1 X117.984 Y108.088 E.02178
G1 X117.94 Y108.582 E.01851
G1 X117.763 Y109.27 E.02651
G1 X117.526 Y109.804 E.0218
G1 X117.255 Y110.233 E.01894
G1 X117.026 Y110.506 E.0133
M204 S10000
G1 X116.822 Y110.526 F30000
;WIPE_START
G1 F24000
G1 X116.879 Y110.679 E-.01618
G1 X116.433 Y111.055 E-.04156
G1 X115.822 Y111.417 E-.0506
G1 X115.275 Y111.629 E-.0418
G1 X114.782 Y111.74 E-.03601
G1 X114.2 Y111.79 E-.04162
G1 X113.618 Y111.74 E-.04162
G1 X112.93 Y111.563 E-.05062
G1 X112.396 Y111.326 E-.04163
G1 X111.967 Y111.055 E-.03615
G1 X111.521 Y110.679 E-.04156
G1 X111.145 Y110.233 E-.04156
G1 X110.784 Y109.623 E-.0505
G1 X110.572 Y109.078 E-.04167
G1 X110.46 Y108.582 E-.03623
G1 X110.41 Y108 E-.04162
G1 X110.46 Y107.418 E-.04162
G1 X110.637 Y106.73 E-.05062
G1 X110.874 Y106.196 E-.04163
G1 X111.145 Y105.767 E-.03615
G1 X111.521 Y105.321 E-.04156
G1 X111.967 Y104.945 E-.04156
G1 X112.577 Y104.584 E-.0505
G1 X113.093 Y104.382 E-.03948
G1 X113.174 Y104.363 E-.00595
;WIPE_END
G1 Z3.1 F600
G1 X114.236 Y106.545 F30000
G1 Z2.7 F600
G1 E1 F1800
M204 S5000
;TYPE:Perimeter
;WIDTH:0.449999
G1 F3000
G1 X114.727 Y106.629 E.02011
G1 X115.154 Y106.892 E.02025
G1 X115.32 Y107.064 E.00965
G1 X115.571 Y107.473 E.01937
G1 X115.668 Y107.963 E.02017
G1 X115.571 Y108.527 E.0231
G1 X115.308 Y108.954 E.02025
G1 X115.136 Y109.12 E.00965
G1 X114.727 Y109.371 E.01937
G1 X114.236 Y109.467 E.0202
G1 X113.673 Y109.371 E.02306
G1 X113.246 Y109.108 E.02025
G1 X113.08 Y108.936 E.00965
G1 X112.896 Y108.661 E.01336
G1 X112.807 Y108.441 E.00958
G1 X112.733 Y107.963 E.01953
G1 X112.829 Y107.473 E.02016
G1 X113.092 Y107.046 E.02025
G1 X113.264 Y106.88 E.00965
G1 X113.673 Y106.629 E.01937
G1 X114.177 Y106.534 E.02071
M204 S10000
G1 X114.195 Y106.919 F30000
M204 S3000
;TYPE:External perimeter
;WIDTH:0.419999
G1 F3000
G1 X114.659 Y107.019 E.01771
G1 X115.003 Y107.277 E.01605
G1 X115.219 Y107.636 E.01563
G1 X115.281 Y108.052 E.01569
G1 X115.181 Y108.459 E.01564
G1 X114.924 Y108.803 E.01602
G1 X114.57 Y109.018 E.01546
G1 X114.145 Y109.08 E.01603
G1 X113.741 Y108.981 E.01552
G1 X113.397 Y108.723 E.01605
G1 X113.212 Y108.448 E.01237
G1 X113.113 Y107.988 E.01756
G1 X113.219 Y107.541 E.01714
G1 X113.477 Y107.197 E.01605
G1 X113.859 Y106.976 E.01647
G1 X114.136 Y106.927 E.0105
M204 S10000
G1 X114.402 Y106.576 F30000
;WIPE_START
G1 F24000
G1 X114.659 Y107.019 E-.03784
G1 X115.003 Y107.277 E-.03064
G1 X115.219 Y107.636 E-.02985
G1 X115.281 Y108.052 E-.02997
G1 X115.181 Y108.459 E-.02986
G1 X114.924 Y108.803 E-.03059
G1 X114.57 Y109.018 E-.02951
G1 X114.145 Y109.08 E-.0306
G1 X113.741 Y108.981 E-.02964
G1 X113.397 Y108.723 E-.03064
G1 X113.212 Y108.448 E-.02361
G1 X113.113 Y107.988 E-.03353
G1 X113.219 Y107.541 E-.03273
G1 X113.477 Y107.197 E-.03064
G1 X113.859 Y106.976 E-.03144
G1 X114.136 Y106.927 E-.02004
;WIPE_END
G1 E-.51887 F1800
G1 Z3.1 F600
G1 X113.556 Y109.682 F30000
G1 Z2.7 F600
G1 E1 F1800
;TYPE:Internal infill
;WIDTH:0.45
G1 F8477.366
G1 X113.355 Y109.587 E.00898
G1 X112.922 Y109.278 E.02148
G1 X112.613 Y108.845 E.02148
G1 X112.531 Y108.691 E.00704
G1 X112.481 Y108.526 E.00696
G1 X112.395 Y108.058 E.01921
G1 X112.419 Y107.792 E.01078
G1 X111.281 Y108.93 E.06497
G1 X111.235 Y108.795 E.00576
G1 X111.156 Y108.401 E.01622
G1 X111.13 Y108 E.01622
G1 X111.156 Y107.599 E.01622
G1 X111.235 Y107.205 E.01622
G1 X111.363 Y106.825 E.01619
G1 X111.541 Y106.466 E.01618
G1 X111.765 Y106.132 E.01624
G1 X112.03 Y105.83 E.01622
G1 X112.332 Y105.565 E.01622
G1 X112.765 Y105.292 E.02067
G1 X113.741 Y106.268 E.05572
G1 X113.993 Y106.218 E.01037
G1 X115.13 Y105.081 E.06492
G1 X115.375 Y105.163 E.01043
G1 X115.734 Y105.341 E.01618
G1 X116.068 Y105.565 E.01624
G1 X116.37 Y105.83 E.01622
G1 X116.635 Y106.132 E.01622
G1 X116.859 Y106.466 E.01624
G1 X117.037 Y106.825 E.01618
G1 X117.165 Y107.205 E.01619
G1 X117.244 Y107.599 E.01622
G1 X117.27 Y108 E.01622
G1 X117.244 Y108.401 E.01622
G1 X117.165 Y108.795 E.01622
G1 X117.037 Y109.175 E.01619
G1 X116.908 Y109.435 E.01172
G1 X115.926 Y108.452 E.0561
G1 X115.872 Y108.687 E.00973
G1 X115.787 Y108.845 E.00724
G1 X115.478 Y109.278 E.02148
G1 X115.044 Y109.588 E.02153
G1 X114.891 Y109.67 E.00701
G1 X114.724 Y109.72 E.00704
G1 X114.257 Y109.805 E.01916
G1 X114.187 Y109.8 E.00283
;WIPE_START
G1 F24000
G1 X114.257 Y109.805 E-.005
G1 X114.724 Y109.72 E-.03382
G1 X114.891 Y109.67 E-.01242
G1 X115.044 Y109.588 E-.01237
G1 X115.478 Y109.278 E-.038
G1 X115.787 Y108.845 E-.0379
G1 X115.872 Y108.687 E-.01278
G1 X115.926 Y108.452 E-.01718
G1 X116.908 Y109.435 E-.099
G1 X117.037 Y109.175 E-.02068
G1 X117.165 Y108.795 E-.02857
G1 X117.244 Y108.401 E-.02863
G1 X117.27 Y108 E-.02863
G1 X117.244 Y107.599 E-.02863
G1 X117.165 Y107.205 E-.02863
G1 X117.037 Y106.825 E-.02857
G1 X116.859 Y106.466 E-.02855
G1 X116.635 Y106.132 E-.02865
G1 X116.37 Y105.83 E-.02863
G1 X116.068 Y105.565 E-.02863
G1 X115.734 Y105.341 E-.02865
G1 X115.375 Y105.163 E-.02855
G1 X115.13 Y105.081 E-.01841
G1 X113.993 Y106.218 E-.11457
G1 X113.741 Y106.268 E-.01831
G1 X112.765 Y105.292 E-.09834
G1 X112.332 Y105.565 E-.03647
G1 X112.03 Y105.83 E-.02863
G1 X111.765 Y106.132 E-.02863
G1 X111.576 Y106.414 E-.02417
;WIPE_END
G1 Z3.1 F600
G1 X117.278 Y170.58 F30000
G1 Z2.7 F600
G1 E1 F1800
M204 S5000
;TYPE:Perimeter
;WIDTH:0.449999
G1 F3000
G1 X117.471 Y171.058 E.02081
G1 X117.578 Y171.555 E.02052
G1 X117.603 Y172.063 E.02053
G1 X117.583 Y172.381 E.01286
G1 X117.504 Y172.82 E.01801
G1 X117.349 Y173.304 E.02052
G1 X117.105 Y173.773 E.02134
G1 X116.794 Y174.198 E.02126
G1 X116.322 Y174.661 E.02669
G1 X115.956 Y174.916 E.01801
G1 X115.504 Y175.149 E.02053
G1 X115.005 Y175.307 E.02113
G1 X114.482 Y175.389 E.02137
G1 X113.819 Y175.383 E.02677
G1 X113.38 Y175.304 E.01801
G1 X112.896 Y175.149 E.02052
G1 X112.427 Y174.905 E.02134
G1 X112.002 Y174.594 E.02126
G1 X111.539 Y174.122 E.02669
G1 X111.284 Y173.756 E.01801
G1 X111.051 Y173.304 E.02053
G1 X110.893 Y172.803 E.02121
G1 X110.811 Y172.281 E.02133
G1 X110.817 Y171.619 E.02673
G1 X110.896 Y171.18 E.01801
G1 X111.051 Y170.696 E.02052
G1 X111.296 Y170.226 E.0214
G1 X111.606 Y169.802 E.0212
G1 X112.078 Y169.339 E.02669
G1 X112.444 Y169.084 E.01801
G1 X112.896 Y168.851 E.02053
G1 X113.381 Y168.696 E.02056
G1 X113.962 Y168.608 E.02372
G1 X114.581 Y168.617 E.02499
G1 X115.082 Y168.708 E.02056
G1 X115.562 Y168.88 E.02059
G1 X116.221 Y169.262 E.03075
G1 X116.609 Y169.591 E.02054
G1 X116.947 Y169.992 E.02117
G1 X117.222 Y170.44 E.02122
G1 X117.256 Y170.524 E.00366
M204 S10000
G1 X117.643 Y170.433 F30000
M204 S3000
;TYPE:External perimeter
;WIDTH:0.419999
G1 F3000
G1 X117.832 Y170.936 E.02005
G1 X117.957 Y171.505 E.02174
G1 X117.984 Y172.088 E.02178
G1 X117.898 Y172.795 E.02658
G1 X117.736 Y173.349 E.02154
G1 X117.521 Y173.815 E.01915
G1 X117.206 Y174.307 E.0218
G1 X116.813 Y174.737 E.02174
G1 X116.253 Y175.176 E.02655
G1 X115.748 Y175.453 E.02149
G1 X115.264 Y175.632 E.01926
G1 X114.695 Y175.757 E.02174
G1 X114.112 Y175.784 E.02178
G1 X113.405 Y175.698 E.02658
G1 X112.851 Y175.536 E.02154
G1 X112.385 Y175.321 E.01915
G1 X111.893 Y175.006 E.0218
G1 X111.463 Y174.613 E.02174
G1 X111.024 Y174.053 E.02655
G1 X110.747 Y173.548 E.02149
G1 X110.568 Y173.064 E.01926
G1 X110.443 Y172.495 E.02174
G1 X110.416 Y171.912 E.02178
G1 X110.503 Y171.204 E.02662
G1 X110.665 Y170.649 E.02157
G1 X110.879 Y170.185 E.01907
G1 X111.194 Y169.693 E.0218
G1 X111.587 Y169.263 E.02174
G1 X112.148 Y168.824 E.02658
G1 X112.669 Y168.538 E.02218
G1 X113.219 Y168.339 E.02183
G1 X113.794 Y168.237 E.02179
G1 X114.338 Y168.219 E.02031
G1 X114.996 Y168.303 E.02475
G1 X115.551 Y168.465 E.02157
G1 X116.015 Y168.679 E.01907
G1 X116.507 Y168.994 E.0218
G1 X116.937 Y169.387 E.02174
G1 X117.376 Y169.947 E.02655
G1 X117.614 Y170.38 E.01844
M204 S10000
G1 X117.414 Y170.761 F30000
G1 X113.028 Y171.134
M204 S5000
;TYPE:Perimeter
;WIDTH:0.449999
G1 F3000
G1 X113.058 Y171.077 E.0026
G1 X113.434 Y170.747 E.0202
G1 X113.958 Y170.561 E.02245
G1 X114.17 Y170.538 E.00861
G1 X114.615 Y170.591 E.01809
G1 X115.065 Y170.813 E.02026
G1 X115.452 Y171.234 E.02309
G1 X115.65 Y171.77 E.02307
G1 X115.628 Y172.343 E.02315
G1 X115.424 Y172.801 E.02024
G1 X115.276 Y172.987 E.0096
G1 X114.903 Y173.289 E.01938
G1 X114.393 Y173.456 E.02167
G1 X113.857 Y173.428 E.02167
G1 X113.399 Y173.224 E.02024
G1 X113.213 Y173.076 E.0096
G1 X112.911 Y172.703 E.01938
G1 X112.749 Y172.229 E.02022
G1 X112.763 Y171.729 E.02019
G1 X112.827 Y171.502 E.00952
G1 X112.999 Y171.186 E.01452
M204 S10000
G1 X113.382 Y171.298 F30000
M204 S3000
;TYPE:External perimeter
;WIDTH:0.419999
G1 F3000
G1 X113.694 Y171.041 E.01508
G1 X114.139 Y170.918 E.01723
G1 X114.529 Y170.968 E.01467
G1 X114.9 Y171.176 E.01587
G1 X115.163 Y171.507 E.01578
G1 X115.278 Y171.914 E.01578
G1 X115.231 Y172.33 E.01562
G1 X115.024 Y172.701 E.01585
G1 X114.693 Y172.963 E.01575
G1 X114.286 Y173.078 E.01578
G1 X113.87 Y173.031 E.01562
G1 X113.499 Y172.824 E.01585
G1 X113.237 Y172.494 E.01572
G1 X113.122 Y172.088 E.01575
G1 X113.143 Y171.754 E.01249
G1 X113.34 Y171.339 E.01714
M204 S10000
G1 X113.244 Y170.923 F30000
G1 X113.577 Y170.332
;TYPE:Internal infill
;WIDTH:0.45
G1 F8477.366
G1 X113.349 Y170.407 E.00969
G1 X113.16 Y170.533 E.00917
G1 X112.804 Y170.855 E.01938
G1 X112.678 Y171.043 E.00914
G1 X112.456 Y171.527 E.0215
G1 X112.427 Y171.701 E.00712
G1 X112.406 Y172.195 E.01996
G1 X111.281 Y171.07 E.06423
G1 X111.235 Y171.205 E.00576
G1 X111.156 Y171.599 E.01622
G1 X111.13 Y172 E.01622
G1 X111.156 Y172.401 E.01622
G1 X111.235 Y172.795 E.01622
G1 X111.363 Y173.175 E.01619
G1 X111.541 Y173.534 E.01618
G1 X111.765 Y173.868 E.01624
G1 X112.03 Y174.17 E.01622
G1 X112.332 Y174.435 E.01622
G1 X112.765 Y174.708 E.02067
G1 X113.729 Y173.744 E.05504
G1 X113.989 Y173.778 E.01059
G1 X115.13 Y174.919 E.06514
G1 X115.375 Y174.837 E.01043
G1 X115.734 Y174.659 E.01618
G1 X116.068 Y174.435 E.01624
G1 X116.37 Y174.17 E.01622
G1 X116.635 Y173.868 E.01622
G1 X116.859 Y173.534 E.01624
G1 X117.037 Y173.175 E.01618
G1 X117.165 Y172.795 E.01619
G1 X117.244 Y172.401 E.01622
G1 X117.27 Y172 E.01622
G1 X117.244 Y171.599 E.01622
G1 X117.165 Y171.205 E.01622
G1 X117.037 Y170.825 E.01619
G1 X116.908 Y170.565 E.01172
G1 X115.932 Y171.542 E.05575
G1 X115.997 Y171.821 E.01157
G1 X115.974 Y172.296 E.0192
G1 X115.945 Y172.467 E.007
G1 X115.885 Y172.628 E.00694
G1 X115.634 Y173.1 E.02158
G1 X115.244 Y173.464 E.02154
G1 X115.077 Y173.576 E.00812
;WIPE_START
G1 F24000
G1 X115.244 Y173.464 E-.01433
G1 X115.634 Y173.1 E-.03801
G1 X115.885 Y172.628 E-.03809
G1 X115.945 Y172.467 E-.01224
G1 X115.974 Y172.296 E-.01236
G1 X115.997 Y171.821 E-.03388
G1 X115.932 Y171.542 E-.02041
G1 X116.908 Y170.565 E-.09839
G1 X117.037 Y170.825 E-.02068
G1 X117.165 Y171.205 E-.02857
G1 X117.244 Y171.599 E-.02863
G1 X117.27 Y172 E-.02863
G1 X117.244 Y172.401 E-.02863
G1 X117.165 Y172.795 E-.02863
G1 X117.037 Y173.175 E-.02857
G1 X116.859 Y173.534 E-.02855
G1 X116.635 Y173.868 E-.02865
G1 X116.37 Y174.17 E-.02863
G1 X116.068 Y174.435 E-.02863
G1 X115.734 Y174.659 E-.02865
G1 X115.375 Y174.837 E-.02855
G1 X115.13 Y174.919 E-.01841
G1 X113.989 Y173.778 E-.11497
G1 X113.729 Y173.744 E-.01868
G1 X112.765 Y174.708 E-.09714
G1 X112.332 Y174.435 E-.03647
G1 X112.03 Y174.17 E-.02863
G1 X111.765 Y173.868 E-.02863
G1 X111.567 Y173.572 E-.02536
;WIPE_END
G1 Z3.1 F600
G1 X163.447 Y169.566 F30000
G1 Z2.7 F600
G1 E1 F1800
M204 S5000
;TYPE:Perimeter
;WIDTH:0.449999
G1 F3000
G1 X163.678 Y169.339 E.01308
G1 X164.044 Y169.084 E.01801
G1 X164.496 Y168.851 E.02053
G1 X164.981 Y168.696 E.02056
M73 P92 R1
G1 X165.562 Y168.608 E.02372
G1 X166.181 Y168.617 E.02499
G1 X166.682 Y168.708 E.02056
G1 X167.162 Y168.88 E.02059
G1 X167.821 Y169.262 E.03075
G1 X168.209 Y169.591 E.02054
G1 X168.547 Y169.992 E.02117
G1 X168.822 Y170.44 E.02122
G1 X169.071 Y171.058 E.0269
G1 X169.178 Y171.555 E.02052
G1 X169.203 Y172.063 E.02053
G1 X169.183 Y172.381 E.01286
G1 X169.104 Y172.82 E.01801
G1 X168.949 Y173.304 E.02052
G1 X168.705 Y173.773 E.02134
G1 X168.394 Y174.198 E.02126
G1 X167.922 Y174.661 E.02669
G1 X167.556 Y174.916 E.01801
G1 X167.104 Y175.149 E.02053
G1 X166.605 Y175.307 E.02113
G1 X166.082 Y175.389 E.02137
G1 X165.419 Y175.383 E.02677
G1 X164.98 Y175.304 E.01801
G1 X164.496 Y175.149 E.02052
G1 X164.027 Y174.905 E.02134
G1 X163.602 Y174.594 E.02126
G1 X163.139 Y174.122 E.02669
G1 X162.884 Y173.756 E.01801
G1 X162.651 Y173.304 E.02053
G1 X162.493 Y172.803 E.02121
G1 X162.411 Y172.281 E.02133
G1 X162.417 Y171.619 E.02673
G1 X162.496 Y171.18 E.01801
G1 X162.651 Y170.696 E.02052
G1 X162.896 Y170.227 E.02136
G1 X163.206 Y169.802 E.02124
G1 X163.404 Y169.608 E.01119
M204 S10000
G1 X163.169 Y169.282 F30000
M204 S3000
;TYPE:External perimeter
;WIDTH:0.419999
G1 F3000
G1 X163.748 Y168.824 E.02755
G1 X164.269 Y168.538 E.02218
G1 X164.819 Y168.339 E.02183
G1 X165.394 Y168.237 E.02179
G1 X165.937 Y168.219 E.02027
G1 X166.595 Y168.302 E.02475
G1 X167.15 Y168.464 E.02157
G1 X167.615 Y168.679 E.01912
G1 X168.107 Y168.994 E.0218
G1 X168.537 Y169.387 E.02174
G1 X168.976 Y169.947 E.02655
G1 X169.253 Y170.452 E.02149
G1 X169.432 Y170.936 E.01926
G1 X169.557 Y171.505 E.02174
G1 X169.584 Y172.088 E.02178
G1 X169.498 Y172.794 E.02654
G1 X169.336 Y173.349 E.02157
G1 X169.121 Y173.815 E.01915
G1 X168.806 Y174.307 E.0218
G1 X168.413 Y174.737 E.02174
G1 X167.853 Y175.176 E.02655
G1 X167.348 Y175.453 E.02149
G1 X166.864 Y175.632 E.01926
G1 X166.295 Y175.757 E.02174
G1 X165.712 Y175.784 E.02178
G1 X165.005 Y175.698 E.02658
G1 X164.451 Y175.536 E.02154
G1 X163.985 Y175.321 E.01915
G1 X163.493 Y175.006 E.0218
G1 X163.063 Y174.613 E.02174
G1 X162.624 Y174.053 E.02655
G1 X162.347 Y173.548 E.02149
G1 X162.168 Y173.064 E.01926
G1 X162.043 Y172.495 E.02174
G1 X162.016 Y171.912 E.02178
G1 X162.102 Y171.205 E.02658
G1 X162.264 Y170.65 E.02157
G1 X162.479 Y170.185 E.01912
G1 X162.794 Y169.693 E.0218
G1 X163.129 Y169.327 E.01851
M204 S10000
G1 X163.552 Y169.398 F30000
G1 X165.158 Y170.703
M204 S5000
;TYPE:Perimeter
;WIDTH:0.449999
G1 F3000
G1 X165.558 Y170.561 E.01714
G1 X165.77 Y170.538 E.00861
G1 X166.215 Y170.591 E.01809
G1 X166.664 Y170.813 E.02022
G1 X167.052 Y171.234 E.02311
G1 X167.25 Y171.77 E.02307
G1 X167.228 Y172.343 E.02315
G1 X167.024 Y172.801 E.02024
G1 X166.876 Y172.987 E.0096
G1 X166.503 Y173.289 E.01938
G1 X165.993 Y173.456 E.02167
G1 X165.457 Y173.428 E.02167
G1 X164.999 Y173.224 E.02024
G1 X164.813 Y173.076 E.0096
G1 X164.511 Y172.703 E.01938
G1 X164.349 Y172.229 E.02022
G1 X164.363 Y171.73 E.02015
G1 X164.427 Y171.502 E.00956
G1 X164.658 Y171.077 E.01953
G1 X165.034 Y170.747 E.0202
G1 X165.102 Y170.723 E.00291
M204 S10000
G1 X165.324 Y171.033 F30000
M204 S3000
;TYPE:External perimeter
;WIDTH:0.419999
G1 F3000
G1 X165.739 Y170.918 E.01607
G1 X166.129 Y170.969 E.01468
G1 X166.501 Y171.176 E.01589
G1 X166.763 Y171.507 E.01575
G1 X166.878 Y171.914 E.01578
G1 X166.831 Y172.33 E.01562
G1 X166.624 Y172.701 E.01585
G1 X166.293 Y172.963 E.01575
G1 X165.886 Y173.078 E.01578
G1 X165.47 Y173.031 E.01562
G1 X165.099 Y172.824 E.01585
G1 X164.837 Y172.494 E.01572
G1 X164.722 Y172.088 E.01575
G1 X164.743 Y171.754 E.01249
G1 X164.945 Y171.329 E.01756
G1 X165.271 Y171.06 E.01577
M204 S10000
G1 X165.342 Y170.634 F30000
G1 X165.828 Y170.21
;TYPE:Internal infill
;WIDTH:0.45
G1 F8477.366
G1 X165.666 Y170.2 E.00655
G1 X165.465 Y170.237 E.00825
G1 X164.949 Y170.407 E.02193
G1 X164.76 Y170.533 E.00917
G1 X164.404 Y170.855 E.01938
G1 X164.277 Y171.044 E.00919
G1 X164.055 Y171.529 E.02153
G1 X163.092 Y170.565 E.05501
G1 X162.963 Y170.825 E.01172
G1 X162.835 Y171.205 E.01619
G1 X162.756 Y171.599 E.01622
G1 X162.73 Y172 E.01622
G1 X162.756 Y172.401 E.01622
G1 X162.835 Y172.795 E.01622
G1 X162.963 Y173.175 E.01619
G1 X163.141 Y173.534 E.01618
G1 X163.365 Y173.868 E.01624
G1 X163.63 Y174.17 E.01622
G1 X163.932 Y174.435 E.01622
G1 X164.266 Y174.659 E.01624
G1 X164.625 Y174.837 E.01618
G1 X164.87 Y174.919 E.01043
G1 X165.995 Y173.794 E.06423
G1 X166.258 Y173.732 E.01091
G1 X167.235 Y174.708 E.05575
G1 X167.668 Y174.435 E.02067
G1 X167.97 Y174.17 E.01622
G1 X168.235 Y173.868 E.01622
G1 X168.459 Y173.534 E.01624
G1 X168.637 Y173.175 E.01618
G1 X168.765 Y172.795 E.01619
G1 X168.844 Y172.401 E.01622
G1 X168.87 Y172 E.01622
G1 X168.844 Y171.599 E.01622
G1 X168.765 Y171.205 E.01622
G1 X168.719 Y171.07 E.00576
G1 X167.578 Y172.211 E.06514
G1 X167.597 Y171.821 E.01576
G1 X167.552 Y171.597 E.00922
G1 X167.368 Y171.101 E.02136
G1 X167.264 Y170.957 E.00717
G1 X166.945 Y170.604 E.01921
G1 X166.757 Y170.478 E.00914
G1 X166.441 Y170.327 E.01414
;LAYER_CHANGE
;Z:2.95
;HEIGHT:0.25
G92 E0
;WIPE_START
G1 F24000
G1 X166.757 Y170.478 E-.02495
G1 X166.945 Y170.604 E-.01613
G1 X167.264 Y170.957 E-.0339
G1 X167.368 Y171.101 E-.01266
G1 X167.552 Y171.597 E-.03769
G1 X167.597 Y171.821 E-.01628
G1 X167.578 Y172.211 E-.02782
G1 X168.719 Y171.07 E-.11497
G1 X168.765 Y171.205 E-.01016
G1 X168.844 Y171.599 E-.02863
G1 X168.87 Y172 E-.02863
G1 X168.844 Y172.401 E-.02863
G1 X168.765 Y172.795 E-.02863
G1 X168.637 Y173.175 E-.02857
G1 X168.459 Y173.534 E-.02855
G1 X168.235 Y173.868 E-.02865
G1 X167.97 Y174.17 E-.02863
G1 X167.668 Y174.435 E-.02863
G1 X167.235 Y174.708 E-.03647
G1 X166.258 Y173.732 E-.09839
G1 X165.995 Y173.794 E-.01925
G1 X164.87 Y174.919 E-.11336
G1 X164.625 Y174.837 E-.01841
G1 X164.266 Y174.659 E-.02855
G1 X163.932 Y174.435 E-.02865
G1 X163.63 Y174.17 E-.02863
G1 X163.365 Y173.868 E-.02863
G1 X163.141 Y173.534 E-.02865
G1 X163.023 Y173.296 E-.0189
;WIPE_END
G1 Z3.1 F600
G1 X162.414 Y107.949 F30000
G1 Z2.95 F600
G1 E1 F1800
M204 S5000
;TYPE:Perimeter
;WIDTH:0.449999
G1 F3000
G1 X162.417 Y107.619 E.01332
G1 X162.496 Y107.18 E.01801
G1 X162.651 Y106.696 E.02052
G1 X162.896 Y106.227 E.02136
G1 X163.206 Y105.802 E.02124
G1 X163.678 Y105.339 E.02669
G1 X164.044 Y105.084 E.01801
G1 X164.496 Y104.851 E.02053
G1 X164.981 Y104.696 E.02056
G1 X165.554 Y104.609 E.0234
G1 X166.181 Y104.617 E.02532
G1 X166.682 Y104.708 E.02056
G1 X167.162 Y104.88 E.02059
G1 X167.821 Y105.262 E.03075
G1 X168.209 Y105.591 E.02054
G1 X168.547 Y105.992 E.02117
G1 X168.822 Y106.44 E.02122
G1 X169.071 Y107.058 E.0269
G1 X169.178 Y107.555 E.02052
G1 X169.203 Y108.063 E.02053
G1 X169.183 Y108.381 E.01286
G1 X169.104 Y108.82 E.01801
G1 X168.949 Y109.304 E.02052
G1 X168.705 Y109.773 E.02134
G1 X168.394 Y110.198 E.02126
G1 X167.922 Y110.661 E.02669
G1 X167.556 Y110.916 E.01801
G1 X167.104 Y111.149 E.02053
G1 X166.603 Y111.307 E.02121
G1 X166.081 Y111.389 E.02133
G1 X165.419 Y111.383 E.02673
G1 X164.98 Y111.304 E.01801
G1 X164.496 Y111.149 E.02052
G1 X164.027 Y110.904 E.02136
G1 X163.602 Y110.594 E.02124
G1 X163.139 Y110.122 E.02669
G1 X162.884 Y109.756 E.01801
G1 X162.651 Y109.304 E.02053
G1 X162.493 Y108.803 E.02121
G1 X162.411 Y108.281 E.02133
G1 X162.414 Y108.009 E.01098
M204 S10000
G1 X162.018 Y107.945 F30000
M204 S3000
;TYPE:External perimeter
;WIDTH:0.419999
G1 F3000
G1 X162.102 Y107.205 E.02779
G1 X162.264 Y106.65 E.02157
G1 X162.479 Y106.185 E.01912
G1 X162.794 Y105.693 E.0218
G1 X163.187 Y105.263 E.02174
G1 X163.748 Y104.824 E.02658
G1 X164.269 Y104.538 E.02218
G1 X164.819 Y104.339 E.02183
G1 X165.394 Y104.237 E.02179
G1 X165.926 Y104.219 E.01986
G1 X166.595 Y104.302 E.02516
G1 X167.15 Y104.464 E.02157
G1 X167.615 Y104.679 E.01912
G1 X168.107 Y104.994 E.0218
G1 X168.537 Y105.387 E.02174
G1 X168.976 Y105.947 E.02655
G1 X169.253 Y106.452 E.02149
G1 X169.432 Y106.936 E.01926
G1 X169.557 Y107.505 E.02174
G1 X169.584 Y108.088 E.02178
G1 X169.498 Y108.794 E.02654
G1 X169.336 Y109.349 E.02157
G1 X169.121 Y109.815 E.01915
G1 X168.806 Y110.307 E.0218
G1 X168.413 Y110.737 E.02174
G1 X167.853 Y111.176 E.02655
G1 X167.348 Y111.453 E.02149
G1 X166.864 Y111.632 E.01926
G1 X166.295 Y111.757 E.02174
G1 X165.712 Y111.784 E.02178
G1 X165.005 Y111.698 E.02658
G1 X164.45 Y111.536 E.02157
G1 X163.985 Y111.321 E.01912
G1 X163.493 Y111.006 E.0218
G1 X163.063 Y110.613 E.02174
G1 X162.624 Y110.053 E.02655
G1 X162.347 Y109.548 E.02149
G1 X162.168 Y109.064 E.01926
G1 X162.043 Y108.495 E.02174
G1 X162.02 Y108.005 E.0183
M204 S10000
G1 X162.37 Y107.756 F30000
G1 X165.693 Y106.546
M204 S5000
;TYPE:Perimeter
;WIDTH:0.449999
G1 F3000
G1 X165.761 Y106.538 E.00276
G1 X166.215 Y106.591 E.01845
G1 X166.664 Y106.813 E.02022
G1 X167.052 Y107.234 E.02311
G1 X167.25 Y107.77 E.02307
G1 X167.228 Y108.343 E.02315
G1 X167.024 Y108.801 E.02024
G1 X166.876 Y108.987 E.0096
G1 X166.503 Y109.289 E.01938
G1 X166.029 Y109.451 E.02022
G1 X165.456 Y109.428 E.02315
G1 X164.999 Y109.223 E.02022
G1 X164.813 Y109.076 E.00957
G1 X164.511 Y108.703 E.01938
G1 X164.349 Y108.229 E.02022
G1 X164.363 Y107.73 E.02015
G1 X164.427 Y107.502 E.00956
G1 X164.658 Y107.077 E.01953
G1 X165.034 Y106.747 E.0202
G1 X165.548 Y106.562 E.02205
G1 X165.634 Y106.552 E.0035
M204 S10000
G1 X165.686 Y106.931 F30000
M204 S3000
;TYPE:External perimeter
;WIDTH:0.419999
G1 F3000
G1 X165.731 Y106.918 E.00175
G1 X166.129 Y106.969 E.01497
G1 X166.501 Y107.176 E.01589
G1 X166.763 Y107.507 E.01575
G1 X166.878 Y107.914 E.01578
G1 X166.831 Y108.33 E.01562
G1 X166.624 Y108.701 E.01585
G1 X166.294 Y108.963 E.01572
G1 X165.888 Y109.078 E.01575
G1 X165.471 Y109.031 E.01566
G1 X165.099 Y108.824 E.01589
G1 X164.837 Y108.494 E.01572
G1 X164.722 Y108.088 E.01575
G1 X164.743 Y107.754 E.01249
G1 X164.945 Y107.329 E.01756
G1 X165.293 Y107.041 E.01686
G1 X165.628 Y106.947 E.01298
M204 S10000
G1 X165.694 Y106.885 F30000
G1 X164.923 Y106.423
;TYPE:Internal infill
;WIDTH:0.45
G1 F8477.366
G1 X164.757 Y106.536 E.00811
G1 X164.366 Y106.9 E.02157
G1 X164.116 Y107.371 E.02153
G1 X164.055 Y107.532 E.00695
G1 X164.027 Y107.703 E.007
G1 X164.008 Y108.232 E.02137
G1 X164.068 Y108.458 E.00944
G1 X163.092 Y109.435 E.05575
G1 X162.963 Y109.175 E.01172
G1 X162.835 Y108.795 E.01619
G1 X162.756 Y108.401 E.01622
G1 X162.73 Y108 E.01622
G1 X162.756 Y107.599 E.01622
G1 X162.835 Y107.205 E.01622
G1 X162.963 Y106.825 E.01619
G1 X163.141 Y106.466 E.01618
G1 X163.365 Y106.132 E.01624
G1 X163.63 Y105.83 E.01622
G1 X163.932 Y105.565 E.01622
G1 X164.266 Y105.341 E.01624
G1 X164.625 Y105.163 E.01618
G1 X164.87 Y105.081 E.01043
G1 X166.021 Y106.232 E.06572
G1 X166.271 Y106.256 E.01014
G1 X167.235 Y105.292 E.05504
G1 X167.668 Y105.565 E.02067
G1 X167.97 Y105.83 E.01622
G1 X168.235 Y106.132 E.01622
G1 X168.459 Y106.466 E.01624
G1 X168.637 Y106.825 E.01618
G1 X168.765 Y107.205 E.01619
G1 X168.844 Y107.599 E.01622
G1 X168.87 Y108 E.01622
G1 X168.844 Y108.401 E.01622
G1 X168.765 Y108.795 E.01622
G1 X168.719 Y108.93 E.00576
G1 X167.591 Y107.802 E.0644
G1 X167.574 Y108.295 E.01992
G1 X167.545 Y108.467 E.00704
G1 X167.485 Y108.628 E.00694
G1 X167.234 Y109.1 E.02158
G1 X166.844 Y109.464 E.02154
G1 X166.699 Y109.568 E.0072
G1 X166.425 Y109.67 E.0118
;WIPE_START
G1 F24000
G1 X166.699 Y109.568 E-.02083
G1 X166.844 Y109.464 E-.01271
G1 X167.234 Y109.1 E-.03801
G1 X167.485 Y108.628 E-.03809
G1 X167.545 Y108.467 E-.01224
G1 X167.574 Y108.295 E-.01243
G1 X167.591 Y107.802 E-.03515
G1 X168.719 Y108.93 E-.11366
G1 X168.765 Y108.795 E-.01016
G1 X168.844 Y108.401 E-.02863
G1 X168.87 Y108 E-.02863
G1 X168.844 Y107.599 E-.02863
G1 X168.765 Y107.205 E-.02863
G1 X168.637 Y106.825 E-.02857
G1 X168.459 Y106.466 E-.02855
G1 X168.235 Y106.132 E-.02865
G1 X167.97 Y105.83 E-.02863
G1 X167.668 Y105.565 E-.02863
G1 X167.235 Y105.292 E-.03647
G1 X166.271 Y106.256 E-.09714
G1 X166.021 Y106.232 E-.01789
G1 X164.87 Y105.081 E-.11598
G1 X164.625 Y105.163 E-.01841
G1 X164.266 Y105.341 E-.02855
G1 X163.932 Y105.565 E-.02865
G1 X163.63 Y105.83 E-.02863
G1 X163.365 Y106.132 E-.02863
G1 X163.141 Y106.466 E-.02865
G1 X163.015 Y106.72 E-.02017
;WIPE_END
G1 Z3.35 F600
G1 X116.662 Y110.348 F30000
G1 Z2.95 F600
G1 E1 F1800
M204 S5000
;TYPE:Perimeter
;WIDTH:0.449999
G1 F3000
G1 X116.274 Y110.703 E.02123
G1 X115.835 Y110.985 E.02106
G1 X115.348 Y111.202 E.02152
G1 X114.708 Y111.366 E.02667
G1 X114.263 Y111.403 E.01803
G1 X113.755 Y111.378 E.02053
G1 X113.244 Y111.266 E.02112
G1 X112.746 Y111.074 E.02155
G1 X112.179 Y110.739 E.02659
G1 X111.838 Y110.451 E.01802
G1 X111.497 Y110.074 E.02052
G1 X111.215 Y109.634 E.0211
G1 X110.998 Y109.147 E.02152
G1 X110.834 Y108.508 E.02663
G1 X110.797 Y108.063 E.01803
G1 X110.822 Y107.555 E.02053
G1 X110.933 Y107.046 E.02103
G1 X111.125 Y106.547 E.02159
G1 X111.461 Y105.979 E.02664
G1 X111.749 Y105.638 E.01802
G1 X112.126 Y105.297 E.02052
G1 X112.565 Y105.015 E.02106
G1 X113.052 Y104.798 E.02152
G1 X113.653 Y104.642 E.02507
G1 X114.137 Y104.597 E.01962
G1 X114.645 Y104.622 E.02053
G1 X115.142 Y104.729 E.02052
G1 X115.653 Y104.925 E.0221
G1 X116.221 Y105.261 E.02664
G1 X116.609 Y105.591 E.02056
G1 X116.939 Y105.979 E.02056
G1 X117.275 Y106.546 E.02661
G1 X117.471 Y107.058 E.02213
G1 X117.578 Y107.555 E.02052
G1 X117.603 Y108.063 E.02053
G1 X117.578 Y108.445 E.01546
G1 X117.465 Y108.96 E.02129
G1 X117.274 Y109.454 E.02138
G1 X116.939 Y110.021 E.02659
G1 X116.701 Y110.302 E.01487
M204 S10000
G1 X116.952 Y110.593 F30000
M204 S3000
;TYPE:External perimeter
;WIDTH:0.419999
G1 F3000
G1 X116.879 Y110.679 E.00421
G1 X116.433 Y111.055 E.02177
G1 X115.823 Y111.416 E.02645
G1 X115.278 Y111.628 E.02182
G1 X114.782 Y111.74 E.01897
G1 X114.2 Y111.79 E.0218
G1 X113.618 Y111.74 E.0218
G1 X112.93 Y111.563 E.02651
G1 X112.396 Y111.326 E.0218
G1 X111.967 Y111.055 E.01894
G1 X111.521 Y110.679 E.02177
G1 X111.145 Y110.233 E.02177
G1 X110.783 Y109.622 E.0265
G1 X110.571 Y109.075 E.02189
G1 X110.46 Y108.582 E.01886
G1 X110.41 Y108 E.0218
G1 X110.46 Y107.418 E.0218
G1 X110.637 Y106.731 E.02647
G1 X110.873 Y106.197 E.02179
G1 X111.145 Y105.767 E.01899
G1 X111.521 Y105.321 E.02177
G1 X111.967 Y104.945 E.02177
G1 X112.577 Y104.584 E.02645
G1 X113.098 Y104.381 E.02087
G1 X113.618 Y104.26 E.01992
G1 X114.2 Y104.21 E.0218
G1 X114.782 Y104.26 E.0218
G1 X115.469 Y104.437 E.02647
G1 X116.003 Y104.673 E.02179
G1 X116.433 Y104.945 E.01899
G1 X116.879 Y105.321 E.02177
G1 X117.255 Y105.767 E.02177
G1 X117.616 Y106.377 E.02645
G1 X117.832 Y106.936 E.02236
G1 X117.957 Y107.505 E.02174
G1 X117.984 Y108.088 E.02178
G1 X117.94 Y108.582 E.01851
G1 X117.763 Y109.27 E.02651
G1 X117.526 Y109.804 E.0218
G1 X117.255 Y110.233 E.01894
G1 X116.991 Y110.547 E.01531
M204 S10000
G1 X116.84 Y110.576 F30000
;WIPE_START
G1 F24000
G1 X116.879 Y110.679 E-.01233
G1 X116.433 Y111.055 E-.04156
G1 X115.823 Y111.416 E-.0505
G1 X115.278 Y111.628 E-.04167
G1 X114.782 Y111.74 E-.03623
G1 X114.2 Y111.79 E-.04162
G1 X113.618 Y111.74 E-.04162
G1 X112.93 Y111.563 E-.05062
G1 X112.396 Y111.326 E-.04163
G1 X111.967 Y111.055 E-.03615
G1 X111.521 Y110.679 E-.04156
G1 X111.145 Y110.233 E-.04156
G1 X110.783 Y109.622 E-.0506
G1 X110.571 Y109.075 E-.0418
G1 X110.46 Y108.582 E-.03601
G1 X110.41 Y108 E-.04162
G1 X110.46 Y107.418 E-.04162
G1 X110.637 Y106.731 E-.05055
G1 X110.873 Y106.197 E-.0416
G1 X111.145 Y105.767 E-.03625
G1 X111.521 Y105.321 E-.04156
G1 X111.967 Y104.945 E-.04156
G1 X112.577 Y104.584 E-.0505
G1 X113.098 Y104.381 E-.03984
G1 X113.227 Y104.351 E-.00944
;WIPE_END
G1 Z3.35 F600
G1 X114.236 Y106.55 F30000
G1 Z2.95 F600
G1 E1 F1800
M204 S5000
;TYPE:Perimeter
;WIDTH:0.449999
G1 F3000
G1 X114.642 Y106.608 E.01656
G1 X114.871 Y106.703 E.01001
G1 X115.263 Y106.988 E.01957
G1 X115.557 Y107.438 E.0217
G1 X115.668 Y107.963 E.02166
G1 X115.571 Y108.527 E.0231
G1 X115.308 Y108.954 E.02025
G1 X115.136 Y109.12 E.00965
G1 X114.727 Y109.371 E.01937
G1 X114.237 Y109.467 E.02016
G1 X113.673 Y109.371 E.0231
G1 X113.246 Y109.108 E.02025
G1 X113.08 Y108.936 E.00965
G1 X112.895 Y108.66 E.01341
G1 X112.808 Y108.442 E.00948
G1 X112.733 Y107.963 E.01957
G1 X112.842 Y107.438 E.02165
G1 X113.137 Y106.988 E.02172
G1 X113.603 Y106.658 E.02305
G1 X114.128 Y106.534 E.02178
G1 X114.177 Y106.541 E.002
M204 S10000
G1 X114.202 Y106.918 F30000
M204 S3000
;TYPE:External perimeter
;WIDTH:0.419999
G1 F3000
G1 X114.659 Y107.019 E.01746
G1 X115.003 Y107.277 E.01605
G1 X115.219 Y107.636 E.01563
G1 X115.281 Y108.052 E.01569
G1 X115.181 Y108.459 E.01564
G1 X114.923 Y108.803 E.01605
G1 X114.568 Y109.018 E.01549
G1 X114.144 Y109.08 E.01599
G1 X113.741 Y108.981 E.01549
G1 X113.397 Y108.724 E.01602
G1 X113.212 Y108.448 E.0124
G1 X113.113 Y107.988 E.01756
G1 X113.219 Y107.541 E.01714
G1 X113.477 Y107.197 E.01605
G1 X113.855 Y106.977 E.01632
G1 X114.143 Y106.926 E.01091
M204 S10000
G1 X114.41 Y106.576 F30000
;WIPE_START
G1 F24000
G1 X114.659 Y107.019 E-.03736
G1 X115.003 Y107.277 E-.03064
G1 X115.219 Y107.636 E-.02985
G1 X115.281 Y108.052 E-.02997
G1 X115.181 Y108.459 E-.02986
G1 X114.923 Y108.803 E-.03064
G1 X114.568 Y109.018 E-.02957
G1 X114.144 Y109.08 E-.03053
G1 X113.741 Y108.981 E-.02957
G1 X113.397 Y108.724 E-.03059
G1 X113.212 Y108.448 E-.02367
G1 X113.113 Y107.988 E-.03353
G1 X113.219 Y107.541 E-.03273
G1 X113.477 Y107.197 E-.03064
G1 X113.855 Y106.977 E-.03116
G1 X114.143 Y106.926 E-.02084
;WIPE_END
G1 E-.51885 F1800
G1 Z3.35 F600
G1 X113.556 Y109.681 F30000
G1 Z2.95 F600
G1 E1 F1800
;TYPE:Internal infill
;WIDTH:0.45
G1 F8477.366
G1 X113.355 Y109.587 E.00896
G1 X112.922 Y109.278 E.02148
G1 X112.612 Y108.844 E.02153
G1 X112.53 Y108.691 E.00701
G1 X112.48 Y108.524 E.00704
G1 X112.395 Y108.057 E.01916
G1 X112.419 Y107.792 E.01074
G1 X111.281 Y108.93 E.06497
G1 X111.235 Y108.795 E.00576
G1 X111.156 Y108.401 E.01622
G1 X111.13 Y108 E.01622
G1 X111.156 Y107.599 E.01622
G1 X111.235 Y107.205 E.01622
G1 X111.363 Y106.825 E.01619
G1 X111.541 Y106.466 E.01618
G1 X111.765 Y106.132 E.01624
G1 X112.03 Y105.83 E.01622
G1 X112.332 Y105.565 E.01622
G1 X112.765 Y105.292 E.02067
G1 X113.741 Y106.268 E.05572
G1 X113.992 Y106.219 E.01032
G1 X115.13 Y105.081 E.06497
G1 X115.375 Y105.163 E.01043
G1 X115.734 Y105.341 E.01618
G1 X116.068 Y105.565 E.01624
G1 X116.37 Y105.83 E.01622
G1 X116.635 Y106.132 E.01622
G1 X116.859 Y106.466 E.01624
G1 X117.037 Y106.825 E.01618
G1 X117.165 Y107.205 E.01619
G1 X117.244 Y107.599 E.01622
G1 X117.27 Y108 E.01622
G1 X117.244 Y108.401 E.01622
G1 X117.165 Y108.795 E.01622
G1 X117.037 Y109.175 E.01619
G1 X116.908 Y109.435 E.01172
G1 X115.926 Y108.452 E.0561
G1 X115.872 Y108.687 E.00973
G1 X115.787 Y108.845 E.00724
G1 X115.478 Y109.278 E.02148
G1 X115.045 Y109.587 E.02148
G1 X114.891 Y109.669 E.00704
G1 X114.726 Y109.719 E.00696
G1 X114.258 Y109.805 E.01921
G1 X114.187 Y109.8 E.00287
;WIPE_START
G1 F24000
G1 X114.258 Y109.805 E-.00507
G1 X114.726 Y109.719 E-.0339
G1 X114.891 Y109.669 E-.01228
G1 X115.045 Y109.587 E-.01243
G1 X115.478 Y109.278 E-.0379
G1 X115.787 Y108.845 E-.0379
G1 X115.872 Y108.687 E-.01278
G1 X115.926 Y108.452 E-.01718
G1 X116.908 Y109.435 E-.099
G1 X117.037 Y109.175 E-.02068
G1 X117.165 Y108.795 E-.02857
G1 X117.244 Y108.401 E-.02863
G1 X117.27 Y108 E-.02863
G1 X117.244 Y107.599 E-.02863
G1 X117.165 Y107.205 E-.02863
G1 X117.037 Y106.825 E-.02857
G1 X116.859 Y106.466 E-.02855
G1 X116.635 Y106.132 E-.02865
G1 X116.37 Y105.83 E-.02863
G1 X116.068 Y105.565 E-.02863
G1 X115.734 Y105.341 E-.02865
G1 X115.375 Y105.163 E-.02855
G1 X115.13 Y105.081 E-.01841
G1 X113.992 Y106.219 E-.11467
G1 X113.741 Y106.268 E-.01822
G1 X112.765 Y105.292 E-.09834
G1 X112.332 Y105.565 E-.03647
G1 X112.03 Y105.83 E-.02863
G1 X111.765 Y106.132 E-.02863
G1 X111.576 Y106.414 E-.02419
;WIPE_END
G1 Z3.35 F600
G1 X117.281 Y170.587 F30000
G1 Z2.95 F600
G1 E1 F1800
M204 S5000
;TYPE:Perimeter
;WIDTH:0.449999
G1 F3000
G1 X117.471 Y171.058 E.0205
G1 X117.578 Y171.555 E.02052
G1 X117.603 Y172.063 E.02053
G1 X117.583 Y172.381 E.01286
G1 X117.504 Y172.82 E.01801
G1 X117.349 Y173.304 E.02052
G1 X117.105 Y173.773 E.02134
G1 X116.794 Y174.198 E.02126
G1 X116.322 Y174.661 E.02669
G1 X115.956 Y174.916 E.01801
G1 X115.504 Y175.149 E.02053
G1 X115.005 Y175.307 E.02113
G1 X114.482 Y175.389 E.02137
G1 X113.819 Y175.383 E.02677
G1 X113.38 Y175.304 E.01801
G1 X112.896 Y175.149 E.02052
G1 X112.427 Y174.905 E.02134
G1 X112.002 Y174.594 E.02126
G1 X111.539 Y174.122 E.02669
G1 X111.284 Y173.756 E.01801
G1 X111.051 Y173.304 E.02053
G1 X110.893 Y172.803 E.02121
G1 X110.811 Y172.281 E.02133
G1 X110.817 Y171.619 E.02673
G1 X110.896 Y171.18 E.01801
G1 X111.051 Y170.696 E.02052
G1 X111.296 Y170.226 E.0214
G1 X111.606 Y169.802 E.0212
G1 X112.078 Y169.339 E.02669
G1 X112.444 Y169.084 E.01801
G1 X112.896 Y168.851 E.02053
G1 X113.381 Y168.696 E.02056
G1 X113.954 Y168.609 E.0234
G1 X114.581 Y168.617 E.02532
G1 X115.082 Y168.708 E.02056
G1 X115.562 Y168.88 E.02059
G1 X116.221 Y169.262 E.03075
G1 X116.609 Y169.591 E.02054
G1 X116.947 Y169.992 E.02117
G1 X117.222 Y170.44 E.02122
G1 X117.259 Y170.531 E.00397
M204 S10000
G1 X117.646 Y170.439 F30000
M204 S3000
;TYPE:External perimeter
;WIDTH:0.419999
G1 F3000
G1 X117.832 Y170.936 E.0198
G1 X117.957 Y171.505 E.02174
G1 X117.984 Y172.088 E.02178
G1 X117.898 Y172.795 E.02658
G1 X117.736 Y173.349 E.02154
G1 X117.521 Y173.815 E.01915
G1 X117.206 Y174.307 E.0218
G1 X116.813 Y174.737 E.02174
G1 X116.253 Y175.176 E.02655
G1 X115.748 Y175.453 E.02149
G1 X115.264 Y175.632 E.01926
G1 X114.695 Y175.757 E.02174
G1 X114.112 Y175.784 E.02178
G1 X113.405 Y175.698 E.02658
G1 X112.851 Y175.536 E.02154
G1 X112.385 Y175.321 E.01915
G1 X111.893 Y175.006 E.0218
G1 X111.463 Y174.613 E.02174
G1 X111.024 Y174.053 E.02655
G1 X110.747 Y173.548 E.02149
G1 X110.568 Y173.064 E.01926
G1 X110.443 Y172.495 E.02174
G1 X110.416 Y171.912 E.02178
G1 X110.503 Y171.204 E.02662
G1 X110.665 Y170.649 E.02157
G1 X110.879 Y170.185 E.01907
G1 X111.194 Y169.693 E.0218
G1 X111.587 Y169.263 E.02174
G1 X112.148 Y168.824 E.02658
G1 X112.669 Y168.538 E.02218
G1 X113.219 Y168.339 E.02183
G1 X113.794 Y168.237 E.02179
G1 X114.325 Y168.219 E.01983
G1 X114.995 Y168.302 E.02519
G1 X115.55 Y168.464 E.02157
G1 X116.015 Y168.679 E.01912
G1 X116.507 Y168.994 E.0218
G1 X116.937 Y169.387 E.02174
G1 X117.376 Y169.947 E.02655
G1 X117.617 Y170.387 E.01872
M204 S10000
G1 X117.417 Y170.767 F30000
G1 X113.028 Y171.134
M204 S5000
;TYPE:Perimeter
;WIDTH:0.449999
G1 F3000
G1 X113.058 Y171.077 E.0026
G1 X113.434 Y170.747 E.0202
G1 X113.948 Y170.562 E.02205
G1 X114.161 Y170.538 E.00865
G1 X114.615 Y170.591 E.01845
G1 X115.064 Y170.813 E.02022
G1 X115.452 Y171.234 E.02311
G1 X115.65 Y171.77 E.02307
G1 X115.628 Y172.343 E.02315
G1 X115.424 Y172.801 E.02024
G1 X115.276 Y172.987 E.0096
G1 X114.903 Y173.289 E.01938
G1 X114.393 Y173.456 E.02167
G1 X113.857 Y173.428 E.02167
G1 X113.399 Y173.224 E.02024
G1 X113.213 Y173.076 E.0096
G1 X112.911 Y172.703 E.01938
G1 X112.749 Y172.229 E.02022
G1 X112.763 Y171.729 E.02019
G1 X112.827 Y171.502 E.00952
G1 X112.999 Y171.186 E.01452
M204 S10000
G1 X113.369 Y171.309 F30000
M204 S3000
;TYPE:External perimeter
;WIDTH:0.419999
G1 F3000
G1 X113.694 Y171.041 E.01572
G1 X114.131 Y170.918 E.01694
G1 X114.529 Y170.969 E.01497
G1 X114.901 Y171.176 E.01589
G1 X115.163 Y171.507 E.01575
G1 X115.278 Y171.914 E.01578
G1 X115.231 Y172.33 E.01562
G1 X115.024 Y172.701 E.01585
G1 X114.693 Y172.963 E.01575
G1 X114.286 Y173.078 E.01578
G1 X113.87 Y173.031 E.01562
G1 X113.499 Y172.824 E.01585
G1 X113.237 Y172.494 E.01572
G1 X113.122 Y172.088 E.01575
G1 X113.143 Y171.754 E.01249
G1 X113.333 Y171.355 E.01649
M204 S10000
G1 X113.229 Y170.934 F30000
G1 X113.573 Y170.327
;TYPE:Internal infill
;WIDTH:0.45
G1 F8477.366
G1 X113.298 Y170.435 E.01193
G1 X113.157 Y170.536 E.007
G1 X112.766 Y170.9 E.02157
G1 X112.516 Y171.37 E.02149
G1 X112.455 Y171.532 E.00699
G1 X112.427 Y171.702 E.00696
G1 X112.409 Y172.198 E.02004
G1 X111.281 Y171.07 E.0644
G1 X111.235 Y171.205 E.00576
G1 X111.156 Y171.599 E.01622
G1 X111.13 Y172 E.01622
G1 X111.156 Y172.401 E.01622
G1 X111.235 Y172.795 E.01622
G1 X111.363 Y173.175 E.01619
G1 X111.541 Y173.534 E.01618
G1 X111.765 Y173.868 E.01624
G1 X112.03 Y174.17 E.01622
G1 X112.332 Y174.435 E.01622
G1 X112.765 Y174.708 E.02067
G1 X113.729 Y173.744 E.05504
G1 X113.988 Y173.777 E.01054
G1 X115.13 Y174.919 E.0652
G1 X115.375 Y174.837 E.01043
G1 X115.734 Y174.659 E.01618
G1 X116.068 Y174.435 E.01624
G1 X116.37 Y174.17 E.01622
G1 X116.635 Y173.868 E.01622
G1 X116.859 Y173.534 E.01624
G1 X117.037 Y173.175 E.01618
G1 X117.165 Y172.795 E.01619
G1 X117.244 Y172.401 E.01622
G1 X117.27 Y172 E.01622
G1 X117.244 Y171.599 E.01622
G1 X117.165 Y171.205 E.01622
G1 X117.037 Y170.825 E.01619
G1 X116.908 Y170.565 E.01172
G1 X115.932 Y171.542 E.05575
G1 X115.992 Y171.768 E.00944
G1 X115.974 Y172.295 E.02129
G1 X115.945 Y172.467 E.00704
G1 X115.885 Y172.628 E.00694
G1 X115.634 Y173.1 E.02158
G1 X115.244 Y173.464 E.02154
G1 X115.077 Y173.576 E.00812
;WIPE_START
G1 F24000
G1 X115.244 Y173.464 E-.01433
G1 X115.634 Y173.1 E-.03801
G1 X115.885 Y172.628 E-.03809
G1 X115.945 Y172.467 E-.01224
G1 X115.974 Y172.295 E-.01243
G1 X115.992 Y171.768 E-.03757
G1 X115.932 Y171.542 E-.01666
G1 X116.908 Y170.565 E-.09839
G1 X117.037 Y170.825 E-.02068
G1 X117.165 Y171.205 E-.02857
G1 X117.244 Y171.599 E-.02863
G1 X117.27 Y172 E-.02863
G1 X117.244 Y172.401 E-.02863
G1 X117.165 Y172.795 E-.02863
G1 X117.037 Y173.175 E-.02857
G1 X116.859 Y173.534 E-.02855
G1 X116.635 Y173.868 E-.02865
G1 X116.37 Y174.17 E-.02863
G1 X116.068 Y174.435 E-.02863
G1 X115.734 Y174.659 E-.02865
G1 X115.375 Y174.837 E-.02855
G1 X115.13 Y174.919 E-.01841
G1 X113.988 Y173.777 E-.11507
G1 X113.729 Y173.744 E-.0186
G1 X112.765 Y174.708 E-.09714
G1 X112.332 Y174.435 E-.03647
G1 X112.03 Y174.17 E-.02863
G1 X111.765 Y173.868 E-.02863
G1 X111.567 Y173.573 E-.02533
;WIPE_END
G1 Z3.35 F600
G1 X163.432 Y169.581 F30000
G1 Z2.95 F600
G1 E1 F1800
M204 S5000
;TYPE:Perimeter
;WIDTH:0.449999
G1 F3000
G1 X163.678 Y169.339 E.01393
G1 X164.044 Y169.084 E.01801
G1 X164.496 Y168.851 E.02053
G1 X164.981 Y168.696 E.02056
G1 X165.554 Y168.609 E.0234
G1 X166.181 Y168.617 E.02532
G1 X166.682 Y168.708 E.02056
G1 X167.162 Y168.88 E.02059
G1 X167.821 Y169.262 E.03075
G1 X168.209 Y169.591 E.02054
G1 X168.547 Y169.992 E.02117
G1 X168.822 Y170.44 E.02122
G1 X169.071 Y171.058 E.0269
G1 X169.178 Y171.555 E.02052
G1 X169.203 Y172.063 E.02053
G1 X169.183 Y172.381 E.01286
G1 X169.104 Y172.82 E.01801
G1 X168.949 Y173.304 E.02052
G1 X168.705 Y173.773 E.02134
G1 X168.394 Y174.198 E.02126
G1 X167.922 Y174.661 E.02669
G1 X167.556 Y174.916 E.01801
G1 X167.104 Y175.149 E.02053
G1 X166.605 Y175.307 E.02113
G1 X166.082 Y175.389 E.02137
G1 X165.419 Y175.383 E.02677
G1 X164.98 Y175.304 E.01801
G1 X164.496 Y175.149 E.02052
G1 X164.027 Y174.905 E.02134
G1 X163.602 Y174.594 E.02126
G1 X163.139 Y174.122 E.02669
G1 X162.884 Y173.756 E.01801
G1 X162.651 Y173.304 E.02053
G1 X162.493 Y172.803 E.02121
G1 X162.411 Y172.281 E.02133
G1 X162.417 Y171.619 E.02673
G1 X162.496 Y171.18 E.01801
G1 X162.651 Y170.696 E.02052
G1 X162.896 Y170.227 E.02136
G1 X163.206 Y169.802 E.02124
G1 X163.389 Y169.623 E.01033
M204 S10000
G1 X163.155 Y169.298 F30000
M204 S3000
;TYPE:External perimeter
;WIDTH:0.419999
G1 F3000
G1 X163.748 Y168.824 E.02833
G1 X164.269 Y168.538 E.02218
G1 X164.819 Y168.339 E.02183
G1 X165.394 Y168.237 E.02179
G1 X165.925 Y168.219 E.01983
G1 X166.595 Y168.302 E.02519
G1 X167.15 Y168.464 E.02157
G1 X167.615 Y168.679 E.01912
G1 X168.107 Y168.994 E.0218
G1 X168.537 Y169.387 E.02174
G1 X168.976 Y169.947 E.02655
G1 X169.253 Y170.452 E.02149
G1 X169.432 Y170.936 E.01926
G1 X169.557 Y171.505 E.02174
G1 X169.584 Y172.088 E.02178
G1 X169.498 Y172.794 E.02654
G1 X169.336 Y173.349 E.02157
G1 X169.121 Y173.815 E.01915
G1 X168.806 Y174.307 E.0218
G1 X168.413 Y174.737 E.02174
G1 X167.853 Y175.176 E.02655
G1 X167.348 Y175.453 E.02149
G1 X166.864 Y175.632 E.01926
G1 X166.295 Y175.757 E.02174
G1 X165.712 Y175.784 E.02178
G1 X165.005 Y175.698 E.02658
G1 X164.451 Y175.536 E.02154
G1 X163.985 Y175.321 E.01915
G1 X163.493 Y175.006 E.0218
G1 X163.063 Y174.613 E.02174
G1 X162.624 Y174.053 E.02655
G1 X162.347 Y173.548 E.02149
G1 X162.168 Y173.064 E.01926
G1 X162.043 Y172.495 E.02174
G1 X162.016 Y171.912 E.02178
G1 X162.102 Y171.205 E.02658
G1 X162.264 Y170.65 E.02157
G1 X162.479 Y170.185 E.01912
G1 X162.794 Y169.693 E.0218
G1 X163.114 Y169.342 E.01772
M204 S10000
M73 P93 R1
G1 X163.538 Y169.413 F30000
G1 X165.156 Y170.703
M204 S5000
;TYPE:Perimeter
;WIDTH:0.449999
G1 F3000
G1 X165.548 Y170.562 E.01682
G1 X165.761 Y170.538 E.00865
G1 X166.215 Y170.591 E.01845
G1 X166.664 Y170.813 E.02022
G1 X167.052 Y171.234 E.02311
G1 X167.25 Y171.77 E.02307
G1 X167.228 Y172.343 E.02315
G1 X167.024 Y172.801 E.02024
G1 X166.876 Y172.987 E.0096
G1 X166.503 Y173.289 E.01938
G1 X165.993 Y173.456 E.02167
G1 X165.457 Y173.428 E.02167
G1 X164.999 Y173.224 E.02024
G1 X164.813 Y173.076 E.0096
G1 X164.511 Y172.703 E.01938
G1 X164.349 Y172.229 E.02022
G1 X164.363 Y171.73 E.02015
G1 X164.427 Y171.502 E.00956
G1 X164.658 Y171.077 E.01953
G1 X165.034 Y170.747 E.0202
G1 X165.1 Y170.724 E.00282
M204 S10000
G1 X165.309 Y171.037 F30000
M204 S3000
;TYPE:External perimeter
;WIDTH:0.419999
G1 F3000
G1 X165.731 Y170.918 E.01636
G1 X166.129 Y170.969 E.01497
G1 X166.501 Y171.176 E.01589
G1 X166.763 Y171.507 E.01575
G1 X166.878 Y171.914 E.01578
G1 X166.831 Y172.33 E.01562
G1 X166.624 Y172.701 E.01585
G1 X166.293 Y172.963 E.01575
G1 X165.886 Y173.078 E.01578
G1 X165.47 Y173.031 E.01562
G1 X165.099 Y172.824 E.01585
G1 X164.837 Y172.494 E.01572
G1 X164.722 Y172.088 E.01575
G1 X164.743 Y171.754 E.01249
G1 X164.945 Y171.329 E.01756
G1 X165.26 Y171.069 E.01524
M204 S10000
G1 X165.325 Y170.637 F30000
G1 X165.827 Y170.215
;TYPE:Internal infill
;WIDTH:0.45
G1 F8477.366
G1 X165.66 Y170.2 E.00677
G1 X165.456 Y170.238 E.00838
G1 X165.062 Y170.361 E.01666
G1 X164.898 Y170.435 E.00726
G1 X164.757 Y170.536 E.007
G1 X164.366 Y170.9 E.02157
G1 X164.116 Y171.371 E.02153
G1 X164.056 Y171.529 E.00682
G1 X163.092 Y170.565 E.05504
G1 X162.963 Y170.825 E.01172
G1 X162.835 Y171.205 E.01619
G1 X162.756 Y171.599 E.01622
G1 X162.73 Y172 E.01622
G1 X162.756 Y172.401 E.01622
G1 X162.835 Y172.795 E.01622
G1 X162.963 Y173.175 E.01619
G1 X163.141 Y173.534 E.01618
G1 X163.365 Y173.868 E.01624
G1 X163.63 Y174.17 E.01622
G1 X163.932 Y174.435 E.01622
G1 X164.266 Y174.659 E.01624
G1 X164.625 Y174.837 E.01618
G1 X164.87 Y174.919 E.01043
G1 X165.998 Y173.791 E.0644
G1 X166.258 Y173.732 E.01076
G1 X167.235 Y174.708 E.05575
G1 X167.668 Y174.435 E.02067
G1 X167.97 Y174.17 E.01622
G1 X168.235 Y173.868 E.01622
G1 X168.459 Y173.534 E.01624
G1 X168.637 Y173.175 E.01618
G1 X168.765 Y172.795 E.01619
G1 X168.844 Y172.401 E.01622
G1 X168.87 Y172 E.01622
G1 X168.844 Y171.599 E.01622
G1 X168.765 Y171.205 E.01622
G1 X168.719 Y171.07 E.00576
G1 X167.577 Y172.212 E.0652
G1 X167.592 Y171.768 E.01794
G1 X167.552 Y171.595 E.00717
G1 X167.368 Y171.101 E.02128
G1 X167.264 Y170.956 E.0072
G1 X166.9 Y170.566 E.02154
G1 X166.444 Y170.323 E.02086
;LAYER_CHANGE
;Z:3.2
;HEIGHT:0.25
G92 E0
;WIPE_START
G1 F24000
G1 X166.9 Y170.566 E-.03682
G1 X167.264 Y170.956 E-.03801
G1 X167.368 Y171.101 E-.01271
G1 X167.552 Y171.595 E-.03756
G1 X167.592 Y171.768 E-.01265
G1 X167.577 Y172.212 E-.03165
G1 X168.719 Y171.07 E-.11507
G1 X168.765 Y171.205 E-.01016
G1 X168.844 Y171.599 E-.02863
G1 X168.87 Y172 E-.02863
G1 X168.844 Y172.401 E-.02863
G1 X168.765 Y172.795 E-.02863
G1 X168.637 Y173.175 E-.02857
G1 X168.459 Y173.534 E-.02855
G1 X168.235 Y173.868 E-.02865
G1 X167.97 Y174.17 E-.02863
G1 X167.668 Y174.435 E-.02863
G1 X167.235 Y174.708 E-.03647
G1 X166.258 Y173.732 E-.09839
G1 X165.998 Y173.791 E-.019
G1 X164.87 Y174.919 E-.11366
G1 X164.625 Y174.837 E-.01841
G1 X164.266 Y174.659 E-.02855
G1 X163.932 Y174.435 E-.02865
G1 X163.63 Y174.17 E-.02863
G1 X163.365 Y173.868 E-.02863
G1 X163.141 Y173.534 E-.02865
G1 X163.024 Y173.298 E-.01878
;WIPE_END
G1 Z3.35 F600
G1 X162.414 Y107.979 F30000
G1 Z3.2 F600
G1 E1 F1800
M204 S5000
;TYPE:Perimeter
;WIDTH:0.449999
G1 F3000
G1 X162.417 Y107.619 E.01453
G1 X162.496 Y107.18 E.01801
G1 X162.651 Y106.696 E.02052
G1 X162.896 Y106.227 E.02136
G1 X163.206 Y105.802 E.02124
G1 X163.678 Y105.339 E.02669
G1 X164.044 Y105.084 E.01801
G1 X164.496 Y104.851 E.02053
G1 X164.981 Y104.696 E.02056
G1 X165.547 Y104.609 E.02312
G1 X166.181 Y104.617 E.0256
G1 X166.682 Y104.708 E.02056
G1 X167.162 Y104.88 E.02059
G1 X167.821 Y105.262 E.03075
G1 X168.209 Y105.591 E.02054
G1 X168.547 Y105.992 E.02117
G1 X168.822 Y106.44 E.02122
G1 X169.071 Y107.058 E.0269
G1 X169.178 Y107.555 E.02052
G1 X169.203 Y108.063 E.02053
G1 X169.183 Y108.381 E.01286
G1 X169.104 Y108.82 E.01801
G1 X168.949 Y109.304 E.02052
G1 X168.705 Y109.773 E.02134
G1 X168.394 Y110.198 E.02126
G1 X167.922 Y110.661 E.02669
G1 X167.556 Y110.916 E.01801
G1 X167.104 Y111.149 E.02053
G1 X166.603 Y111.307 E.02121
G1 X166.081 Y111.389 E.02133
G1 X165.419 Y111.383 E.02673
G1 X164.98 Y111.304 E.01801
G1 X164.496 Y111.149 E.02052
G1 X164.026 Y110.904 E.0214
G1 X163.602 Y110.594 E.0212
G1 X163.139 Y110.122 E.02669
G1 X162.884 Y109.756 E.01801
G1 X162.651 Y109.304 E.02053
G1 X162.493 Y108.803 E.02121
G1 X162.411 Y108.281 E.02133
G1 X162.413 Y108.039 E.00977
M204 S10000
G1 X162.019 Y107.975 F30000
M204 S3000
;TYPE:External perimeter
;WIDTH:0.419999
G1 F3000
G1 X162.102 Y107.205 E.0289
G1 X162.264 Y106.65 E.02157
G1 X162.479 Y106.185 E.01912
G1 X162.794 Y105.693 E.0218
G1 X163.187 Y105.263 E.02174
G1 X163.748 Y104.824 E.02658
G1 X164.269 Y104.538 E.02218
G1 X164.819 Y104.339 E.02183
G1 X165.394 Y104.237 E.02179
G1 X165.914 Y104.218 E.01942
G1 X166.595 Y104.302 E.0256
G1 X167.15 Y104.464 E.02157
G1 X167.615 Y104.679 E.01912
G1 X168.107 Y104.994 E.0218
G1 X168.537 Y105.387 E.02174
G1 X168.976 Y105.947 E.02655
G1 X169.253 Y106.452 E.02149
G1 X169.432 Y106.936 E.01926
G1 X169.557 Y107.505 E.02174
G1 X169.584 Y108.088 E.02178
G1 X169.498 Y108.794 E.02654
G1 X169.336 Y109.349 E.02157
G1 X169.121 Y109.815 E.01915
G1 X168.806 Y110.307 E.0218
G1 X168.413 Y110.737 E.02174
G1 X167.853 Y111.176 E.02655
G1 X167.348 Y111.453 E.02149
G1 X166.864 Y111.632 E.01926
G1 X166.295 Y111.757 E.02174
G1 X165.712 Y111.784 E.02178
G1 X165.004 Y111.697 E.02662
G1 X164.449 Y111.535 E.02157
G1 X163.985 Y111.321 E.01907
G1 X163.493 Y111.006 E.0218
G1 X163.063 Y110.613 E.02174
G1 X162.624 Y110.053 E.02655
G1 X162.347 Y109.548 E.02149
G1 X162.168 Y109.064 E.01926
G1 X162.043 Y108.495 E.02174
G1 X162.022 Y108.035 E.01718
M204 S10000
G1 X162.371 Y107.784 F30000
G1 X165.684 Y106.546
M204 S5000
;TYPE:Perimeter
;WIDTH:0.449999
G1 F3000
G1 X165.752 Y106.538 E.00276
G1 X166.215 Y106.591 E.01881
G1 X166.664 Y106.813 E.02022
G1 X167.052 Y107.234 E.02311
G1 X167.25 Y107.77 E.02307
G1 X167.228 Y108.343 E.02315
G1 X167.024 Y108.801 E.02024
G1 X166.876 Y108.987 E.0096
G1 X166.503 Y109.289 E.01938
G1 X166.029 Y109.451 E.02022
G1 X165.456 Y109.428 E.02315
G1 X164.999 Y109.223 E.02022
G1 X164.813 Y109.076 E.00957
G1 X164.511 Y108.703 E.01938
G1 X164.349 Y108.229 E.02022
G1 X164.363 Y107.73 E.02015
G1 X164.427 Y107.502 E.00956
G1 X164.658 Y107.077 E.01953
G1 X165.034 Y106.747 E.0202
G1 X165.538 Y106.563 E.02166
G1 X165.625 Y106.553 E.00354
M204 S10000
G1 X165.67 Y106.934 F30000
M204 S3000
;TYPE:External perimeter
;WIDTH:0.419999
G1 F3000
G1 X165.723 Y106.919 E.00206
G1 X166.129 Y106.969 E.01526
G1 X166.501 Y107.176 E.01589
G1 X166.763 Y107.507 E.01575
G1 X166.878 Y107.914 E.01578
G1 X166.831 Y108.33 E.01562
G1 X166.624 Y108.701 E.01585
G1 X166.294 Y108.963 E.01572
G1 X165.888 Y109.078 E.01575
G1 X165.471 Y109.032 E.01566
G1 X165.1 Y108.824 E.01587
G1 X164.837 Y108.494 E.01575
G1 X164.722 Y108.088 E.01575
G1 X164.743 Y107.754 E.01249
G1 X164.945 Y107.329 E.01756
G1 X165.293 Y107.042 E.01683
G1 X165.612 Y106.95 E.01239
M204 S10000
G1 X165.679 Y106.879 F30000
;WIPE_START
G1 F24000
G1 X165.723 Y106.919 E-.00821
G1 X166.129 Y106.969 E-.02915
G1 X166.501 Y107.176 E-.03033
G1 X166.763 Y107.507 E-.03008
G1 X166.878 Y107.914 E-.03013
G1 X166.831 Y108.33 E-.02983
G1 X166.624 Y108.701 E-.03027
G1 X166.294 Y108.963 E-.03002
G1 X165.888 Y109.078 E-.03007
G1 X165.471 Y109.032 E-.02989
G1 X165.1 Y108.824 E-.0303
G1 X164.837 Y108.494 E-.03007
G1 X164.722 Y108.088 E-.03007
G1 X164.743 Y107.754 E-.02384
G1 X164.945 Y107.329 E-.03353
G1 X165.293 Y107.042 E-.03214
G1 X165.612 Y106.95 E-.02366
;WIPE_END
G1 E-.51841 F1800
G1 Z3.6 F600
G1 X163.27 Y109.943 F30000
G1 Z3.2 F600
G1 E1 F1800
;TYPE:Solid infill
;WIDTH:0.39365
G1 F9882.353
G1 X163.858 Y110.531 E.0288
G1 X164.725 Y110.911 F30000
G1 F9882.353
G1 X164.706 Y110.982 E.00255
G1 X164.777 Y110.963 E.00255
G1 X164.766 Y110.922 E.00147
;WIDTH:0.419999
G1 F9171.582
G1 X164.477 Y110.78 E.01202
G1 X163.02 Y109.323 E.07689
G1 X162.882 Y109.037 E.01185
;WIDTH:0.39365
G1 F9882.353
G1 X162.893 Y109.078 E.00147
G1 X162.822 Y109.097 E.00255
G1 X162.841 Y109.026 E.00255
;WIDTH:0.419999
G1 F9171.582
G1 X162.772 Y108.557 E.01769
G1 X165.243 Y111.028 E.1304
G1 X165.817 Y111.084 E.02152
G1 X162.716 Y107.983 E.16365
G1 X162.759 Y107.508 E.0178
G1 X166.292 Y111.041 E.18645
G1 X165.697 Y109.752 F30000
G1 F9171.582
G1 X166.071 Y109.767 E.01397
G1 X166.726 Y109.529 E.02601
G1 X167.196 Y109.115 E.02337
G1 X167.309 Y108.918 E.00847
G1 X167.536 Y108.427 E.02019
G1 X167.576 Y107.799 E.02348
G1 X167.527 Y107.614 E.00714
G1 X168.768 Y108.834 E.06494
G1 X168.661 Y109.148 E.01238
G1 X168.448 Y109.577 E.01787
G1 X168.112 Y110.031 E.02108
G1 X167.642 Y110.471 E.02402
G1 X167.157 Y110.763 E.02113
G1 X166.687 Y110.95 E.01888
G1 X166.68 Y110.911 E.00148
G1 X165.514 Y109.745 E.06153
G1 X166.439 Y110.081 F30000
;WIDTH:0.520046
G1 F7204.178
G1 X166.822 Y110.464 E.02573
G1 X167.284 Y110.21 E.02505
;WIDTH:0.529705
G1 F7058.008
G1 X167.682 Y109.882 E.02501
G1 X168.015 Y109.477 E.02542
;WIDTH:0.529933
G1 F7054.63
G1 X168.28 Y108.962 E.0281
G1 X167.917 Y108.599 E.02491
G1 X167.686 Y109.105 E.02699
G1 X167.471 Y109.428 E.01882
;WIDTH:0.519605
G1 F7210.997
G1 X167.001 Y109.841 E.0297
;WIDTH:0.520046
G1 F7204.178
G1 X166.794 Y109.96 E.01134
G1 X166.613 Y110.022 E.00909
G1 X167.243 Y107.159 F30000
;WIDTH:0.39365
G1 F9882.353
G1 X166.975 Y106.873 E.01357
G1 X162.909 Y106.94 F30000
;WIDTH:0.419999
G1 F9171.582
G1 X163.152 Y106.423 E.02132
G1 X163.488 Y105.969 E.02108
G1 X163.958 Y105.529 E.02402
G1 X164.496 Y105.211 E.02332
G1 X164.966 Y105.032 E.01877
G1 X164.989 Y105.075 E.00182
G1 X166.174 Y106.26 E.06254
G1 X165.608 Y106.225 E.02116
G1 X164.874 Y106.471 E.02889
G1 X164.404 Y106.885 E.02337
G1 X164.291 Y107.082 E.00847
G1 X164.064 Y107.572 E.02015
G1 X164.032 Y108.263 E.02581
G1 X163.386 Y107.617 E.03409
G1 X162.85 Y107.113 E.02745
G1 X163.342 Y106.977 E.01905
;WIDTH:0.529931
G1 F7054.66
G1 X163.7 Y107.335 E.02456
G1 X163.988 Y106.756 E.03137
;WIDTH:0.529702
G1 F7058.053
G1 X164.243 Y106.465 E.01876
G1 X164.663 Y106.112 E.0266
;WIDTH:0.524575
G1 F7134.894
G1 X165.228 Y105.906 E.02885
G1 X164.839 Y105.517 E.02639
G1 X164.406 Y105.728 E.0231
;WIDTH:0.529702
G1 F7058.053
G1 X163.929 Y106.107 E.02954
G1 X163.585 Y106.523 E.02618
;WIDTH:0.526296
G1 F7108.921
G1 X163.428 Y106.815 E.01596
G1 X165.377 Y104.945 F30000
;WIDTH:0.419999
G1 F9171.582
G1 X168.855 Y108.423 E.18354
G1 X168.88 Y107.93 E.01842
G1 X165.87 Y104.92 E.15885
G1 X166.461 Y104.993 E.02222
G1 X168.807 Y107.339 E.1238
G1 X167.288 Y105.301 F30000
G1 F9171.582
G1 X168.499 Y106.512 E.06391
G1 X168.685 Y106.769 E.01184
;WIDTH:0.39365
G1 F9882.353
G1 X168.673 Y106.597 E.00597
G1 X168.281 Y106.096 E.02203
G1 X167.704 Y105.519 E.02826
G1 X167.203 Y105.127 E.02203
G1 X167.029 Y105.116 E.00604
;WIPE_START
G1 F24000
G1 X167.203 Y105.127 E-.01242
G1 X167.704 Y105.519 E-.04532
G1 X168.281 Y106.096 E-.05814
G1 X168.673 Y106.597 E-.04532
G1 X168.685 Y106.769 E-.01228
G1 X168.499 Y106.512 E-.0226
G1 X167.288 Y105.301 E-.12202
;WIPE_END
G1 E-.6819 F1800
G1 Z3.6 F600
G1 X116.651 Y110.362 F30000
G1 Z3.2 F600
G1 E1 F1800
M204 S5000
;TYPE:Perimeter
;WIDTH:0.449999
G1 F3000
G1 X116.274 Y110.703 E.02052
G1 X115.835 Y110.985 E.02106
G1 X115.348 Y111.202 E.02152
G1 X114.708 Y111.366 E.02667
G1 X114.263 Y111.403 E.01803
G1 X113.755 Y111.378 E.02053
G1 X113.244 Y111.266 E.02112
G1 X112.746 Y111.074 E.02155
G1 X112.179 Y110.739 E.02659
G1 X111.838 Y110.451 E.01802
G1 X111.497 Y110.074 E.02052
G1 X111.215 Y109.635 E.02106
G1 X110.998 Y109.148 E.02152
G1 X110.834 Y108.508 E.02667
G1 X110.797 Y108.063 E.01803
G1 X110.822 Y107.555 E.02053
G1 X110.934 Y107.044 E.02112
G1 X111.126 Y106.546 E.02155
G1 X111.461 Y105.979 E.02659
G1 X111.749 Y105.638 E.01802
G1 X112.126 Y105.297 E.02052
G1 X112.565 Y105.015 E.02106
G1 X113.052 Y104.798 E.02152
G1 X113.665 Y104.64 E.02556
G1 X114.137 Y104.597 E.01913
G1 X114.645 Y104.622 E.02053
G1 X115.142 Y104.729 E.02052
G1 X115.653 Y104.925 E.0221
G1 X116.221 Y105.261 E.02664
G1 X116.609 Y105.591 E.02056
G1 X116.939 Y105.979 E.02056
G1 X117.275 Y106.546 E.02661
G1 X117.471 Y107.058 E.02213
G1 X117.578 Y107.555 E.02052
G1 X117.603 Y108.063 E.02053
G1 X117.578 Y108.445 E.01546
G1 X117.465 Y108.96 E.02129
G1 X117.274 Y109.454 E.02138
G1 X116.939 Y110.021 E.02659
G1 X116.689 Y110.316 E.01561
M204 S10000
G1 X116.916 Y110.636 F30000
M204 S3000
;TYPE:External perimeter
;WIDTH:0.419999
G1 F3000
G1 X116.433 Y111.055 E.02386
G1 X115.823 Y111.416 E.02645
G1 X115.278 Y111.628 E.02182
G1 X114.782 Y111.74 E.01897
G1 X114.2 Y111.79 E.0218
G1 X113.618 Y111.74 E.0218
G1 X112.93 Y111.563 E.02651
G1 X112.396 Y111.326 E.0218
G1 X111.967 Y111.055 E.01894
G1 X111.521 Y110.679 E.02177
G1 X111.145 Y110.233 E.02177
G1 X110.784 Y109.623 E.02645
G1 X110.572 Y109.078 E.02182
G1 X110.46 Y108.582 E.01897
G1 X110.41 Y108 E.0218
G1 X110.46 Y107.418 E.0218
G1 X110.637 Y106.73 E.02651
G1 X110.874 Y106.196 E.0218
G1 X111.145 Y105.767 E.01894
G1 X111.521 Y105.321 E.02177
G1 X111.967 Y104.945 E.02177
G1 X112.577 Y104.584 E.02645
G1 X113.102 Y104.379 E.02103
G1 X113.618 Y104.26 E.01976
G1 X114.2 Y104.21 E.0218
G1 X114.782 Y104.26 E.0218
G1 X115.469 Y104.437 E.02647
G1 X116.003 Y104.673 E.02179
G1 X116.433 Y104.945 E.01899
G1 X116.879 Y105.321 E.02177
G1 X117.255 Y105.767 E.02177
G1 X117.616 Y106.377 E.02645
G1 X117.832 Y106.936 E.02236
G1 X117.957 Y107.505 E.02174
G1 X117.984 Y108.088 E.02178
G1 X117.94 Y108.582 E.01851
G1 X117.763 Y109.27 E.02651
G1 X117.526 Y109.804 E.0218
G1 X117.255 Y110.233 E.01894
G1 X116.955 Y110.59 E.0174
M204 S10000
G1 X116.529 Y110.534 F30000
;WIPE_START
G1 F24000
G1 X116.433 Y111.055 E-.04981
G1 X115.823 Y111.416 E-.0505
G1 X115.278 Y111.628 E-.04167
G1 X114.782 Y111.74 E-.03623
G1 X114.2 Y111.79 E-.04162
G1 X113.618 Y111.74 E-.04162
G1 X112.93 Y111.563 E-.05062
G1 X112.396 Y111.326 E-.04163
G1 X111.967 Y111.055 E-.03615
G1 X111.521 Y110.679 E-.04156
G1 X111.145 Y110.233 E-.04156
G1 X110.784 Y109.623 E-.0505
G1 X110.572 Y109.078 E-.04167
G1 X110.46 Y108.582 E-.03623
G1 X110.41 Y108 E-.04162
G1 X110.46 Y107.418 E-.04162
G1 X110.637 Y106.73 E-.05062
G1 X110.874 Y106.196 E-.04163
G1 X111.145 Y105.767 E-.03615
G1 X111.521 Y105.321 E-.04156
G1 X111.967 Y104.945 E-.04156
G1 X112.577 Y104.584 E-.0505
G1 X113.102 Y104.379 E-.04016
G1 X113.283 Y104.337 E-.01321
;WIPE_END
G1 Z3.6 F600
G1 X114.254 Y106.545 F30000
G1 Z3.2 F600
G1 E1 F1800
M204 S5000
;TYPE:Perimeter
;WIDTH:0.449999
G1 F3000
G1 X114.727 Y106.629 E.01939
G1 X115.154 Y106.892 E.02025
G1 X115.32 Y107.064 E.00965
G1 X115.571 Y107.473 E.01937
G1 X115.668 Y107.963 E.02017
G1 X115.571 Y108.527 E.0231
G1 X115.308 Y108.954 E.02025
G1 X115.136 Y109.12 E.00965
G1 X114.727 Y109.371 E.01937
G1 X114.237 Y109.467 E.02016
G1 X113.673 Y109.371 E.0231
G1 X113.246 Y109.108 E.02025
G1 X113.08 Y108.936 E.00965
G1 X112.896 Y108.661 E.01336
G1 X112.807 Y108.441 E.00958
G1 X112.733 Y107.963 E.01953
G1 X112.829 Y107.473 E.02016
G1 X113.092 Y107.046 E.02025
G1 X113.264 Y106.88 E.00965
G1 X113.673 Y106.629 E.01937
G1 X114.195 Y106.535 E.02141
M204 S10000
G1 X114.208 Y106.918 F30000
M204 S3000
;TYPE:External perimeter
;WIDTH:0.419999
G1 F3000
G1 X114.659 Y107.019 E.01725
G1 X115.003 Y107.277 E.01605
G1 X115.219 Y107.636 E.01563
G1 X115.281 Y108.052 E.01569
G1 X115.181 Y108.459 E.01564
G1 X114.923 Y108.803 E.01605
G1 X114.568 Y109.018 E.01549
G1 X114.144 Y109.08 E.01599
G1 X113.741 Y108.981 E.01549
G1 X113.397 Y108.723 E.01605
G1 X113.212 Y108.448 E.01237
G1 X113.113 Y107.988 E.01756
G1 X113.219 Y107.541 E.01714
G1 X113.477 Y107.197 E.01605
G1 X113.85 Y106.978 E.01614
G1 X114.149 Y106.926 E.01132
M204 S10000
G1 X114.417 Y106.577 F30000
;WIPE_START
G1 F24000
G1 X114.659 Y107.019 E-.03694
G1 X115.003 Y107.277 E-.03064
G1 X115.219 Y107.636 E-.02985
G1 X115.281 Y108.052 E-.02997
G1 X115.181 Y108.459 E-.02986
G1 X114.923 Y108.803 E-.03064
G1 X114.568 Y109.018 E-.02957
G1 X114.144 Y109.08 E-.03053
G1 X113.741 Y108.981 E-.02957
G1 X113.397 Y108.723 E-.03064
G1 X113.212 Y108.448 E-.02361
G1 X113.113 Y107.988 E-.03353
G1 X113.219 Y107.541 E-.03273
G1 X113.477 Y107.197 E-.03064
G1 X113.85 Y106.978 E-.03082
G1 X114.149 Y106.926 E-.02162
;WIPE_END
G1 E-.51884 F1800
G1 Z3.6 F600
G1 X111.67 Y109.943 F30000
G1 Z3.2 F600
G1 E1 F1800
;TYPE:Solid infill
;WIDTH:0.39365
G1 F9882.353
G1 X112.258 Y110.531 E.0288
G1 X113.125 Y110.911 F30000
G1 F9882.353
G1 X113.106 Y110.982 E.00255
G1 X113.177 Y110.963 E.00255
G1 X113.166 Y110.922 E.00147
;WIDTH:0.419999
G1 F9171.582
G1 X112.877 Y110.78 E.01202
G1 X111.42 Y109.323 E.07689
G1 X111.282 Y109.037 E.01185
;WIDTH:0.39365
G1 F9882.353
G1 X111.293 Y109.078 E.00147
G1 X111.222 Y109.097 E.00255
G1 X111.241 Y109.026 E.00255
;WIDTH:0.419999
G1 F9171.582
G1 X111.172 Y108.557 E.01769
G1 X113.643 Y111.028 E.1304
G1 X114.217 Y111.084 E.02152
G1 X111.116 Y107.983 E.16365
G1 X111.159 Y107.508 E.0178
G1 X114.692 Y111.041 E.18645
G1 X114.085 Y109.763 F30000
G1 F9171.582
G1 X114.235 Y109.786 E.00566
G1 X114.915 Y109.639 E.02596
G1 X115.438 Y109.288 E.0235
G1 X115.576 Y109.107 E.00849
G1 X115.864 Y108.653 E.02006
G1 X115.988 Y108.036 E.02348
G1 X115.915 Y107.601 E.01646
G1 X117.168 Y108.834 E.0656
G1 X117.061 Y109.148 E.01238
G1 X116.848 Y109.577 E.01787
G1 X116.444 Y110.109 E.02493
G1 X116.042 Y110.471 E.02019
G1 X115.556 Y110.764 E.02118
G1 X115.087 Y110.95 E.01883
G1 X115.08 Y110.911 E.00148
G1 X113.904 Y109.735 E.06206
G1 X114.847 Y110.09 F30000
;WIDTH:0.518917
G1 F7221.66
G1 X115.222 Y110.465 E.02513
;WIDTH:0.529961
G1 F7054.215
G1 X115.807 Y110.121 E.03293
G1 X116.202 Y109.754 E.02616
;WIDTH:0.529631
G1 F7059.106
G1 X116.498 Y109.343 E.02456
G1 X116.688 Y108.96 E.02073
;WIDTH:0.516391
G1 F7261.081
G1 X116.302 Y108.575 E.0257
;WIDTH:0.519718
G1 F7209.248
G1 X116.182 Y108.951 E.01874
G1 X115.833 Y109.47 E.02969
;WIDTH:0.529961
G1 F7054.215
G1 X115.542 Y109.725 E.01877
G1 X115.142 Y109.987 E.0232
;WIDTH:0.518917
G1 F7221.66
G1 X115.02 Y110.03 E.00613
G1 X111.25 Y107.113 F30000
;WIDTH:0.419999
G1 F9171.582
G1 X111.756 Y107.587 E.02587
G1 X112.465 Y108.296 E.03742
G1 X112.414 Y107.965 E.0125
G1 X112.535 Y107.35 E.02339
G1 X112.824 Y106.893 E.02018
G1 X112.962 Y106.712 E.00849
G1 X113.481 Y106.364 E.02332
G1 X114.088 Y106.217 E.02331
G1 X114.338 Y106.226 E.00934
G1 X114.594 Y106.281 E.00977
G1 X113.389 Y105.075 E.06362
G1 X113.366 Y105.032 E.00182
G1 X112.831 Y105.243 E.02146
G1 X112.358 Y105.529 E.02063
G1 X111.956 Y105.891 E.02019
G1 X111.552 Y106.423 E.02493
G1 X111.309 Y106.94 E.02132
G1 X111.735 Y106.978 E.01596
;WIDTH:0.518917
G1 F7221.66
G1 X112.11 Y107.353 E.02513
;WIDTH:0.519667
G1 F7210.038
G1 X112.217 Y107.051 E.01521
;WIDTH:0.519781
G1 F7208.274
G1 X112.567 Y106.53 E.0298
;WIDTH:0.52993
G1 F7054.674
G1 X112.858 Y106.275 E.01877
G1 X113.298 Y105.99 E.02543
;WIDTH:0.51639
G1 F7261.097
G1 X113.623 Y105.895 E.01596
G1 X113.24 Y105.512 E.02553
;WIDTH:0.529618
G1 F7059.298
G1 X112.857 Y105.702 E.02073
G1 X112.446 Y105.998 E.02456
;WIDTH:0.529958
G1 F7054.26
G1 X112.098 Y106.368 E.02464
G1 X111.817 Y106.814 E.02557
G1 X113.777 Y104.945 F30000
;WIDTH:0.419999
G1 F9171.582
G1 X117.255 Y108.423 E.18354
G1 X117.28 Y107.93 E.01842
G1 X114.27 Y104.92 E.15885
G1 X114.861 Y104.993 E.02222
G1 X117.207 Y107.339 E.1238
G1 X115.688 Y105.301 F30000
G1 F9171.582
G1 X116.899 Y106.512 E.06391
G1 X117.085 Y106.769 E.01184
;WIDTH:0.39365
G1 F9882.353
G1 X117.073 Y106.597 E.00597
G1 X116.681 Y106.096 E.02203
G1 X116.104 Y105.519 E.02826
G1 X115.603 Y105.127 E.02203
G1 X115.429 Y105.116 E.00604
;WIPE_START
G1 F24000
G1 X115.603 Y105.127 E-.01242
G1 X116.104 Y105.519 E-.04532
G1 X116.681 Y106.096 E-.05814
G1 X117.073 Y106.597 E-.04532
G1 X117.085 Y106.769 E-.01228
G1 X116.899 Y106.512 E-.0226
G1 X115.688 Y105.301 E-.12202
;WIPE_END
G1 E-.6819 F1800
G1 Z3.6 F600
G1 X117.284 Y170.593 F30000
G1 Z3.2 F600
G1 E1 F1800
M204 S5000
;TYPE:Perimeter
;WIDTH:0.449999
G1 F3000
G1 X117.471 Y171.058 E.02023
G1 X117.578 Y171.555 E.02052
G1 X117.603 Y172.063 E.02053
G1 X117.583 Y172.381 E.01286
G1 X117.504 Y172.82 E.01801
G1 X117.349 Y173.304 E.02052
G1 X117.105 Y173.773 E.02134
G1 X116.794 Y174.198 E.02126
G1 X116.322 Y174.661 E.02669
G1 X115.956 Y174.916 E.01801
G1 X115.504 Y175.149 E.02053
G1 X115.005 Y175.307 E.02113
G1 X114.482 Y175.389 E.02137
G1 X113.819 Y175.383 E.02677
G1 X113.38 Y175.304 E.01801
G1 X112.896 Y175.149 E.02052
G1 X112.427 Y174.905 E.02134
G1 X112.002 Y174.594 E.02126
G1 X111.539 Y174.122 E.02669
G1 X111.284 Y173.756 E.01801
G1 X111.051 Y173.304 E.02053
G1 X110.893 Y172.803 E.02121
G1 X110.811 Y172.281 E.02133
G1 X110.817 Y171.619 E.02673
G1 X110.896 Y171.18 E.01801
G1 X111.051 Y170.696 E.02052
G1 X111.296 Y170.226 E.0214
G1 X111.606 Y169.802 E.0212
G1 X112.078 Y169.339 E.02669
G1 X112.444 Y169.084 E.01801
G1 X112.896 Y168.851 E.02053
G1 X113.381 Y168.696 E.02056
G1 X113.947 Y168.609 E.02312
G1 X114.581 Y168.617 E.0256
G1 X115.082 Y168.708 E.02056
G1 X115.562 Y168.88 E.02059
G1 X116.221 Y169.262 E.03075
G1 X116.609 Y169.591 E.02054
G1 X116.947 Y169.992 E.02117
G1 X117.222 Y170.44 E.02122
G1 X117.261 Y170.538 E.00426
M204 S10000
G1 X117.65 Y170.446 F30000
M204 S3000
;TYPE:External perimeter
;WIDTH:0.419999
G1 F3000
G1 X117.832 Y170.936 E.01951
G1 X117.957 Y171.505 E.02174
G1 X117.984 Y172.088 E.02178
G1 X117.898 Y172.795 E.02658
G1 X117.736 Y173.349 E.02154
G1 X117.521 Y173.815 E.01915
G1 X117.206 Y174.307 E.0218
G1 X116.813 Y174.737 E.02174
G1 X116.253 Y175.176 E.02655
G1 X115.748 Y175.453 E.02149
G1 X115.264 Y175.632 E.01926
G1 X114.695 Y175.757 E.02174
G1 X114.112 Y175.784 E.02178
G1 X113.405 Y175.698 E.02658
G1 X112.851 Y175.536 E.02154
G1 X112.385 Y175.321 E.01915
G1 X111.893 Y175.006 E.0218
G1 X111.463 Y174.613 E.02174
G1 X111.024 Y174.053 E.02655
G1 X110.747 Y173.548 E.02149
G1 X110.568 Y173.064 E.01926
G1 X110.443 Y172.495 E.02174
G1 X110.416 Y171.912 E.02178
G1 X110.503 Y171.204 E.02662
G1 X110.665 Y170.649 E.02157
G1 X110.879 Y170.185 E.01907
G1 X111.194 Y169.693 E.0218
G1 X111.587 Y169.263 E.02174
G1 X112.148 Y168.824 E.02658
G1 X112.669 Y168.538 E.02218
G1 X113.219 Y168.339 E.02183
G1 X113.794 Y168.237 E.02179
G1 X114.313 Y168.218 E.01938
G1 X114.995 Y168.302 E.02564
G1 X115.55 Y168.464 E.02157
G1 X116.015 Y168.679 E.01912
G1 X116.507 Y168.994 E.0218
G1 X116.937 Y169.387 E.02174
G1 X117.376 Y169.947 E.02655
G1 X117.621 Y170.393 E.01899
M204 S10000
G1 X117.42 Y170.773 F30000
G1 X113.028 Y171.133
M204 S5000
;TYPE:Perimeter
;WIDTH:0.449999
G1 F3000
G1 X113.058 Y171.077 E.00256
G1 X113.434 Y170.747 E.0202
G1 X113.939 Y170.564 E.02169
G1 X114.152 Y170.539 E.00866
G1 X114.615 Y170.591 E.01881
G1 X115.064 Y170.813 E.02022
G1 X115.452 Y171.234 E.02311
G1 X115.65 Y171.77 E.02307
G1 X115.628 Y172.343 E.02315
G1 X115.424 Y172.801 E.02024
G1 X115.276 Y172.987 E.0096
G1 X114.903 Y173.289 E.01938
G1 X114.393 Y173.456 E.02167
G1 X113.857 Y173.428 E.02167
G1 X113.399 Y173.224 E.02024
G1 X113.213 Y173.076 E.0096
G1 X112.911 Y172.703 E.01938
G1 X112.749 Y172.229 E.02022
G1 X112.763 Y171.729 E.02019
G1 X112.827 Y171.502 E.00952
G1 X112.999 Y171.186 E.01452
M204 S10000
G1 X113.356 Y171.319 F30000
M204 S3000
;TYPE:External perimeter
;WIDTH:0.419999
G1 F3000
G1 X113.693 Y171.042 E.01628
G1 X114.123 Y170.919 E.01669
G1 X114.529 Y170.969 E.01526
G1 X114.901 Y171.176 E.01589
G1 X115.163 Y171.507 E.01575
G1 X115.278 Y171.914 E.01578
G1 X115.231 Y172.33 E.01562
G1 X115.024 Y172.701 E.01585
G1 X114.693 Y172.963 E.01575
G1 X114.286 Y173.078 E.01578
G1 X113.87 Y173.031 E.01562
G1 X113.499 Y172.824 E.01585
G1 X113.237 Y172.494 E.01572
G1 X113.122 Y172.088 E.01575
G1 X113.143 Y171.754 E.01249
G1 X113.325 Y171.37 E.01586
M204 S10000
G1 X113.215 Y170.945 F30000
G1 X111.67 Y173.943
;TYPE:Solid infill
;WIDTH:0.39365
G1 F9882.353
G1 X112.258 Y174.531 E.0288
G1 X113.125 Y174.911 F30000
G1 F9882.353
G1 X113.106 Y174.982 E.00255
G1 X113.177 Y174.963 E.00255
G1 X113.166 Y174.922 E.00147
;WIDTH:0.419999
G1 F9171.582
G1 X112.877 Y174.78 E.01202
G1 X111.42 Y173.323 E.07689
G1 X111.282 Y173.037 E.01185
;WIDTH:0.39365
G1 F9882.353
G1 X111.293 Y173.078 E.00147
G1 X111.222 Y173.097 E.00255
G1 X111.241 Y173.026 E.00255
;WIDTH:0.419999
G1 F9171.582
G1 X111.172 Y172.557 E.01769
G1 X113.643 Y175.028 E.1304
G1 X114.217 Y175.084 E.02152
G1 X111.116 Y171.983 E.16365
G1 X111.159 Y171.508 E.0178
G1 X114.692 Y175.041 E.18645
G1 X114.097 Y173.752 F30000
G1 F9171.582
G1 X114.472 Y173.767 E.014
G1 X115.126 Y173.529 E.02597
G1 X115.596 Y173.115 E.02337
G1 X115.709 Y172.918 E.00847
G1 X115.936 Y172.427 E.02019
G1 X115.976 Y171.799 E.02348
G1 X115.927 Y171.614 E.00714
G1 X117.168 Y172.834 E.06494
G1 X117.061 Y173.148 E.01238
G1 X116.848 Y173.577 E.01787
G1 X116.512 Y174.031 E.02108
G1 X116.042 Y174.471 E.02402
G1 X115.557 Y174.763 E.02113
G1 X115.087 Y174.95 E.01888
G1 X115.08 Y174.911 E.00148
G1 X113.914 Y173.745 E.06153
G1 X114.839 Y174.081 F30000
;WIDTH:0.520046
G1 F7204.178
G1 X115.222 Y174.464 E.02573
G1 X115.684 Y174.21 E.02505
;WIDTH:0.529706
G1 F7057.993
G1 X116.082 Y173.882 E.02501
G1 X116.415 Y173.477 E.02542
;WIDTH:0.529934
G1 F7054.615
G1 X116.68 Y172.962 E.0281
G1 X116.317 Y172.599 E.02491
G1 X116.086 Y173.105 E.02699
G1 X115.871 Y173.428 E.01882
;WIDTH:0.519607
G1 F7210.966
G1 X115.401 Y173.841 E.0297
;WIDTH:0.520046
G1 F7204.178
G1 X115.194 Y173.96 E.01134
G1 X115.013 Y174.022 E.00909
G1 X115.643 Y171.159 F30000
;WIDTH:0.39365
G1 F9882.353
G1 X115.375 Y170.873 E.01357
G1 X111.309 Y170.94 F30000
;WIDTH:0.419999
G1 F9171.582
G1 X111.552 Y170.423 E.02132
G1 X111.872 Y169.987 E.02018
G1 X112.358 Y169.529 E.02492
G1 X112.876 Y169.22 E.02251
G1 X113.366 Y169.032 E.01958
G1 X113.389 Y169.075 E.00182
G1 X114.574 Y170.26 E.06254
G1 X114.014 Y170.224 E.02094
G1 X113.484 Y170.37 E.02051
G1 X113.181 Y170.537 E.01291
G1 X112.8 Y170.888 E.01933
G1 X112.691 Y171.082 E.0083
G1 X112.464 Y171.572 E.02015
G1 X112.432 Y172.263 E.02581
G1 X111.786 Y171.617 E.03409
G1 X111.25 Y171.113 E.02745
M73 P94 R1
G1 X111.742 Y170.977 E.01905
;WIDTH:0.529922
G1 F7054.793
G1 X112.1 Y171.335 E.02456
G1 X112.388 Y170.756 E.03137
;WIDTH:0.527339
G1 F7093.262
G1 X112.646 Y170.458 E.01902
G1 X112.986 Y170.169 E.02153
;WIDTH:0.519202
G1 F7217.239
G1 X113.373 Y169.97 E.02064
G1 X113.625 Y169.9 E.0124
G1 X113.24 Y169.514 E.02585
G1 X112.741 Y169.773 E.02666
;WIDTH:0.527339
G1 F7093.262
G1 X112.328 Y170.107 E.02563
G1 X111.985 Y170.523 E.02601
;WIDTH:0.526293
G1 F7108.974
G1 X111.828 Y170.815 E.01596
G1 X113.777 Y168.945 F30000
;WIDTH:0.419999
G1 F9171.582
G1 X117.255 Y172.423 E.18354
G1 X117.28 Y171.93 E.01842
G1 X114.27 Y168.92 E.15885
G1 X114.861 Y168.993 E.02222
G1 X117.207 Y171.339 E.1238
G1 X115.688 Y169.301 F30000
G1 F9171.582
G1 X116.899 Y170.512 E.06391
G1 X117.085 Y170.769 E.01184
;WIDTH:0.39365
G1 F9882.353
G1 X117.073 Y170.597 E.00597
G1 X116.681 Y170.096 E.02203
G1 X116.104 Y169.519 E.02826
G1 X115.603 Y169.127 E.02203
G1 X115.429 Y169.116 E.00604
;WIPE_START
G1 F24000
G1 X115.603 Y169.127 E-.01242
G1 X116.104 Y169.519 E-.04532
G1 X116.681 Y170.096 E-.05814
G1 X117.073 Y170.597 E-.04532
G1 X117.085 Y170.769 E-.01228
G1 X116.899 Y170.512 E-.0226
G1 X115.688 Y169.301 E-.12202
;WIPE_END
G1 E-.6819 F1800
G1 Z3.6 F600
G1 X163.416 Y169.596 F30000
G1 Z3.2 F600
G1 E1 F1800
M204 S5000
;TYPE:Perimeter
;WIDTH:0.449999
G1 F3000
G1 X163.678 Y169.339 E.01482
G1 X164.044 Y169.084 E.01801
G1 X164.496 Y168.851 E.02053
G1 X164.981 Y168.696 E.02056
G1 X165.547 Y168.609 E.02312
G1 X166.181 Y168.617 E.0256
G1 X166.682 Y168.708 E.02056
G1 X167.162 Y168.88 E.02059
G1 X167.821 Y169.262 E.03075
G1 X168.209 Y169.591 E.02054
G1 X168.547 Y169.992 E.02117
G1 X168.822 Y170.44 E.02122
G1 X169.071 Y171.058 E.0269
G1 X169.178 Y171.555 E.02052
G1 X169.203 Y172.063 E.02053
G1 X169.183 Y172.381 E.01286
G1 X169.104 Y172.82 E.01801
G1 X168.949 Y173.304 E.02052
G1 X168.705 Y173.773 E.02134
G1 X168.394 Y174.198 E.02126
G1 X167.922 Y174.661 E.02669
G1 X167.556 Y174.916 E.01801
G1 X167.104 Y175.149 E.02053
G1 X166.605 Y175.307 E.02113
G1 X166.082 Y175.389 E.02137
G1 X165.419 Y175.383 E.02677
G1 X164.98 Y175.304 E.01801
G1 X164.496 Y175.149 E.02052
G1 X164.027 Y174.905 E.02134
G1 X163.602 Y174.594 E.02126
G1 X163.139 Y174.122 E.02669
G1 X162.884 Y173.756 E.01801
G1 X162.651 Y173.304 E.02053
G1 X162.493 Y172.803 E.02121
G1 X162.411 Y172.281 E.02133
G1 X162.417 Y171.619 E.02673
G1 X162.496 Y171.18 E.01801
G1 X162.651 Y170.696 E.02052
G1 X162.896 Y170.227 E.02136
G1 X163.206 Y169.802 E.02124
G1 X163.373 Y169.638 E.00945
M204 S10000
G1 X163.14 Y169.314 F30000
M204 S3000
;TYPE:External perimeter
;WIDTH:0.419999
G1 F3000
G1 X163.748 Y168.824 E.02914
G1 X164.269 Y168.538 E.02218
G1 X164.819 Y168.339 E.02183
G1 X165.394 Y168.237 E.02179
G1 X165.913 Y168.218 E.01938
G1 X166.595 Y168.302 E.02564
G1 X167.15 Y168.464 E.02157
G1 X167.615 Y168.679 E.01912
G1 X168.107 Y168.994 E.0218
G1 X168.537 Y169.387 E.02174
G1 X168.976 Y169.947 E.02655
G1 X169.253 Y170.452 E.02149
G1 X169.432 Y170.936 E.01926
G1 X169.557 Y171.505 E.02174
G1 X169.584 Y172.088 E.02178
G1 X169.498 Y172.794 E.02654
G1 X169.336 Y173.349 E.02157
G1 X169.121 Y173.815 E.01915
G1 X168.806 Y174.307 E.0218
G1 X168.413 Y174.737 E.02174
G1 X167.853 Y175.176 E.02655
G1 X167.348 Y175.453 E.02149
G1 X166.864 Y175.632 E.01926
G1 X166.295 Y175.757 E.02174
G1 X165.712 Y175.784 E.02178
G1 X165.005 Y175.698 E.02658
G1 X164.451 Y175.536 E.02154
G1 X163.985 Y175.321 E.01915
G1 X163.493 Y175.006 E.0218
G1 X163.063 Y174.613 E.02174
G1 X162.624 Y174.053 E.02655
G1 X162.347 Y173.548 E.02149
G1 X162.168 Y173.064 E.01926
G1 X162.043 Y172.495 E.02174
G1 X162.016 Y171.912 E.02178
G1 X162.102 Y171.205 E.02658
G1 X162.264 Y170.65 E.02157
G1 X162.479 Y170.185 E.01912
G1 X162.794 Y169.693 E.0218
G1 X163.099 Y169.359 E.01688
M204 S10000
G1 X163.524 Y169.428 F30000
G1 X165.154 Y170.703
M204 S5000
;TYPE:Perimeter
;WIDTH:0.449999
G1 F3000
G1 X165.539 Y170.564 E.01653
G1 X165.752 Y170.539 E.00866
G1 X166.215 Y170.591 E.01881
G1 X166.664 Y170.813 E.02022
G1 X167.052 Y171.234 E.02311
G1 X167.25 Y171.77 E.02307
G1 X167.228 Y172.343 E.02315
G1 X167.024 Y172.801 E.02024
G1 X166.876 Y172.987 E.0096
G1 X166.503 Y173.289 E.01938
G1 X165.993 Y173.456 E.02167
G1 X165.457 Y173.428 E.02167
G1 X164.999 Y173.224 E.02024
G1 X164.813 Y173.076 E.0096
G1 X164.511 Y172.703 E.01938
G1 X164.349 Y172.229 E.02022
G1 X164.363 Y171.73 E.02015
G1 X164.427 Y171.502 E.00956
G1 X164.658 Y171.077 E.01953
G1 X165.034 Y170.747 E.0202
G1 X165.098 Y170.724 E.00275
M204 S10000
G1 X165.295 Y171.041 F30000
M204 S3000
;TYPE:External perimeter
;WIDTH:0.419999
G1 F3000
G1 X165.723 Y170.919 E.01661
G1 X166.129 Y170.969 E.01526
G1 X166.501 Y171.176 E.01589
G1 X166.763 Y171.507 E.01575
G1 X166.878 Y171.914 E.01578
G1 X166.831 Y172.33 E.01562
G1 X166.624 Y172.701 E.01585
G1 X166.293 Y172.963 E.01575
G1 X165.886 Y173.078 E.01578
G1 X165.47 Y173.031 E.01562
G1 X165.099 Y172.824 E.01585
G1 X164.837 Y172.494 E.01572
G1 X164.722 Y172.088 E.01575
G1 X164.743 Y171.754 E.01249
G1 X164.945 Y171.329 E.01756
G1 X165.248 Y171.078 E.01468
M204 S10000
G1 X165.309 Y170.641 F30000
G1 X163.27 Y173.943
;TYPE:Solid infill
;WIDTH:0.39365
G1 F9882.353
G1 X163.858 Y174.531 E.0288
G1 X164.725 Y174.911 F30000
G1 F9882.353
G1 X164.706 Y174.982 E.00255
G1 X164.777 Y174.963 E.00255
G1 X164.766 Y174.922 E.00147
;WIDTH:0.419999
G1 F9171.582
G1 X164.477 Y174.78 E.01202
G1 X163.02 Y173.323 E.07689
G1 X162.882 Y173.037 E.01185
;WIDTH:0.39365
G1 F9882.353
G1 X162.893 Y173.078 E.00147
G1 X162.822 Y173.097 E.00255
G1 X162.841 Y173.026 E.00255
;WIDTH:0.419999
G1 F9171.582
G1 X162.772 Y172.557 E.01769
G1 X165.243 Y175.028 E.1304
G1 X165.817 Y175.084 E.02152
G1 X162.716 Y171.983 E.16365
G1 X162.759 Y171.508 E.0178
G1 X166.292 Y175.041 E.18645
G1 X165.697 Y173.752 F30000
G1 F9171.582
G1 X166.072 Y173.767 E.014
G1 X166.726 Y173.529 E.02597
G1 X167.196 Y173.115 E.02337
G1 X167.309 Y172.918 E.00847
G1 X167.536 Y172.427 E.02019
M73 P94 R0
G1 X167.576 Y171.799 E.02348
G1 X167.527 Y171.614 E.00714
G1 X168.768 Y172.834 E.06494
G1 X168.661 Y173.148 E.01238
G1 X168.448 Y173.577 E.01787
G1 X168.112 Y174.031 E.02108
G1 X167.642 Y174.471 E.02402
G1 X167.157 Y174.763 E.02113
G1 X166.687 Y174.95 E.01888
G1 X166.68 Y174.911 E.00148
G1 X165.514 Y173.745 E.06153
G1 X166.439 Y174.081 F30000
;WIDTH:0.520046
G1 F7204.178
G1 X166.822 Y174.464 E.02573
G1 X167.284 Y174.21 E.02505
;WIDTH:0.529704
G1 F7058.023
G1 X167.671 Y173.893 E.02426
G1 X168.015 Y173.477 E.02618
;WIDTH:0.529933
G1 F7054.63
G1 X168.28 Y172.962 E.0281
G1 X167.917 Y172.599 E.02491
G1 X167.686 Y173.105 E.02699
G1 X167.471 Y173.428 E.01882
;WIDTH:0.519606
G1 F7210.981
G1 X167.001 Y173.841 E.0297
;WIDTH:0.520046
G1 F7204.178
G1 X166.794 Y173.96 E.01134
G1 X166.613 Y174.022 E.00909
G1 X167.243 Y171.159 F30000
;WIDTH:0.39365
G1 F9882.353
G1 X166.975 Y170.873 E.01357
G1 X162.909 Y170.94 F30000
;WIDTH:0.419999
G1 F9171.582
G1 X163.152 Y170.423 E.02132
G1 X163.472 Y169.987 E.02018
G1 X163.958 Y169.529 E.02492
G1 X164.476 Y169.22 E.02251
G1 X164.966 Y169.032 E.01958
G1 X164.989 Y169.075 E.00182
G1 X166.174 Y170.26 E.06254
G1 X165.614 Y170.224 E.02094
G1 X165.084 Y170.37 E.02051
G1 X164.781 Y170.537 E.01291
G1 X164.4 Y170.888 E.01933
G1 X164.291 Y171.082 E.0083
G1 X164.064 Y171.572 E.02015
G1 X164.032 Y172.263 E.02581
G1 X163.386 Y171.617 E.03409
G1 X162.85 Y171.113 E.02745
G1 X163.342 Y170.977 E.01905
;WIDTH:0.529931
G1 F7054.66
G1 X163.7 Y171.335 E.02456
G1 X163.988 Y170.756 E.03137
;WIDTH:0.527339
G1 F7093.262
G1 X164.246 Y170.458 E.01902
G1 X164.586 Y170.169 E.02153
;WIDTH:0.519204
G1 F7217.208
G1 X164.973 Y169.97 E.02064
G1 X165.225 Y169.9 E.0124
G1 X164.84 Y169.514 E.02585
G1 X164.341 Y169.773 E.02666
;WIDTH:0.527339
G1 F7093.262
G1 X163.928 Y170.107 E.02563
G1 X163.585 Y170.523 E.02601
;WIDTH:0.526296
G1 F7108.916
G1 X163.428 Y170.815 E.01596
G1 X165.377 Y168.945 F30000
;WIDTH:0.419999
G1 F9171.582
G1 X168.855 Y172.423 E.18354
G1 X168.88 Y171.93 E.01842
G1 X165.87 Y168.92 E.15885
G1 X166.461 Y168.993 E.02222
G1 X168.807 Y171.339 E.1238
G1 X167.288 Y169.301 F30000
G1 F9171.582
G1 X168.499 Y170.512 E.06391
G1 X168.685 Y170.769 E.01184
;WIDTH:0.39365
G1 F9882.353
G1 X168.673 Y170.597 E.00597
G1 X168.281 Y170.096 E.02203
G1 X167.704 Y169.519 E.02826
G1 X167.203 Y169.127 E.02203
G1 X167.029 Y169.116 E.00604
;LAYER_CHANGE
;Z:3.45
;HEIGHT:0.25
G92 E0
;WIPE_START
G1 F24000
G1 X167.203 Y169.127 E-.01242
G1 X167.704 Y169.519 E-.04532
G1 X168.281 Y170.096 E-.05814
G1 X168.673 Y170.597 E-.04532
G1 X168.685 Y170.769 E-.01228
G1 X168.499 Y170.512 E-.0226
G1 X167.288 Y169.301 E-.12202
;WIPE_END
G1 E-.6819 F1800
G1 Z3.6 F600
G1 X162.414 Y108.008 F30000
G1 Z3.45 F600
G1 E1 F1800
M204 S5000
;TYPE:Perimeter
;WIDTH:0.449999
G1 F3000
G1 X162.417 Y107.619 E.01571
G1 X162.496 Y107.18 E.01801
G1 X162.651 Y106.696 E.02052
G1 X162.896 Y106.227 E.02136
G1 X163.206 Y105.802 E.02124
G1 X163.678 Y105.339 E.02669
G1 X164.097 Y105.049 E.02057
G1 X164.557 Y104.831 E.02055
G1 X165.039 Y104.684 E.02034
G1 X165.54 Y104.61 E.02045
G1 X166.181 Y104.617 E.02588
G1 X166.682 Y104.708 E.02056
G1 X167.162 Y104.88 E.02059
G1 X167.821 Y105.262 E.03075
G1 X168.209 Y105.591 E.02054
G1 X168.547 Y105.992 E.02117
G1 X168.822 Y106.44 E.02122
G1 X169.071 Y107.058 E.0269
G1 X169.178 Y107.555 E.02052
G1 X169.203 Y108.063 E.02053
G1 X169.183 Y108.381 E.01286
G1 X169.104 Y108.82 E.01801
G1 X168.949 Y109.304 E.02052
G1 X168.705 Y109.773 E.02134
G1 X168.394 Y110.198 E.02126
G1 X167.922 Y110.661 E.02669
G1 X167.556 Y110.916 E.01801
G1 X167.104 Y111.149 E.02053
G1 X166.603 Y111.307 E.02121
G1 X166.081 Y111.389 E.02133
G1 X165.419 Y111.383 E.02673
G1 X164.98 Y111.304 E.01801
G1 X164.496 Y111.149 E.02052
G1 X164.027 Y110.904 E.02136
G1 X163.602 Y110.594 E.02124
G1 X163.139 Y110.122 E.02669
G1 X162.884 Y109.756 E.01801
G1 X162.651 Y109.304 E.02053
G1 X162.493 Y108.803 E.02121
G1 X162.411 Y108.281 E.02133
G1 X162.413 Y108.068 E.0086
M204 S10000
G1 X162.02 Y108.004 F30000
M204 S3000
;TYPE:External perimeter
;WIDTH:0.419999
G1 F3000
G1 X162.016 Y107.912 E.00344
G1 X162.103 Y107.204 E.02662
G1 X162.265 Y106.649 E.02157
G1 X162.479 Y106.185 E.01907
G1 X162.794 Y105.693 E.0218
G1 X163.187 Y105.263 E.02174
G1 X163.748 Y104.824 E.02658
G1 X164.269 Y104.538 E.02218
G1 X164.819 Y104.339 E.02183
G1 X165.394 Y104.237 E.02179
G1 X165.902 Y104.217 E.01897
G1 X166.595 Y104.302 E.02605
G1 X167.15 Y104.464 E.02157
G1 X167.615 Y104.679 E.01912
G1 X168.107 Y104.994 E.0218
G1 X168.537 Y105.387 E.02174
G1 X168.976 Y105.947 E.02655
G1 X169.253 Y106.452 E.02149
G1 X169.432 Y106.936 E.01926
G1 X169.557 Y107.505 E.02174
G1 X169.584 Y108.088 E.02178
G1 X169.498 Y108.795 E.02658
G1 X169.336 Y109.349 E.02154
G1 X169.121 Y109.815 E.01915
G1 X168.806 Y110.307 E.0218
G1 X168.413 Y110.737 E.02174
G1 X167.853 Y111.176 E.02655
G1 X167.348 Y111.453 E.02149
G1 X166.864 Y111.632 E.01926
G1 X166.295 Y111.757 E.02174
G1 X165.712 Y111.784 E.02178
G1 X165.005 Y111.698 E.02658
G1 X164.45 Y111.536 E.02157
G1 X163.985 Y111.321 E.01912
G1 X163.493 Y111.006 E.0218
G1 X163.063 Y110.613 E.02174
G1 X162.624 Y110.053 E.02655
G1 X162.347 Y109.548 E.02149
G1 X162.168 Y109.064 E.01926
G1 X162.043 Y108.495 E.02174
G1 X162.023 Y108.064 E.0161
M204 S10000
G1 X162.096 Y107.952 F30000
G1 X165.675 Y106.547
M204 S5000
;TYPE:Perimeter
;WIDTH:0.449999
G1 F3000
G1 X165.743 Y106.539 E.00276
G1 X166.215 Y106.591 E.01917
G1 X166.664 Y106.813 E.02022
G1 X167.052 Y107.234 E.02311
G1 X167.25 Y107.77 E.02307
G1 X167.228 Y108.343 E.02315
G1 X167.024 Y108.801 E.02024
G1 X166.876 Y108.987 E.0096
G1 X166.503 Y109.289 E.01938
G1 X166.029 Y109.451 E.02022
G1 X165.456 Y109.428 E.02315
G1 X164.999 Y109.223 E.02022
G1 X164.813 Y109.076 E.00957
G1 X164.511 Y108.703 E.01938
G1 X164.349 Y108.229 E.02022
G1 X164.363 Y107.729 E.02019
G1 X164.427 Y107.502 E.00952
G1 X164.658 Y107.077 E.01953
G1 X165.034 Y106.747 E.0202
G1 X165.528 Y106.565 E.02125
G1 X165.615 Y106.554 E.00354
M204 S10000
G1 X165.655 Y106.937 F30000
M204 S3000
;TYPE:External perimeter
;WIDTH:0.419999
G1 F3000
G1 X165.715 Y106.919 E.00234
G1 X166.129 Y106.969 E.01556
G1 X166.501 Y107.176 E.01589
G1 X166.763 Y107.507 E.01575
G1 X166.878 Y107.914 E.01578
G1 X166.831 Y108.33 E.01562
G1 X166.624 Y108.701 E.01585
G1 X166.294 Y108.963 E.01572
G1 X165.888 Y109.078 E.01575
G1 X165.471 Y109.031 E.01566
G1 X165.099 Y108.824 E.01589
G1 X164.837 Y108.494 E.01572
G1 X164.722 Y108.088 E.01575
G1 X164.743 Y107.754 E.01249
G1 X164.945 Y107.329 E.01756
G1 X165.292 Y107.042 E.0168
G1 X165.597 Y106.953 E.01186
M204 S10000
G1 X165.665 Y106.874 F30000
G1 X163.857 Y105.47
;TYPE:Solid infill
;WIDTH:0.39365
G1 F9882.353
G1 X163.269 Y106.058 E.0288
G1 X162.889 Y106.925 F30000
G1 F9882.353
G1 X162.818 Y106.906 E.00255
G1 X162.837 Y106.977 E.00255
G1 X162.878 Y106.966 E.00147
;WIDTH:0.419999
G1 F9171.582
G1 X163.02 Y106.677 E.01202
G1 X164.477 Y105.22 E.07689
G1 X164.763 Y105.082 E.01185
;WIDTH:0.39365
G1 F9882.353
G1 X164.722 Y105.093 E.00147
G1 X164.703 Y105.022 E.00255
G1 X164.774 Y105.041 E.00255
;WIDTH:0.419999
G1 F9171.582
G1 X165.243 Y104.972 E.01769
G1 X162.772 Y107.443 E.1304
G1 X162.716 Y108.017 E.02152
G1 X165.813 Y104.92 E.16344
G1 X166.292 Y104.959 E.01793
G1 X162.759 Y108.492 E.18645
G1 X164.048 Y107.897 F30000
G1 F9171.582
G1 X164.033 Y108.271 E.01397
G1 X164.271 Y108.926 E.02601
G1 X164.685 Y109.396 E.02337
G1 X164.882 Y109.509 E.00847
G1 X165.372 Y109.736 E.02015
G1 X166 Y109.776 E.02348
G1 X166.186 Y109.727 E.00718
G1 X164.966 Y110.968 E.06494
G1 X164.652 Y110.861 E.01238
G1 X164.223 Y110.648 E.01787
G1 X163.769 Y110.312 E.02108
G1 X163.329 Y109.842 E.02402
G1 X163.037 Y109.357 E.02113
G1 X162.85 Y108.887 E.01888
G1 X162.889 Y108.88 E.00148
G1 X164.055 Y107.714 E.06153
G1 X163.719 Y108.639 F30000
;WIDTH:0.520046
G1 F7204.178
G1 X163.336 Y109.022 E.02573
G1 X163.59 Y109.484 E.02505
;WIDTH:0.529705
G1 F7058.008
G1 X163.907 Y109.871 E.02426
G1 X164.323 Y110.215 E.02618
;WIDTH:0.529924
G1 F7054.763
G1 X164.838 Y110.48 E.0281
G1 X165.201 Y110.117 E.0249
G1 X164.695 Y109.886 E.02698
G1 X164.372 Y109.671 E.01882
;WIDTH:0.519606
G1 F7210.981
G1 X163.959 Y109.201 E.0297
;WIDTH:0.520046
G1 F7204.178
G1 X163.84 Y108.994 E.01134
G1 X163.778 Y108.813 E.00909
G1 X166.641 Y109.443 F30000
;WIDTH:0.39365
G1 F9882.353
G1 X166.927 Y109.175 E.01357
G1 X166.86 Y105.109 F30000
;WIDTH:0.419999
G1 F9171.582
G1 X167.377 Y105.352 E.02132
G1 X167.831 Y105.688 E.02108
G1 X168.271 Y106.158 E.02402
G1 X168.59 Y106.696 E.02334
G1 X168.768 Y107.166 E.01875
G1 X168.725 Y107.189 E.00182
G1 X167.539 Y108.375 E.06259
G1 X167.567 Y107.728 E.02417
G1 X167.329 Y107.074 E.02597
G1 X166.915 Y106.604 E.02337
G1 X166.718 Y106.491 E.00847
G1 X166.234 Y106.265 E.01993
G1 X165.671 Y106.218 E.02108
G1 X165.517 Y106.252 E.00589
G1 X166.185 Y105.584 E.03525
G1 X166.687 Y105.05 E.02735
G1 X166.823 Y105.542 E.01905
;WIDTH:0.529871
G1 F7055.548
G1 X166.465 Y105.9 E.02456
G1 X167.044 Y106.188 E.03137
;WIDTH:0.529705
G1 F7058.008
G1 X167.335 Y106.443 E.01876
G1 X167.688 Y106.863 E.0266
;WIDTH:0.523923
G1 F7144.786
G1 X167.903 Y107.419 E.02856
G1 X168.283 Y107.039 E.02574
G1 X168.072 Y106.606 E.02307
;WIDTH:0.529705
G1 F7058.008
G1 X167.693 Y106.129 E.02954
G1 X167.277 Y105.786 E.02614
;WIDTH:0.526252
G1 F7109.582
G1 X166.985 Y105.628 E.01598
G1 X168.855 Y107.577 F30000
;WIDTH:0.419999
G1 F9171.582
G1 X165.377 Y111.055 E.18354
G1 X165.87 Y111.08 E.01842
G1 X168.88 Y108.07 E.15885
G1 X168.807 Y108.661 E.02222
G1 X166.461 Y111.007 E.1238
G1 X168.499 Y109.488 F30000
G1 F9171.582
G1 X167.288 Y110.699 E.06391
G1 X167.031 Y110.885 E.01184
;WIDTH:0.39365
G1 F9882.353
G1 X167.203 Y110.873 E.00597
G1 X167.704 Y110.481 E.02203
G1 X168.281 Y109.904 E.02826
G1 X168.673 Y109.403 E.02203
G1 X168.684 Y109.229 E.00604
;WIPE_START
G1 F24000
G1 X168.673 Y109.403 E-.01242
G1 X168.281 Y109.904 E-.04532
G1 X167.704 Y110.481 E-.05814
G1 X167.203 Y110.873 E-.04532
G1 X167.031 Y110.885 E-.01228
G1 X167.288 Y110.699 E-.0226
G1 X168.499 Y109.488 E-.12202
;WIPE_END
G1 E-.6819 F1800
G1 Z3.85 F600
G1 X116.62 Y110.389 F30000
G1 Z3.45 F600
G1 E1 F1800
M204 S5000
;TYPE:Perimeter
;WIDTH:0.449999
G1 F3000
G1 X116.274 Y110.703 E.01886
G1 X115.835 Y110.985 E.02106
G1 X115.348 Y111.202 E.02152
G1 X114.708 Y111.366 E.02667
G1 X114.263 Y111.403 E.01803
G1 X113.755 Y111.378 E.02053
G1 X113.244 Y111.266 E.02112
G1 X112.746 Y111.074 E.02155
G1 X112.179 Y110.739 E.02659
G1 X111.838 Y110.451 E.01802
G1 X111.497 Y110.074 E.02052
G1 X111.215 Y109.634 E.0211
G1 X110.998 Y109.147 E.02152
G1 X110.834 Y108.508 E.02663
G1 X110.797 Y108.063 E.01803
G1 X110.822 Y107.555 E.02053
G1 X110.934 Y107.044 E.02112
G1 X111.126 Y106.546 E.02155
G1 X111.461 Y105.979 E.02659
G1 X111.749 Y105.638 E.01802
G1 X112.126 Y105.297 E.02052
G1 X112.565 Y105.015 E.02106
G1 X113.052 Y104.798 E.02152
G1 X113.677 Y104.637 E.02606
G1 X114.137 Y104.597 E.01864
G1 X114.645 Y104.622 E.02053
G1 X115.142 Y104.729 E.02052
G1 X115.653 Y104.925 E.0221
G1 X116.221 Y105.261 E.02664
G1 X116.609 Y105.591 E.02056
G1 X116.939 Y105.979 E.02056
G1 X117.275 Y106.546 E.02661
G1 X117.471 Y107.058 E.02213
G1 X117.578 Y107.555 E.02052
G1 X117.603 Y108.063 E.02053
G1 X117.578 Y108.445 E.01546
G1 X117.465 Y108.96 E.02129
G1 X117.274 Y109.454 E.02138
G1 X116.939 Y110.021 E.02659
G1 X116.663 Y110.347 E.01724
M204 S10000
G1 X116.881 Y110.677 F30000
M204 S3000
;TYPE:External perimeter
;WIDTH:0.419999
G1 F3000
G1 X116.433 Y111.055 E.02187
G1 X115.823 Y111.416 E.02645
G1 X115.278 Y111.628 E.02182
G1 X114.782 Y111.74 E.01897
G1 X114.2 Y111.79 E.0218
G1 X113.618 Y111.74 E.0218
G1 X112.93 Y111.563 E.02651
G1 X112.396 Y111.326 E.0218
G1 X111.967 Y111.055 E.01894
G1 X111.521 Y110.679 E.02177
G1 X111.145 Y110.233 E.02177
G1 X110.783 Y109.622 E.0265
G1 X110.571 Y109.075 E.02189
G1 X110.46 Y108.582 E.01886
G1 X110.41 Y108 E.0218
G1 X110.46 Y107.418 E.0218
G1 X110.637 Y106.73 E.02651
G1 X110.874 Y106.196 E.0218
G1 X111.145 Y105.767 E.01894
G1 X111.521 Y105.321 E.02177
G1 X111.967 Y104.945 E.02177
G1 X112.577 Y104.584 E.02645
G1 X113.107 Y104.378 E.02122
G1 X113.618 Y104.26 E.01957
G1 X114.2 Y104.21 E.0218
G1 X114.782 Y104.26 E.0218
G1 X115.469 Y104.437 E.02647
G1 X116.003 Y104.673 E.02179
G1 X116.433 Y104.945 E.01899
G1 X116.879 Y105.321 E.02177
G1 X117.255 Y105.767 E.02177
G1 X117.616 Y106.377 E.02645
G1 X117.832 Y106.936 E.02236
G1 X117.957 Y107.505 E.02174
G1 X117.984 Y108.088 E.02178
G1 X117.94 Y108.582 E.01851
G1 X117.763 Y109.27 E.02651
G1 X117.526 Y109.804 E.0218
G1 X117.255 Y110.233 E.01894
G1 X116.92 Y110.631 E.01941
M204 S10000
G1 X116.495 Y110.571 F30000
;WIPE_START
G1 F24000
G1 X116.433 Y111.055 E-.04601
G1 X115.823 Y111.416 E-.0505
G1 X115.278 Y111.628 E-.04167
G1 X114.782 Y111.74 E-.03623
G1 X114.2 Y111.79 E-.04162
G1 X113.618 Y111.74 E-.04162
G1 X112.93 Y111.563 E-.05062
G1 X112.396 Y111.326 E-.04163
G1 X111.967 Y111.055 E-.03615
G1 X111.521 Y110.679 E-.04156
G1 X111.145 Y110.233 E-.04156
G1 X110.783 Y109.622 E-.0506
G1 X110.571 Y109.075 E-.0418
G1 X110.46 Y108.582 E-.03601
G1 X110.41 Y108 E-.04162
G1 X110.46 Y107.418 E-.04162
G1 X110.637 Y106.73 E-.05062
G1 X110.874 Y106.196 E-.04163
G1 X111.145 Y105.767 E-.03615
G1 X111.521 Y105.321 E-.04156
G1 X111.967 Y104.945 E-.04156
G1 X112.577 Y104.584 E-.0505
G1 X113.107 Y104.378 E-.04051
G1 X113.335 Y104.325 E-.01665
;WIPE_END
G1 Z3.85 F600
G1 X114.254 Y106.55 F30000
G1 Z3.45 F600
G1 E1 F1800
M204 S5000
;TYPE:Perimeter
;WIDTH:0.449999
G1 F3000
G1 X114.648 Y106.609 E.01608
G1 X114.871 Y106.703 E.00977
G1 X115.263 Y106.988 E.01957
G1 X115.557 Y107.438 E.0217
G1 X115.668 Y107.963 E.02166
G1 X115.571 Y108.527 E.0231
G1 X115.308 Y108.954 E.02025
G1 X115.136 Y109.12 E.00965
G1 X114.727 Y109.371 E.01937
G1 X114.237 Y109.467 E.02016
G1 X113.673 Y109.371 E.0231
G1 X113.246 Y109.108 E.02025
G1 X113.08 Y108.936 E.00965
G1 X112.895 Y108.66 E.01341
G1 X112.808 Y108.443 E.00944
G1 X112.733 Y107.962 E.01965
G1 X112.843 Y107.438 E.02162
G1 X113.137 Y106.988 E.0217
G1 X113.603 Y106.658 E.02305
G1 X114.143 Y106.533 E.02238
G1 X114.195 Y106.541 E.00212
M204 S10000
G1 X114.215 Y106.917 F30000
M204 S3000
;TYPE:External perimeter
;WIDTH:0.419999
G1 F3000
G1 X114.659 Y107.019 E.017
G1 X115.003 Y107.277 E.01605
G1 X115.219 Y107.636 E.01563
G1 X115.281 Y108.052 E.01569
G1 X115.181 Y108.459 E.01564
G1 X114.923 Y108.803 E.01605
G1 X114.568 Y109.018 E.01549
G1 X114.144 Y109.08 E.01599
G1 X113.741 Y108.981 E.01549
G1 X113.397 Y108.724 E.01602
G1 X113.212 Y108.448 E.0124
G1 X113.113 Y107.987 E.01759
G1 X113.219 Y107.541 E.01711
G1 X113.477 Y107.197 E.01605
G1 X113.846 Y106.979 E.01599
G1 X114.156 Y106.926 E.01174
M204 S10000
G1 X114.425 Y106.577 F30000
G1 X112.257 Y105.47
;TYPE:Solid infill
;WIDTH:0.39365
G1 F9882.353
G1 X111.669 Y106.058 E.0288
G1 X111.289 Y106.925 F30000
G1 F9882.353
G1 X111.218 Y106.906 E.00255
G1 X111.237 Y106.977 E.00255
G1 X111.278 Y106.966 E.00147
;WIDTH:0.419999
G1 F9171.582
G1 X111.42 Y106.677 E.01202
G1 X112.877 Y105.22 E.07689
G1 X113.163 Y105.082 E.01185
;WIDTH:0.39365
G1 F9882.353
G1 X113.122 Y105.093 E.00147
G1 X113.103 Y105.022 E.00255
G1 X113.174 Y105.041 E.00255
;WIDTH:0.419999
G1 F9171.582
G1 X113.643 Y104.972 E.01769
G1 X111.172 Y107.443 E.1304
G1 X111.116 Y108.017 E.02152
G1 X114.213 Y104.92 E.16344
G1 X114.692 Y104.959 E.01793
G1 X111.159 Y108.492 E.18645
G1 X112.437 Y107.885 F30000
G1 F9171.582
G1 X112.414 Y108.035 E.00566
G1 X112.561 Y108.715 E.02596
G1 X112.912 Y109.238 E.0235
G1 X113.093 Y109.376 E.00849
G1 X113.55 Y109.665 E.02018
G1 X114.165 Y109.786 E.02339
G1 X114.599 Y109.715 E.01641
G1 X113.366 Y110.968 E.0656
G1 X113.052 Y110.861 E.01238
G1 X112.623 Y110.648 E.01787
G1 X112.091 Y110.244 E.02493
G1 X111.729 Y109.842 E.02019
G1 X111.436 Y109.356 E.02118
G1 X111.25 Y108.887 E.01883
G1 X111.289 Y108.88 E.00148
G1 X112.465 Y107.704 E.06206
G1 X112.11 Y108.647 F30000
;WIDTH:0.51893
G1 F7221.459
G1 X111.735 Y109.022 E.02513
;WIDTH:0.529967
G1 F7054.126
G1 X112.079 Y109.607 E.03293
G1 X112.446 Y110.002 E.02616
;WIDTH:0.529705
G1 F7058.008
G1 X112.857 Y110.298 E.02456
G1 X113.24 Y110.488 E.02073
;WIDTH:0.516396
G1 F7261.003
G1 X113.625 Y110.102 E.0257
;WIDTH:0.519667
G1 F7210.038
G1 X113.251 Y109.983 E.01863
;WIDTH:0.519781
G1 F7208.274
G1 X112.73 Y109.633 E.0298
;WIDTH:0.529967
G1 F7054.126
G1 X112.475 Y109.342 E.01877
G1 X112.213 Y108.942 E.0232
;WIDTH:0.51893
G1 F7221.459
G1 X112.17 Y108.82 E.00613
G1 X115.087 Y105.05 F30000
;WIDTH:0.419999
G1 F9171.582
G1 X114.623 Y105.546 E.02535
G1 X113.913 Y106.256 E.03747
G1 X114.145 Y106.212 E.00881
G1 X114.856 Y106.337 E.02694
G1 X115.307 Y106.624 E.01995
G1 X115.488 Y106.762 E.00849
G1 X115.836 Y107.281 E.02332
G1 X115.988 Y107.964 E.02611
G1 X115.915 Y108.399 E.01646
G1 X117.125 Y107.189 E.06386
G1 X117.168 Y107.166 E.00182
G1 X116.957 Y106.631 E.02146
G1 X116.671 Y106.158 E.02063
G1 X116.309 Y105.756 E.02019
G1 X115.777 Y105.352 E.02493
G1 X115.26 Y105.109 E.02132
G1 X115.222 Y105.535 E.01596
;WIDTH:0.518824
G1 F7223.104
G1 X114.848 Y105.909 E.02506
;WIDTH:0.51971
G1 F7209.372
G1 X115.151 Y106.018 E.01529
G1 X115.67 Y106.367 E.02969
;WIDTH:0.529934
G1 F7054.615
G1 X115.925 Y106.658 E.01877
G1 X116.21 Y107.098 E.02543
;WIDTH:0.516391
G1 F7261.081
G1 X116.302 Y107.425 E.01601
G1 X116.688 Y107.04 E.0257
;WIDTH:0.52963
G1 F7059.12
G1 X116.498 Y106.657 E.02073
G1 X116.202 Y106.246 E.02456
;WIDTH:0.529935
G1 F7054.6
G1 X115.832 Y105.898 E.02464
G1 X115.386 Y105.617 E.02557
G1 X117.255 Y107.577 F30000
;WIDTH:0.419999
G1 F9171.582
G1 X113.777 Y111.055 E.18354
G1 X114.27 Y111.08 E.01842
G1 X117.28 Y108.07 E.15885
G1 X117.207 Y108.661 E.02222
G1 X114.861 Y111.007 E.1238
G1 X116.899 Y109.488 F30000
G1 F9171.582
G1 X115.688 Y110.699 E.06391
G1 X115.431 Y110.885 E.01184
;WIDTH:0.39365
G1 F9882.353
G1 X115.603 Y110.873 E.00597
G1 X116.104 Y110.481 E.02203
G1 X116.681 Y109.904 E.02826
G1 X117.073 Y109.403 E.02203
G1 X117.084 Y109.229 E.00604
;WIPE_START
G1 F24000
G1 X117.073 Y109.403 E-.01242
G1 X116.681 Y109.904 E-.04532
G1 X116.104 Y110.481 E-.05814
G1 X115.603 Y110.873 E-.04532
G1 X115.431 Y110.885 E-.01228
G1 X115.688 Y110.699 E-.0226
G1 X116.899 Y109.488 E-.12202
;WIPE_END
G1 E-.6819 F1800
G1 Z3.85 F600
G1 X117.286 Y170.6 F30000
G1 Z3.45 F600
G1 E1 F1800
M204 S5000
;TYPE:Perimeter
;WIDTH:0.449999
G1 F3000
G1 X117.471 Y171.058 E.01994
G1 X117.578 Y171.555 E.02052
G1 X117.603 Y172.063 E.02053
G1 X117.583 Y172.381 E.01286
G1 X117.504 Y172.82 E.01801
G1 X117.349 Y173.304 E.02052
G1 X117.105 Y173.773 E.02134
G1 X116.794 Y174.198 E.02126
G1 X116.322 Y174.661 E.02669
G1 X115.956 Y174.916 E.01801
G1 X115.504 Y175.149 E.02053
G1 X115.005 Y175.307 E.02113
G1 X114.482 Y175.389 E.02137
G1 X113.819 Y175.383 E.02677
G1 X113.38 Y175.304 E.01801
G1 X112.896 Y175.149 E.02052
G1 X112.427 Y174.905 E.02134
G1 X112.002 Y174.594 E.02126
G1 X111.539 Y174.122 E.02669
G1 X111.284 Y173.756 E.01801
G1 X111.051 Y173.304 E.02053
G1 X110.893 Y172.803 E.02121
G1 X110.811 Y172.281 E.02133
G1 X110.817 Y171.619 E.02673
G1 X110.896 Y171.18 E.01801
G1 X111.051 Y170.696 E.02052
G1 X111.296 Y170.227 E.02136
G1 X111.606 Y169.802 E.02124
G1 X112.078 Y169.339 E.02669
G1 X112.497 Y169.049 E.02057
G1 X112.957 Y168.831 E.02055
G1 X113.44 Y168.684 E.02038
G1 X113.94 Y168.61 E.02041
G1 X114.581 Y168.617 E.02588
G1 X115.082 Y168.708 E.02056
G1 X115.562 Y168.88 E.02059
G1 X116.221 Y169.262 E.03075
G1 X116.609 Y169.591 E.02054
G1 X116.947 Y169.992 E.02117
G1 X117.222 Y170.44 E.02122
M73 P95 R0
G1 X117.264 Y170.544 E.00453
M204 S10000
G1 X117.653 Y170.452 F30000
M204 S3000
;TYPE:External perimeter
;WIDTH:0.419999
G1 F3000
G1 X117.832 Y170.936 E.01926
G1 X117.957 Y171.505 E.02174
G1 X117.984 Y172.088 E.02178
G1 X117.898 Y172.795 E.02658
G1 X117.736 Y173.349 E.02154
G1 X117.521 Y173.815 E.01915
G1 X117.206 Y174.307 E.0218
G1 X116.813 Y174.737 E.02174
G1 X116.253 Y175.176 E.02655
G1 X115.748 Y175.453 E.02149
G1 X115.264 Y175.632 E.01926
G1 X114.695 Y175.757 E.02174
G1 X114.112 Y175.784 E.02178
G1 X113.405 Y175.698 E.02658
G1 X112.851 Y175.536 E.02154
G1 X112.385 Y175.321 E.01915
G1 X111.893 Y175.006 E.0218
G1 X111.463 Y174.613 E.02174
G1 X111.024 Y174.053 E.02655
G1 X110.746 Y173.548 E.02151
G1 X110.568 Y173.064 E.01924
G1 X110.443 Y172.495 E.02174
G1 X110.416 Y171.912 E.02178
G1 X110.503 Y171.204 E.02662
G1 X110.665 Y170.649 E.02157
G1 X110.879 Y170.185 E.01907
G1 X111.194 Y169.693 E.0218
G1 X111.587 Y169.263 E.02174
G1 X112.148 Y168.824 E.02658
G1 X112.669 Y168.538 E.02218
G1 X113.219 Y168.339 E.02183
G1 X113.794 Y168.237 E.02179
G1 X114.301 Y168.217 E.01893
G1 X114.996 Y168.303 E.02613
G1 X115.551 Y168.465 E.02157
G1 X116.015 Y168.679 E.01907
G1 X116.507 Y168.994 E.0218
G1 X116.937 Y169.387 E.02174
G1 X117.376 Y169.947 E.02655
G1 X117.624 Y170.399 E.01924
M204 S10000
G1 X117.423 Y170.779 F30000
G1 X113.028 Y171.134
M204 S5000
;TYPE:Perimeter
;WIDTH:0.449999
G1 F3000
G1 X113.058 Y171.077 E.0026
G1 X113.434 Y170.747 E.0202
G1 X113.929 Y170.565 E.02129
G1 X114.143 Y170.539 E.0087
G1 X114.615 Y170.591 E.01917
G1 X115.064 Y170.813 E.02022
G1 X115.452 Y171.234 E.02311
G1 X115.65 Y171.77 E.02307
G1 X115.628 Y172.343 E.02315
G1 X115.424 Y172.801 E.02024
G1 X115.276 Y172.987 E.0096
G1 X114.903 Y173.289 E.01938
G1 X114.393 Y173.456 E.02167
G1 X113.857 Y173.428 E.02167
G1 X113.399 Y173.224 E.02024
G1 X113.213 Y173.076 E.0096
G1 X112.911 Y172.703 E.01938
G1 X112.749 Y172.229 E.02022
G1 X112.763 Y171.729 E.02019
G1 X112.827 Y171.502 E.00952
G1 X112.999 Y171.186 E.01452
M204 S10000
G1 X113.343 Y171.332 F30000
M204 S3000
;TYPE:External perimeter
;WIDTH:0.419999
G1 F3000
G1 X113.692 Y171.042 E.01693
G1 X114.115 Y170.919 E.01644
G1 X114.529 Y170.969 E.01556
G1 X114.901 Y171.176 E.01589
G1 X115.163 Y171.507 E.01575
G1 X115.278 Y171.914 E.01578
G1 X115.231 Y172.33 E.01562
G1 X115.024 Y172.701 E.01585
G1 X114.693 Y172.963 E.01575
G1 X114.286 Y173.078 E.01578
G1 X113.87 Y173.031 E.01562
G1 X113.5 Y172.824 E.01582
G1 X113.237 Y172.494 E.01575
G1 X113.122 Y172.088 E.01575
G1 X113.143 Y171.754 E.01249
G1 X113.317 Y171.387 E.01516
M204 S10000
G1 X113.199 Y170.959 F30000
G1 X112.257 Y169.47
;TYPE:Solid infill
;WIDTH:0.39365
G1 F9882.353
G1 X111.669 Y170.058 E.0288
G1 X111.289 Y170.925 F30000
G1 F9882.353
G1 X111.218 Y170.906 E.00255
G1 X111.237 Y170.977 E.00255
G1 X111.278 Y170.966 E.00147
;WIDTH:0.419999
G1 F9171.582
G1 X111.42 Y170.677 E.01202
G1 X112.877 Y169.22 E.07689
G1 X113.163 Y169.082 E.01185
;WIDTH:0.39365
G1 F9882.353
G1 X113.122 Y169.093 E.00147
G1 X113.103 Y169.022 E.00255
G1 X113.174 Y169.041 E.00255
;WIDTH:0.419999
G1 F9171.582
G1 X113.643 Y168.972 E.01769
G1 X111.172 Y171.443 E.1304
G1 X111.116 Y172.017 E.02152
G1 X114.213 Y168.92 E.16344
G1 X114.692 Y168.959 E.01793
G1 X111.159 Y172.492 E.18645
G1 X112.448 Y171.897 F30000
G1 F9171.582
G1 X112.433 Y172.271 E.01397
G1 X112.671 Y172.926 E.02601
G1 X113.085 Y173.396 E.02337
G1 X113.282 Y173.509 E.00847
G1 X113.773 Y173.736 E.02019
G1 X114.401 Y173.776 E.02348
G1 X114.586 Y173.727 E.00714
G1 X113.366 Y174.968 E.06494
G1 X113.052 Y174.861 E.01238
G1 X112.623 Y174.648 E.01787
G1 X112.169 Y174.312 E.02108
G1 X111.729 Y173.842 E.02402
G1 X111.437 Y173.357 E.02113
G1 X111.25 Y172.887 E.01888
G1 X111.289 Y172.88 E.00148
G1 X112.455 Y171.714 E.06153
G1 X112.119 Y172.639 F30000
;WIDTH:0.520025
G1 F7204.503
G1 X111.736 Y173.022 E.02573
G1 X111.99 Y173.484 E.02505
;WIDTH:0.529706
G1 F7057.993
G1 X112.307 Y173.871 E.02426
G1 X112.723 Y174.215 E.02618
;WIDTH:0.529934
G1 F7054.615
G1 X113.238 Y174.48 E.0281
G1 X113.601 Y174.117 E.02491
G1 X113.095 Y173.886 E.02699
G1 X112.772 Y173.671 E.01882
;WIDTH:0.519607
G1 F7210.966
G1 X112.359 Y173.201 E.0297
;WIDTH:0.520025
G1 F7204.503
G1 X112.24 Y172.994 E.01134
G1 X112.178 Y172.813 E.00909
G1 X115.041 Y173.443 F30000
;WIDTH:0.39365
G1 F9882.353
G1 X115.327 Y173.175 E.01357
G1 X115.26 Y169.109 F30000
;WIDTH:0.419999
G1 F9171.582
G1 X115.777 Y169.352 E.02132
G1 X116.231 Y169.688 E.02108
G1 X116.671 Y170.158 E.02402
G1 X116.99 Y170.696 E.02334
G1 X117.168 Y171.166 E.01875
G1 X117.125 Y171.189 E.00182
G1 X115.939 Y172.375 E.06259
G1 X115.967 Y171.728 E.02417
G1 X115.729 Y171.074 E.02597
G1 X115.315 Y170.604 E.02337
G1 X115.118 Y170.491 E.00847
G1 X114.634 Y170.265 E.01993
G1 X114.071 Y170.218 E.02108
G1 X113.917 Y170.253 E.00589
G1 X114.585 Y169.584 E.03528
G1 X115.087 Y169.05 E.02735
G1 X115.223 Y169.542 E.01905
;WIDTH:0.529864
G1 F7055.652
G1 X114.865 Y169.9 E.02456
G1 X115.444 Y170.188 E.03137
;WIDTH:0.529706
G1 F7057.993
G1 X115.735 Y170.443 E.01876
G1 X116.088 Y170.863 E.0266
;WIDTH:0.523921
G1 F7144.817
G1 X116.303 Y171.419 E.02856
G1 X116.683 Y171.039 E.02574
G1 X116.472 Y170.606 E.02307
;WIDTH:0.529706
G1 F7057.993
G1 X116.093 Y170.129 E.02954
G1 X115.677 Y169.786 E.02614
;WIDTH:0.526249
G1 F7109.621
G1 X115.385 Y169.628 E.01598
G1 X117.255 Y171.577 F30000
;WIDTH:0.419999
G1 F9171.582
G1 X113.777 Y175.055 E.18354
G1 X114.27 Y175.08 E.01842
G1 X117.28 Y172.07 E.15885
G1 X117.207 Y172.661 E.02222
G1 X114.861 Y175.007 E.1238
G1 X116.899 Y173.488 F30000
G1 F9171.582
G1 X115.688 Y174.699 E.06391
G1 X115.431 Y174.885 E.01184
;WIDTH:0.39365
G1 F9882.353
G1 X115.603 Y174.873 E.00597
G1 X116.104 Y174.481 E.02203
G1 X116.681 Y173.904 E.02826
G1 X117.073 Y173.403 E.02203
G1 X117.084 Y173.229 E.00604
;WIPE_START
G1 F24000
G1 X117.073 Y173.403 E-.01242
G1 X116.681 Y173.904 E-.04532
G1 X116.104 Y174.481 E-.05814
G1 X115.603 Y174.873 E-.04532
G1 X115.431 Y174.885 E-.01228
G1 X115.688 Y174.699 E-.0226
G1 X116.899 Y173.488 E-.12202
;WIPE_END
G1 E-.6819 F1800
G1 Z3.85 F600
G1 X163.401 Y169.611 F30000
G1 Z3.45 F600
G1 E1 F1800
M204 S5000
;TYPE:Perimeter
;WIDTH:0.449999
G1 F3000
G1 X163.678 Y169.339 E.01567
G1 X164.097 Y169.049 E.02057
G1 X164.557 Y168.831 E.02055
G1 X165.04 Y168.684 E.02038
G1 X165.54 Y168.61 E.02041
G1 X166.181 Y168.617 E.02588
G1 X166.682 Y168.708 E.02056
G1 X167.162 Y168.88 E.02059
G1 X167.821 Y169.262 E.03075
G1 X168.209 Y169.591 E.02054
G1 X168.547 Y169.992 E.02117
G1 X168.822 Y170.44 E.02122
G1 X169.071 Y171.058 E.0269
G1 X169.178 Y171.555 E.02052
G1 X169.203 Y172.063 E.02053
G1 X169.183 Y172.381 E.01286
G1 X169.104 Y172.82 E.01801
G1 X168.949 Y173.304 E.02052
G1 X168.705 Y173.773 E.02134
G1 X168.394 Y174.198 E.02126
G1 X167.922 Y174.661 E.02669
G1 X167.556 Y174.916 E.01801
G1 X167.104 Y175.149 E.02053
G1 X166.605 Y175.307 E.02113
G1 X166.082 Y175.389 E.02137
G1 X165.419 Y175.383 E.02677
G1 X164.98 Y175.304 E.01801
G1 X164.496 Y175.149 E.02052
G1 X164.027 Y174.905 E.02134
G1 X163.602 Y174.594 E.02126
G1 X163.139 Y174.122 E.02669
G1 X162.884 Y173.756 E.01801
G1 X162.651 Y173.304 E.02053
G1 X162.493 Y172.803 E.02121
G1 X162.411 Y172.281 E.02133
G1 X162.417 Y171.619 E.02673
G1 X162.496 Y171.18 E.01801
G1 X162.651 Y170.696 E.02052
G1 X162.896 Y170.227 E.02136
G1 X163.206 Y169.802 E.02124
G1 X163.358 Y169.653 E.00859
M204 S10000
G1 X163.126 Y169.33 F30000
M204 S3000
;TYPE:External perimeter
;WIDTH:0.419999
G1 F3000
G1 X163.187 Y169.263 E.00338
G1 X163.748 Y168.824 E.02658
G1 X164.269 Y168.538 E.02218
G1 X164.819 Y168.339 E.02183
G1 X165.394 Y168.237 E.02179
G1 X165.901 Y168.217 E.01893
G1 X166.595 Y168.302 E.02609
G1 X167.15 Y168.464 E.02157
G1 X167.615 Y168.679 E.01912
G1 X168.107 Y168.994 E.0218
G1 X168.537 Y169.387 E.02174
G1 X168.976 Y169.947 E.02655
G1 X169.253 Y170.452 E.02149
G1 X169.432 Y170.936 E.01926
G1 X169.557 Y171.505 E.02174
G1 X169.584 Y172.088 E.02178
G1 X169.498 Y172.795 E.02658
G1 X169.336 Y173.349 E.02154
G1 X169.121 Y173.815 E.01915
G1 X168.806 Y174.307 E.0218
G1 X168.413 Y174.737 E.02174
G1 X167.853 Y175.176 E.02655
G1 X167.348 Y175.453 E.02149
G1 X166.864 Y175.632 E.01926
G1 X166.295 Y175.757 E.02174
G1 X165.712 Y175.784 E.02178
G1 X165.005 Y175.698 E.02658
G1 X164.451 Y175.536 E.02154
G1 X163.985 Y175.321 E.01915
G1 X163.493 Y175.006 E.0218
G1 X163.063 Y174.613 E.02174
G1 X162.624 Y174.053 E.02655
G1 X162.347 Y173.548 E.02149
G1 X162.168 Y173.064 E.01926
G1 X162.043 Y172.495 E.02174
G1 X162.016 Y171.912 E.02178
G1 X162.102 Y171.205 E.02658
G1 X162.264 Y170.65 E.02157
G1 X162.479 Y170.185 E.01912
G1 X162.794 Y169.693 E.0218
G1 X163.085 Y169.374 E.01611
M204 S10000
G1 X163.215 Y169.347 F30000
G1 X165.152 Y170.704
M204 S5000
;TYPE:Perimeter
;WIDTH:0.449999
G1 F3000
G1 X165.529 Y170.565 E.01622
G1 X165.743 Y170.539 E.0087
G1 X166.215 Y170.591 E.01917
G1 X166.664 Y170.813 E.02022
G1 X167.052 Y171.234 E.02311
G1 X167.25 Y171.77 E.02307
G1 X167.228 Y172.343 E.02315
G1 X167.024 Y172.801 E.02024
G1 X166.876 Y172.987 E.0096
G1 X166.503 Y173.289 E.01938
G1 X165.993 Y173.456 E.02167
G1 X165.457 Y173.428 E.02167
G1 X164.999 Y173.224 E.02024
G1 X164.813 Y173.076 E.0096
G1 X164.511 Y172.703 E.01938
G1 X164.349 Y172.229 E.02022
G1 X164.363 Y171.73 E.02015
G1 X164.427 Y171.502 E.00956
G1 X164.658 Y171.077 E.01953
G1 X165.034 Y170.747 E.0202
G1 X165.095 Y170.725 E.00262
M204 S10000
G1 X165.281 Y171.051 F30000
M204 S3000
;TYPE:External perimeter
;WIDTH:0.419999
G1 F3000
G1 X165.715 Y170.919 E.01693
G1 X166.129 Y170.969 E.01556
G1 X166.501 Y171.176 E.01589
G1 X166.763 Y171.507 E.01575
G1 X166.878 Y171.914 E.01578
G1 X166.831 Y172.33 E.01562
G1 X166.624 Y172.701 E.01585
G1 X166.293 Y172.963 E.01575
G1 X165.886 Y173.078 E.01578
G1 X165.47 Y173.031 E.01562
G1 X165.099 Y172.824 E.01585
G1 X164.837 Y172.494 E.01572
G1 X164.722 Y172.088 E.01575
G1 X164.743 Y171.754 E.01249
G1 X164.945 Y171.329 E.01756
G1 X165.235 Y171.089 E.01405
M204 S10000
G1 X165.29 Y170.651 F30000
G1 X163.857 Y169.47
;TYPE:Solid infill
;WIDTH:0.39365
G1 F9882.353
G1 X163.269 Y170.058 E.0288
G1 X162.889 Y170.925 F30000
G1 F9882.353
G1 X162.818 Y170.906 E.00255
G1 X162.837 Y170.977 E.00255
G1 X162.878 Y170.966 E.00147
;WIDTH:0.419999
G1 F9171.582
G1 X163.02 Y170.677 E.01202
G1 X164.477 Y169.22 E.07689
G1 X164.763 Y169.082 E.01185
;WIDTH:0.39365
G1 F9882.353
G1 X164.722 Y169.093 E.00147
G1 X164.703 Y169.022 E.00255
G1 X164.774 Y169.041 E.00255
;WIDTH:0.419999
G1 F9171.582
G1 X165.243 Y168.972 E.01769
G1 X162.772 Y171.443 E.1304
G1 X162.716 Y172.017 E.02152
G1 X165.813 Y168.92 E.16344
G1 X166.292 Y168.959 E.01793
G1 X162.759 Y172.492 E.18645
G1 X164.048 Y171.897 F30000
G1 F9171.582
G1 X164.033 Y172.271 E.01397
G1 X164.271 Y172.926 E.02601
G1 X164.685 Y173.396 E.02337
G1 X164.882 Y173.509 E.00847
G1 X165.373 Y173.736 E.02019
G1 X166.001 Y173.776 E.02348
G1 X166.187 Y173.727 E.00718
G1 X164.966 Y174.968 E.06497
G1 X164.652 Y174.861 E.01238
G1 X164.223 Y174.648 E.01787
G1 X163.769 Y174.312 E.02108
G1 X163.329 Y173.842 E.02402
G1 X163.037 Y173.357 E.02113
G1 X162.85 Y172.887 E.01888
G1 X162.889 Y172.88 E.00148
G1 X164.055 Y171.714 E.06153
G1 X163.719 Y172.639 F30000
;WIDTH:0.520046
G1 F7204.178
G1 X163.336 Y173.022 E.02573
G1 X163.59 Y173.484 E.02505
;WIDTH:0.529703
G1 F7058.038
G1 X163.907 Y173.871 E.02426
G1 X164.323 Y174.215 E.02618
;WIDTH:0.529933
G1 F7054.63
G1 X164.838 Y174.48 E.0281
G1 X165.201 Y174.117 E.02491
G1 X164.695 Y173.886 E.02699
G1 X164.372 Y173.671 E.01882
;WIDTH:0.519606
G1 F7210.981
G1 X163.959 Y173.201 E.0297
;WIDTH:0.520046
G1 F7204.178
G1 X163.84 Y172.994 E.01134
G1 X163.778 Y172.813 E.00909
G1 X166.641 Y173.443 F30000
;WIDTH:0.39365
G1 F9882.353
G1 X166.927 Y173.175 E.01357
G1 X166.86 Y169.109 F30000
;WIDTH:0.419999
G1 F9171.582
G1 X167.377 Y169.352 E.02132
G1 X167.831 Y169.688 E.02108
G1 X168.271 Y170.158 E.02402
G1 X168.59 Y170.696 E.02334
G1 X168.768 Y171.166 E.01875
G1 X168.725 Y171.189 E.00182
G1 X167.539 Y172.375 E.06259
G1 X167.567 Y171.728 E.02417
G1 X167.329 Y171.074 E.02597
G1 X166.915 Y170.604 E.02337
G1 X166.718 Y170.491 E.00847
G1 X166.234 Y170.265 E.01993
G1 X165.671 Y170.218 E.02108
G1 X165.517 Y170.253 E.00589
G1 X166.185 Y169.584 E.03528
G1 X166.687 Y169.05 E.02735
G1 X166.823 Y169.542 E.01905
;WIDTH:0.529871
G1 F7055.548
G1 X166.465 Y169.9 E.02456
G1 X167.044 Y170.188 E.03137
;WIDTH:0.529705
G1 F7058.008
G1 X167.335 Y170.443 E.01876
G1 X167.688 Y170.863 E.0266
;WIDTH:0.523924
G1 F7144.771
G1 X167.903 Y171.419 E.02856
G1 X168.283 Y171.039 E.02574
G1 X168.072 Y170.606 E.02307
;WIDTH:0.529705
G1 F7058.008
G1 X167.693 Y170.129 E.02954
G1 X167.277 Y169.786 E.02614
;WIDTH:0.526252
G1 F7109.578
G1 X166.985 Y169.628 E.01598
G1 X168.855 Y171.577 F30000
;WIDTH:0.419999
G1 F9171.582
G1 X165.377 Y175.055 E.18354
G1 X165.87 Y175.08 E.01842
G1 X168.88 Y172.07 E.15885
G1 X168.807 Y172.661 E.02222
G1 X166.461 Y175.007 E.1238
G1 X168.499 Y173.488 F30000
G1 F9171.582
G1 X167.288 Y174.699 E.06391
G1 X167.031 Y174.885 E.01184
;WIDTH:0.39365
G1 F9882.353
G1 X167.203 Y174.873 E.00597
G1 X167.704 Y174.481 E.02203
G1 X168.281 Y173.904 E.02826
G1 X168.673 Y173.403 E.02203
G1 X168.684 Y173.229 E.00604
;LAYER_CHANGE
;Z:3.7
;HEIGHT:0.25
G92 E0
;WIPE_START
G1 F24000
G1 X168.673 Y173.403 E-.01242
G1 X168.281 Y173.904 E-.04532
G1 X167.704 Y174.481 E-.05814
G1 X167.203 Y174.873 E-.04532
G1 X167.031 Y174.885 E-.01228
G1 X167.288 Y174.699 E-.0226
G1 X168.499 Y173.488 E-.12202
;WIPE_END
G1 E-.6819 F1800
G1 Z3.85 F600
G1 X162.413 Y108.036 F30000
G1 Z3.7 F600
G1 E1 F1800
M204 S5000
;TYPE:Perimeter
;WIDTH:0.449999
G1 F3000
G1 X162.417 Y107.619 E.01684
G1 X162.496 Y107.18 E.01801
G1 X162.651 Y106.696 E.02052
G1 X162.896 Y106.227 E.02136
G1 X163.206 Y105.802 E.02124
G1 X163.601 Y105.406 E.02258
G1 X164.044 Y105.084 E.02211
G1 X164.496 Y104.851 E.02053
G1 X164.98 Y104.696 E.02052
G1 X165.56 Y104.614 E.02365
G1 X166.181 Y104.617 E.02507
G1 X166.682 Y104.708 E.02056
G1 X167.162 Y104.88 E.02059
G1 X167.821 Y105.262 E.03075
G1 X168.209 Y105.591 E.02054
G1 X168.547 Y105.992 E.02117
G1 X168.822 Y106.44 E.02122
G1 X169.071 Y107.058 E.0269
G1 X169.178 Y107.555 E.02052
G1 X169.203 Y108.063 E.02053
G1 X169.183 Y108.381 E.01286
G1 X169.104 Y108.82 E.01801
G1 X168.949 Y109.304 E.02052
G1 X168.705 Y109.773 E.02134
G1 X168.394 Y110.198 E.02126
G1 X167.922 Y110.661 E.02669
G1 X167.556 Y110.916 E.01801
G1 X167.104 Y111.149 E.02053
G1 X166.603 Y111.307 E.02121
G1 X166.081 Y111.389 E.02133
G1 X165.419 Y111.383 E.02673
G1 X164.98 Y111.304 E.01801
G1 X164.496 Y111.149 E.02052
G1 X164.027 Y110.904 E.02136
G1 X163.602 Y110.594 E.02124
G1 X163.139 Y110.122 E.02669
G1 X162.884 Y109.756 E.01801
G1 X162.651 Y109.304 E.02053
G1 X162.493 Y108.803 E.02121
G1 X162.411 Y108.281 E.02133
G1 X162.413 Y108.095 E.00751
M204 S10000
G1 X162.02 Y108.032 F30000
M204 S3000
;TYPE:External perimeter
;WIDTH:0.419999
G1 F3000
G1 X162.037 Y107.594 E.01636
G1 X162.139 Y107.019 E.02179
G1 X162.338 Y106.469 E.02183
G1 X162.69 Y105.849 E.0266
G1 X163.063 Y105.387 E.02216
G1 X163.493 Y104.994 E.02174
G1 X163.985 Y104.679 E.0218
G1 X164.447 Y104.465 E.019
G1 X165.004 Y104.303 E.02165
G1 X165.544 Y104.233 E.02032
G1 X166.089 Y104.229 E.02034
G1 X166.595 Y104.302 E.01908
G1 X167.149 Y104.464 E.02154
G1 X167.615 Y104.679 E.01915
G1 X168.107 Y104.994 E.0218
G1 X168.537 Y105.387 E.02174
G1 X168.976 Y105.947 E.02655
G1 X169.253 Y106.452 E.02149
G1 X169.432 Y106.936 E.01926
G1 X169.557 Y107.505 E.02174
G1 X169.584 Y108.088 E.02178
G1 X169.563 Y108.406 E.01189
G1 X169.461 Y108.981 E.02179
G1 X169.262 Y109.531 E.02183
G1 X168.91 Y110.151 E.0266
G1 X168.55 Y110.599 E.02145
G1 X168.174 Y110.948 E.01914
G1 X167.695 Y111.282 E.02179
G1 X167.165 Y111.531 E.02185
G1 X166.48 Y111.72 E.02652
G1 X165.907 Y111.783 E.02151
G1 X165.394 Y111.763 E.01916
G1 X164.819 Y111.661 E.02179
G1 X164.269 Y111.462 E.02183
G1 X163.649 Y111.11 E.0266
G1 X163.201 Y110.75 E.02145
G1 X162.852 Y110.374 E.01914
G1 X162.518 Y109.895 E.02179
G1 X162.269 Y109.365 E.02185
G1 X162.08 Y108.68 E.02652
G1 X162.018 Y108.092 E.02206
M204 S10000
G1 X162.359 Y107.819 F30000
G1 X165.486 Y106.58
M204 S5000
;TYPE:Perimeter
;WIDTH:0.449999
G1 F3000
G1 X165.875 Y106.535 E.01581
G1 X166.298 Y106.627 E.01748
G1 X166.723 Y106.858 E.01953
G1 X167.072 Y107.266 E.02168
G1 X167.25 Y107.77 E.02158
G1 X167.228 Y108.343 E.02315
G1 X167.024 Y108.801 E.02024
G1 X166.876 Y108.987 E.0096
G1 X166.503 Y109.289 E.01938
G1 X166.029 Y109.451 E.02022
G1 X165.456 Y109.428 E.02315
G1 X164.999 Y109.223 E.02022
G1 X164.813 Y109.076 E.00957
G1 X164.511 Y108.703 E.01938
G1 X164.349 Y108.229 E.02022
G1 X164.372 Y107.656 E.02315
G1 X164.577 Y107.199 E.02022
G1 X164.876 Y106.859 E.01828
G1 X165.384 Y106.591 E.02319
G1 X165.426 Y106.587 E.0017
M204 S10000
G1 X165.612 Y106.942 F30000
M204 S3000
;TYPE:External perimeter
;WIDTH:0.419999
G1 F3000
G1 X165.941 Y106.929 E.01229
G1 X166.129 Y106.969 E.00717
G1 X166.501 Y107.176 E.01589
G1 X166.763 Y107.507 E.01575
G1 X166.878 Y107.914 E.01578
G1 X166.831 Y108.33 E.01562
G1 X166.624 Y108.701 E.01585
G1 X166.294 Y108.963 E.01572
G1 X165.888 Y109.078 E.01575
G1 X165.471 Y109.031 E.01566
G1 X165.099 Y108.824 E.01589
G1 X164.837 Y108.494 E.01572
G1 X164.722 Y108.088 E.01575
G1 X164.746 Y107.73 E.01339
G1 X164.953 Y107.32 E.01714
G1 X165.188 Y107.109 E.01179
G1 X165.552 Y106.944 E.01491
M204 S10000
G1 X165.716 Y106.63 F30000
;WIPE_START
G1 F24000
G1 X165.941 Y106.929 E-.02774
G1 X166.129 Y106.969 E-.01369
G1 X166.501 Y107.176 E-.03033
G1 X166.763 Y107.507 E-.03008
G1 X166.878 Y107.914 E-.03013
G1 X166.831 Y108.33 E-.02983
G1 X166.624 Y108.701 E-.03027
G1 X166.294 Y108.963 E-.03002
G1 X165.888 Y109.078 E-.03007
G1 X165.471 Y109.031 E-.0299
G1 X165.099 Y108.824 E-.03033
G1 X164.837 Y108.494 E-.03002
G1 X164.722 Y108.088 E-.03007
G1 X164.746 Y107.73 E-.02556
G1 X164.953 Y107.32 E-.03272
G1 X165.188 Y107.109 E-.0225
G1 X165.552 Y106.944 E-.02848
;WIPE_END
G1 E-.51826 F1800
G1 Z4.1 F600
G1 X163.27 Y109.943 F30000
G1 Z3.7 F600
G1 E1 F1800
;TYPE:Solid infill
;WIDTH:0.39365
G1 F9882.353
G1 X163.858 Y110.531 E.0288
G1 X164.725 Y110.911 F30000
G1 F9882.353
G1 X164.706 Y110.982 E.00255
G1 X164.777 Y110.963 E.00255
G1 X164.766 Y110.922 E.00147
;WIDTH:0.419999
G1 F9171.582
G1 X164.477 Y110.78 E.01202
G1 X163.02 Y109.323 E.07689
G1 X162.882 Y109.037 E.01185
;WIDTH:0.39365
G1 F9882.353
G1 X162.893 Y109.078 E.00147
G1 X162.822 Y109.097 E.00255
G1 X162.841 Y109.026 E.00255
;WIDTH:0.419999
G1 F9171.582
G1 X162.772 Y108.557 E.01769
G1 X165.243 Y111.028 E.1304
G1 X165.817 Y111.084 E.02152
G1 X162.716 Y107.983 E.16365
G1 X162.759 Y107.508 E.0178
G1 X166.292 Y111.041 E.18645
G1 X165.699 Y109.756 F30000
G1 F9171.582
G1 X166.02 Y109.772 E.01199
G1 X166.726 Y109.529 E.02786
G1 X167.196 Y109.115 E.02337
G1 X167.309 Y108.918 E.00847
G1 X167.536 Y108.43 E.02008
G1 X167.581 Y107.85 E.02171
G1 X167.515 Y107.601 E.00961
G1 X168.768 Y108.834 E.0656
G1 X168.661 Y109.148 E.01238
G1 X168.448 Y109.577 E.01787
G1 X168.112 Y110.031 E.02108
G1 X167.642 Y110.471 E.02402
G1 X167.157 Y110.763 E.02113
G1 X166.687 Y110.95 E.01888
G1 X166.68 Y110.911 E.00148
G1 X165.516 Y109.747 E.06143
G1 X166.434 Y110.076 F30000
;WIDTH:0.520054
G1 F7204.055
G1 X166.822 Y110.464 E.02607
G1 X167.284 Y110.21 E.02505
;WIDTH:0.529704
G1 F7058.023
G1 X167.682 Y109.882 E.02501
G1 X168.015 Y109.477 E.02542
;WIDTH:0.529932
G1 F7054.645
G1 X168.28 Y108.962 E.0281
G1 X167.918 Y108.6 E.02484
G1 X167.686 Y109.105 E.02696
G1 X167.471 Y109.428 E.01882
;WIDTH:0.519604
G1 F7211.013
G1 X167.001 Y109.841 E.0297
;WIDTH:0.520054
G1 F7204.055
G1 X166.789 Y109.962 E.0116
G1 X166.609 Y110.02 E.00898
G1 X162.85 Y107.113 F30000
;WIDTH:0.419999
G1 F9171.582
G1 X163.401 Y107.632 E.02825
G1 X164.046 Y108.277 E.03404
G1 X164.019 Y108.15 E.00485
G1 X164.064 Y107.572 E.02163
G1 X164.284 Y107.064 E.02066
G1 X164.645 Y106.636 E.02089
G1 X165.308 Y106.28 E.02808
G1 X165.727 Y106.216 E.01582
G1 X166.181 Y106.267 E.01705
G1 X164.989 Y105.075 E.06291
G1 X164.966 Y105.032 E.00182
G1 X164.493 Y105.212 E.01889
G1 X164.031 Y105.48 E.01993
G1 X163.619 Y105.819 E.01991
G1 X163.279 Y106.233 E.01999
G1 X162.962 Y106.795 E.02408
G1 X162.911 Y106.94 E.00574
G1 X163.339 Y106.977 E.01603
;WIDTH:0.525404
G1 F7122.356
G1 X163.698 Y107.334 E.02433
G1 X163.953 Y106.808 E.02809
;WIDTH:0.519009
G1 F7220.232
G1 X164.331 Y106.364 E.02764
;WIDTH:0.532147
G1 F7021.988
G1 X164.703 Y106.113 E.02187
G1 X165.198 Y105.879 E.02669
;WIDTH:0.528941
G1 F7069.354
G1 X164.838 Y105.52 E.02461
G1 X164.263 Y105.826 E.03153
;WIDTH:0.525918
G1 F7114.605
G1 X163.906 Y106.128 E.02249
G1 X163.567 Y106.549 E.026
;WIDTH:0.522719
G1 F7163.137
G1 X163.425 Y106.816 E.01445
G1 X165.377 Y104.945 F30000
;WIDTH:0.419999
G1 F9171.582
G1 X168.855 Y108.423 E.18354
G1 X168.88 Y107.93 E.01842
G1 X165.877 Y104.927 E.15848
G1 X166.461 Y104.993 E.02193
G1 X168.807 Y107.339 E.1238
G1 X167.288 Y105.301 F30000
G1 F9171.582
G1 X168.499 Y106.512 E.06391
G1 X168.685 Y106.769 E.01184
;WIDTH:0.39365
G1 F9882.353
G1 X168.673 Y106.597 E.00597
G1 X168.281 Y106.096 E.02203
G1 X167.704 Y105.519 E.02826
G1 X167.203 Y105.127 E.02203
G1 X167.029 Y105.116 E.00604
;WIPE_START
G1 F24000
G1 X167.203 Y105.127 E-.01242
G1 X167.704 Y105.519 E-.04532
G1 X168.281 Y106.096 E-.05814
G1 X168.673 Y106.597 E-.04532
G1 X168.685 Y106.769 E-.01228
G1 X168.499 Y106.512 E-.0226
G1 X167.288 Y105.301 E-.12202
;WIPE_END
G1 E-.6819 F1800
G1 Z4.1 F600
G1 X116.583 Y110.422 F30000
G1 Z3.7 F600
G1 E1 F1800
M204 S5000
;TYPE:Perimeter
;WIDTH:0.449999
G1 F3000
G1 X116.274 Y110.703 E.01686
G1 X115.835 Y110.985 E.02106
G1 X115.348 Y111.202 E.02152
G1 X114.708 Y111.366 E.02667
G1 X114.263 Y111.403 E.01803
G1 X113.755 Y111.378 E.02053
G1 X113.244 Y111.266 E.02112
G1 X112.746 Y111.074 E.02155
G1 X112.179 Y110.739 E.02659
G1 X111.838 Y110.451 E.01802
G1 X111.497 Y110.074 E.02052
G1 X111.215 Y109.634 E.0211
G1 X110.998 Y109.147 E.02152
G1 X110.834 Y108.508 E.02663
G1 X110.797 Y108.063 E.01803
G1 X110.822 Y107.555 E.02053
G1 X110.934 Y107.044 E.02112
G1 X111.126 Y106.546 E.02155
G1 X111.461 Y105.979 E.02659
G1 X111.749 Y105.638 E.01802
G1 X112.126 Y105.297 E.02052
G1 X112.565 Y105.015 E.02106
G1 X113.052 Y104.798 E.02152
G1 X113.675 Y104.638 E.02597
G1 X114.082 Y104.609 E.01647
G1 X114.645 Y104.622 E.02274
G1 X115.144 Y104.729 E.0206
G1 X115.653 Y104.925 E.02202
G1 X116.221 Y105.261 E.02664
G1 X116.609 Y105.591 E.02056
G1 X116.939 Y105.979 E.02056
G1 X117.275 Y106.546 E.02661
G1 X117.471 Y107.058 E.02213
G1 X117.578 Y107.555 E.02052
G1 X117.603 Y108.063 E.02053
G1 X117.578 Y108.445 E.01546
G1 X117.465 Y108.96 E.02129
G1 X117.274 Y109.454 E.02138
G1 X116.939 Y110.021 E.02659
G1 X116.628 Y110.382 E.01924
M204 S10000
G1 X116.844 Y110.709 F30000
M204 S3000
;TYPE:External perimeter
;WIDTH:0.419999
G1 F3000
G1 X116.433 Y111.055 E.02005
G1 X115.823 Y111.416 E.02645
G1 X115.278 Y111.628 E.02182
G1 X114.782 Y111.74 E.01897
G1 X114.2 Y111.79 E.0218
G1 X113.618 Y111.74 E.0218
G1 X112.93 Y111.563 E.02651
G1 X112.396 Y111.326 E.0218
G1 X111.967 Y111.055 E.01894
G1 X111.521 Y110.679 E.02177
G1 X111.145 Y110.233 E.02177
G1 X110.783 Y109.622 E.0265
G1 X110.571 Y109.075 E.02189
G1 X110.46 Y108.582 E.01886
G1 X110.41 Y108 E.0218
G1 X110.46 Y107.418 E.0218
G1 X110.637 Y106.73 E.02651
G1 X110.874 Y106.196 E.0218
G1 X111.145 Y105.767 E.01894
G1 X111.521 Y105.321 E.02177
G1 X111.967 Y104.945 E.02177
G1 X112.577 Y104.584 E.02645
G1 X113.136 Y104.368 E.02236
G1 X113.703 Y104.243 E.02167
G1 X114.236 Y104.221 E.01991
G1 X114.782 Y104.26 E.02043
G1 X115.469 Y104.437 E.02647
G1 X116.003 Y104.673 E.02179
G1 X116.433 Y104.945 E.01899
G1 X116.879 Y105.321 E.02177
G1 X117.255 Y105.767 E.02177
G1 X117.616 Y106.377 E.02645
G1 X117.832 Y106.936 E.02236
G1 X117.957 Y107.505 E.02174
G1 X117.984 Y108.088 E.02178
G1 X117.94 Y108.582 E.01851
G1 X117.763 Y109.27 E.02651
G1 X117.526 Y109.804 E.0218
G1 X117.255 Y110.233 E.01894
G1 X116.888 Y110.669 E.02127
M204 S10000
G1 X116.458 Y110.602 F30000
;WIPE_START
G1 F24000
G1 X116.433 Y111.055 E-.04251
G1 X115.823 Y111.416 E-.0505
G1 X115.278 Y111.628 E-.04167
G1 X114.782 Y111.74 E-.03623
G1 X114.2 Y111.79 E-.04162
G1 X113.618 Y111.74 E-.04162
G1 X112.93 Y111.563 E-.05062
G1 X112.396 Y111.326 E-.04163
G1 X111.967 Y111.055 E-.03615
G1 X111.521 Y110.679 E-.04156
G1 X111.145 Y110.233 E-.04156
G1 X110.783 Y109.622 E-.0506
G1 X110.571 Y109.075 E-.0418
G1 X110.46 Y108.582 E-.03601
G1 X110.41 Y108 E-.04162
G1 X110.46 Y107.418 E-.04162
G1 X110.637 Y106.73 E-.05062
G1 X110.874 Y106.196 E-.04163
G1 X111.145 Y105.767 E-.03615
G1 X111.521 Y105.321 E-.04156
G1 X111.967 Y104.945 E-.04156
G1 X112.577 Y104.584 E-.0505
G1 X113.136 Y104.368 E-.0427
G1 X113.382 Y104.314 E-.01796
;WIPE_END
G1 Z4.1 F600
G1 X114.316 Y106.558 F30000
G1 Z3.7 F600
G1 E1 F1800
M204 S5000
;TYPE:Perimeter
;WIDTH:0.449999
G1 F3000
G1 X114.727 Y106.629 E.01684
G1 X115.154 Y106.892 E.02025
G1 X115.32 Y107.064 E.00965
G1 X115.571 Y107.473 E.01937
G1 X115.668 Y107.963 E.02017
G1 X115.571 Y108.527 E.0231
G1 X115.308 Y108.954 E.02025
G1 X115.136 Y109.12 E.00965
G1 X114.727 Y109.371 E.01937
G1 X114.237 Y109.467 E.02016
G1 X113.673 Y109.371 E.0231
G1 X113.246 Y109.108 E.02025
G1 X113.08 Y108.936 E.00965
G1 X112.895 Y108.66 E.01341
G1 X112.808 Y108.443 E.00944
G1 X112.733 Y107.962 E.01965
G1 X112.843 Y107.438 E.02162
G1 X113.137 Y106.988 E.0217
G1 X113.603 Y106.658 E.02305
G1 X114.163 Y106.532 E.02317
G1 X114.257 Y106.548 E.00385
M204 S10000
G1 X114.219 Y106.93 F30000
M204 S3000
;TYPE:External perimeter
;WIDTH:0.419999
G1 F3000
G1 X114.265 Y106.924 E.00173
G1 X114.659 Y107.019 E.01512
G1 X115.003 Y107.277 E.01605
G1 X115.219 Y107.636 E.01563
G1 X115.281 Y108.052 E.01569
G1 X115.181 Y108.459 E.01564
G1 X114.923 Y108.803 E.01605
G1 X114.568 Y109.018 E.01549
G1 X114.144 Y109.08 E.01599
G1 X113.741 Y108.981 E.01549
G1 X113.397 Y108.724 E.01602
G1 X113.212 Y108.448 E.0124
M73 P96 R0
G1 X113.113 Y107.987 E.01759
G1 X113.219 Y107.541 E.01711
G1 X113.477 Y107.197 E.01605
G1 X113.843 Y106.979 E.0159
G1 X114.159 Y106.938 E.01189
M204 S10000
G1 X114.234 Y106.886 F30000
;WIPE_START
G1 F24000
G1 X114.265 Y106.924 E-.00762
G1 X114.659 Y107.019 E-.02888
G1 X115.003 Y107.277 E-.03064
G1 X115.219 Y107.636 E-.02985
G1 X115.281 Y108.052 E-.02997
G1 X115.181 Y108.459 E-.02986
G1 X114.923 Y108.803 E-.03064
G1 X114.568 Y109.018 E-.02957
G1 X114.144 Y109.08 E-.03053
G1 X113.741 Y108.981 E-.02957
G1 X113.397 Y108.724 E-.03059
G1 X113.212 Y108.448 E-.02367
G1 X113.113 Y107.987 E-.0336
G1 X113.219 Y107.541 E-.03266
G1 X113.477 Y107.197 E-.03064
G1 X113.843 Y106.979 E-.03035
G1 X114.159 Y106.938 E-.0227
;WIPE_END
G1 E-.51866 F1800
G1 Z4.1 F600
G1 X111.67 Y109.943 F30000
G1 Z3.7 F600
G1 E1 F1800
;TYPE:Solid infill
;WIDTH:0.39365
G1 F9882.353
G1 X112.258 Y110.531 E.0288
G1 X113.125 Y110.911 F30000
G1 F9882.353
G1 X113.106 Y110.982 E.00255
G1 X113.177 Y110.963 E.00255
G1 X113.166 Y110.922 E.00147
;WIDTH:0.419999
G1 F9171.582
G1 X112.877 Y110.78 E.01202
G1 X111.42 Y109.323 E.07689
G1 X111.282 Y109.037 E.01185
;WIDTH:0.39365
G1 F9882.353
G1 X111.293 Y109.078 E.00147
G1 X111.222 Y109.097 E.00255
G1 X111.241 Y109.026 E.00255
;WIDTH:0.419999
G1 F9171.582
G1 X111.172 Y108.557 E.01769
G1 X113.643 Y111.028 E.1304
G1 X114.217 Y111.084 E.02152
G1 X111.116 Y107.983 E.16365
G1 X111.159 Y107.508 E.0178
G1 X114.692 Y111.041 E.18645
G1 X114.078 Y109.754 F30000
G1 F9171.582
G1 X114.284 Y109.785 E.00777
G1 X114.915 Y109.639 E.02417
G1 X115.438 Y109.288 E.0235
G1 X115.576 Y109.107 E.00849
G1 X115.865 Y108.65 E.02018
G1 X115.986 Y107.987 E.02515
G1 X115.92 Y107.606 E.01443
G1 X117.168 Y108.834 E.06533
G1 X117.061 Y109.148 E.01238
G1 X116.848 Y109.577 E.01787
G1 X116.444 Y110.109 E.02493
G1 X116.042 Y110.471 E.02019
G1 X115.556 Y110.764 E.02118
G1 X115.087 Y110.95 E.01883
G1 X115.08 Y110.911 E.00148
G1 X113.897 Y109.728 E.06243
G1 X114.848 Y110.091 F30000
;WIDTH:0.518917
G1 F7221.66
G1 X115.222 Y110.465 E.02507
;WIDTH:0.52996
G1 F7054.23
G1 X115.807 Y110.121 E.03293
G1 X116.202 Y109.754 E.02616
;WIDTH:0.529631
G1 F7059.106
G1 X116.498 Y109.343 E.02456
G1 X116.688 Y108.96 E.02073
;WIDTH:0.516391
G1 F7261.081
G1 X116.3 Y108.573 E.02583
;WIDTH:0.519718
G1 F7209.248
G1 X116.182 Y108.951 E.0188
G1 X115.833 Y109.47 E.02969
;WIDTH:0.52996
G1 F7054.23
G1 X115.542 Y109.725 E.01877
G1 X115.142 Y109.987 E.0232
;WIDTH:0.518917
G1 F7221.66
G1 X115.021 Y110.03 E.00609
G1 X111.25 Y107.113 F30000
;WIDTH:0.419999
G1 F9171.582
G1 X111.761 Y107.592 E.02614
G1 X112.459 Y108.29 E.03684
G1 X112.415 Y108.012 E.0105
G1 X112.535 Y107.35 E.02511
G1 X112.824 Y106.882 E.02053
G1 X112.926 Y106.748 E.00628
G1 X113.435 Y106.385 E.02333
G1 X113.689 Y106.293 E.01008
G1 X114.208 Y106.214 E.01959
G1 X114.591 Y106.277 E.01448
G1 X113.389 Y105.075 E.06343
G1 X113.366 Y105.032 E.00182
G1 X112.889 Y105.214 E.01905
G1 X112.359 Y105.529 E.02301
G1 X111.925 Y105.926 E.02195
G1 X111.552 Y106.423 E.02319
G1 X111.309 Y106.94 E.02132
G1 X111.735 Y106.978 E.01596
;WIDTH:0.518826
G1 F7223.073
G1 X112.112 Y107.355 E.02526
;WIDTH:0.519019
G1 F7220.078
G1 X112.214 Y107.056 E.01498
;WIDTH:0.519587
G1 F7211.276
G1 X112.531 Y106.57 E.02754
;WIDTH:0.531937
G1 F7025.071
G1 X112.865 Y106.273 E.02177
G1 X113.286 Y105.995 E.02458
;WIDTH:0.515409
G1 F7276.523
G1 X113.615 Y105.887 E.01629
G1 X113.24 Y105.512 E.02494
;WIDTH:0.5272
G1 F7095.344
G1 X112.856 Y105.701 E.02064
G1 X112.395 Y106.044 E.02772
;WIDTH:0.526765
G1 F7101.867
G1 X112.078 Y106.392 E.02269
G1 X111.817 Y106.814 E.02391
G1 X113.777 Y104.945 F30000
;WIDTH:0.419999
G1 F9171.582
G1 X117.255 Y108.423 E.18354
G1 X117.28 Y107.93 E.01842
G1 X114.277 Y104.927 E.15848
G1 X114.861 Y104.993 E.02193
G1 X117.207 Y107.339 E.1238
G1 X115.688 Y105.301 F30000
G1 F9171.582
G1 X116.899 Y106.512 E.06391
G1 X117.085 Y106.769 E.01184
;WIDTH:0.39365
G1 F9882.353
G1 X117.073 Y106.597 E.00597
G1 X116.681 Y106.096 E.02203
G1 X116.104 Y105.519 E.02826
G1 X115.603 Y105.127 E.02203
G1 X115.429 Y105.116 E.00604
;WIPE_START
G1 F24000
G1 X115.603 Y105.127 E-.01242
G1 X116.104 Y105.519 E-.04532
G1 X116.681 Y106.096 E-.05814
G1 X117.073 Y106.597 E-.04532
G1 X117.085 Y106.769 E-.01228
G1 X116.899 Y106.512 E-.0226
G1 X115.688 Y105.301 E-.12202
;WIPE_END
G1 E-.6819 F1800
G1 Z4.1 F600
G1 X117.289 Y170.606 F30000
G1 Z3.7 F600
G1 E1 F1800
M204 S5000
;TYPE:Perimeter
;WIDTH:0.449999
G1 F3000
G1 X117.471 Y171.058 E.01967
G1 X117.578 Y171.555 E.02052
G1 X117.603 Y172.063 E.02053
G1 X117.583 Y172.381 E.01286
G1 X117.504 Y172.82 E.01801
G1 X117.349 Y173.304 E.02052
G1 X117.105 Y173.773 E.02134
G1 X116.794 Y174.198 E.02126
G1 X116.322 Y174.661 E.02669
G1 X115.956 Y174.916 E.01801
G1 X115.504 Y175.149 E.02053
G1 X115.005 Y175.307 E.02113
G1 X114.482 Y175.389 E.02137
G1 X113.819 Y175.383 E.02677
G1 X113.38 Y175.304 E.01801
G1 X112.896 Y175.149 E.02052
G1 X112.427 Y174.904 E.02136
G1 X112.002 Y174.594 E.02124
G1 X111.539 Y174.122 E.02669
G1 X111.284 Y173.756 E.01801
G1 X111.051 Y173.304 E.02053
G1 X110.893 Y172.803 E.02121
G1 X110.811 Y172.281 E.02133
G1 X110.817 Y171.619 E.02673
G1 X110.896 Y171.18 E.01801
G1 X111.051 Y170.696 E.02052
G1 X111.296 Y170.227 E.02136
G1 X111.606 Y169.802 E.02124
G1 X112.078 Y169.339 E.02669
G1 X112.444 Y169.084 E.01801
G1 X112.896 Y168.851 E.02053
G1 X113.425 Y168.687 E.02236
G1 X113.989 Y168.613 E.02296
G1 X114.581 Y168.617 E.0239
G1 X115.082 Y168.708 E.02056
G1 X115.562 Y168.88 E.02059
G1 X116.221 Y169.262 E.03075
G1 X116.609 Y169.591 E.02054
G1 X116.947 Y169.992 E.02117
G1 X117.222 Y170.44 E.02122
G1 X117.266 Y170.55 E.00478
M204 S10000
G1 X117.656 Y170.458 F30000
M204 S3000
;TYPE:External perimeter
;WIDTH:0.419999
G1 F3000
G1 X117.832 Y170.936 E.01901
G1 X117.957 Y171.505 E.02174
G1 X117.984 Y172.088 E.02178
G1 X117.963 Y172.406 E.01189
G1 X117.861 Y172.981 E.02179
G1 X117.662 Y173.531 E.02183
G1 X117.31 Y174.151 E.0266
G1 X116.95 Y174.599 E.02145
G1 X116.574 Y174.948 E.01914
G1 X116.095 Y175.282 E.02179
G1 X115.565 Y175.531 E.02185
G1 X114.881 Y175.72 E.02648
G1 X114.31 Y175.782 E.02143
G1 X113.794 Y175.763 E.01927
G1 X113.219 Y175.661 E.02179
G1 X112.669 Y175.462 E.02183
G1 X112.049 Y175.11 E.0266
G1 X111.601 Y174.75 E.02145
G1 X111.252 Y174.374 E.01914
G1 X110.918 Y173.895 E.02179
G1 X110.669 Y173.365 E.02185
G1 X110.48 Y172.68 E.02652
G1 X110.417 Y172.107 E.02151
G1 X110.437 Y171.594 E.01916
G1 X110.539 Y171.019 E.02179
G1 X110.738 Y170.469 E.02183
G1 X111.09 Y169.849 E.0266
G1 X111.451 Y169.401 E.02147
G1 X111.826 Y169.052 E.01912
G1 X112.232 Y168.767 E.01851
G1 X112.75 Y168.498 E.02178
G1 X113.306 Y168.322 E.02176
G1 X113.807 Y168.239 E.01895
G1 X114.381 Y168.222 E.02143
G1 X114.995 Y168.302 E.02311
G1 X115.55 Y168.464 E.02157
G1 X116.015 Y168.679 E.01912
G1 X116.507 Y168.994 E.0218
G1 X116.937 Y169.387 E.02174
G1 X117.376 Y169.947 E.02655
G1 X117.628 Y170.405 E.01951
M204 S10000
G1 X117.425 Y170.785 F30000
G1 X113.027 Y171.134
M204 S5000
;TYPE:Perimeter
;WIDTH:0.449999
G1 F3000
G1 X113.058 Y171.077 E.00262
G1 X113.434 Y170.747 E.0202
G1 X113.919 Y170.566 E.0209
G1 X114.225 Y170.546 E.01238
G1 X114.615 Y170.591 E.01585
G1 X115.064 Y170.813 E.02022
G1 X115.453 Y171.234 E.02314
G1 X115.65 Y171.771 E.02309
G1 X115.628 Y172.343 E.02311
G1 X115.424 Y172.801 E.02024
G1 X115.276 Y172.987 E.0096
G1 X114.903 Y173.289 E.01938
G1 X114.393 Y173.456 E.02167
G1 X113.857 Y173.428 E.02167
G1 X113.399 Y173.223 E.02026
G1 X113.213 Y173.076 E.00957
G1 X112.911 Y172.703 E.01938
G1 X112.749 Y172.229 E.02022
G1 X112.762 Y171.745 E.01955
G1 X112.827 Y171.502 E.01016
G1 X112.999 Y171.187 E.01449
M204 S10000
G1 X113.337 Y171.346 F30000
M204 S3000
;TYPE:External perimeter
;WIDTH:0.419999
G1 F3000
G1 X113.693 Y171.042 E.01747
G1 X114.108 Y170.92 E.01614
G1 X114.529 Y170.969 E.01582
G1 X114.9 Y171.176 E.01585
G1 X115.163 Y171.506 E.01575
G1 X115.278 Y171.914 E.01582
G1 X115.231 Y172.33 E.01562
G1 X115.024 Y172.701 E.01585
G1 X114.693 Y172.963 E.01575
G1 X114.286 Y173.078 E.01578
G1 X113.871 Y173.031 E.01559
G1 X113.499 Y172.824 E.01589
G1 X113.237 Y172.494 E.01572
G1 X113.122 Y172.088 E.01575
G1 X113.142 Y171.77 E.01189
G1 X113.312 Y171.4 E.01519
M204 S10000
G1 X113.19 Y170.974 F30000
G1 X111.67 Y173.943
;TYPE:Solid infill
;WIDTH:0.39365
G1 F9882.353
G1 X112.258 Y174.531 E.0288
G1 X113.125 Y174.911 F30000
G1 F9882.353
G1 X113.106 Y174.982 E.00255
G1 X113.177 Y174.963 E.00255
G1 X113.166 Y174.922 E.00147
;WIDTH:0.419999
G1 F9171.582
G1 X112.877 Y174.78 E.01202
G1 X111.42 Y173.323 E.07689
G1 X111.282 Y173.037 E.01185
;WIDTH:0.39365
G1 F9882.353
G1 X111.293 Y173.078 E.00147
G1 X111.222 Y173.097 E.00255
G1 X111.241 Y173.026 E.00255
;WIDTH:0.419999
G1 F9171.582
G1 X111.172 Y172.557 E.01769
G1 X113.643 Y175.028 E.1304
G1 X114.217 Y175.084 E.02152
G1 X111.116 Y171.983 E.16365
G1 X111.159 Y171.508 E.0178
G1 X114.692 Y175.041 E.18645
G1 X114.097 Y173.752 F30000
G1 F9171.582
G1 X114.472 Y173.767 E.014
G1 X115.126 Y173.529 E.02597
G1 X115.596 Y173.115 E.02337
G1 X115.709 Y172.918 E.00847
G1 X115.936 Y172.427 E.02019
G1 X115.976 Y171.799 E.02348
G1 X115.927 Y171.614 E.00714
G1 X117.168 Y172.834 E.06494
G1 X117.061 Y173.148 E.01238
G1 X116.848 Y173.577 E.01787
G1 X116.512 Y174.031 E.02108
G1 X116.042 Y174.471 E.02402
G1 X115.557 Y174.763 E.02113
G1 X115.087 Y174.95 E.01888
G1 X115.08 Y174.911 E.00148
G1 X113.914 Y173.745 E.06153
G1 X114.839 Y174.081 F30000
;WIDTH:0.520047
G1 F7204.164
G1 X115.222 Y174.464 E.02573
G1 X115.684 Y174.21 E.02505
;WIDTH:0.529706
G1 F7057.993
G1 X116.071 Y173.893 E.02426
G1 X116.415 Y173.477 E.02618
;WIDTH:0.529933
G1 F7054.63
G1 X116.68 Y172.962 E.0281
G1 X116.317 Y172.599 E.02491
G1 X116.086 Y173.105 E.02699
G1 X115.871 Y173.428 E.01882
;WIDTH:0.519608
G1 F7210.951
G1 X115.401 Y173.841 E.0297
;WIDTH:0.520047
G1 F7204.164
G1 X115.194 Y173.96 E.01134
G1 X115.013 Y174.022 E.00909
G1 X115.643 Y171.159 F30000
;WIDTH:0.39365
G1 F9882.353
G1 X115.375 Y170.873 E.01357
G1 X111.309 Y170.94 F30000
;WIDTH:0.419999
G1 F9171.582
G1 X111.552 Y170.423 E.02132
G1 X111.888 Y169.969 E.02108
G1 X112.358 Y169.529 E.02402
G1 X112.896 Y169.21 E.02334
G1 X113.366 Y169.032 E.01875
G1 X113.389 Y169.075 E.00182
G1 X114.575 Y170.262 E.06261
G1 X113.932 Y170.234 E.02402
G1 X113.276 Y170.47 E.02602
G1 X112.804 Y170.885 E.02345
G1 X112.691 Y171.082 E.00847
G1 X112.464 Y171.572 E.02015
G1 X112.432 Y172.263 E.02581
G1 X111.786 Y171.617 E.03409
G1 X111.25 Y171.113 E.02745
G1 X111.742 Y170.977 E.01905
;WIDTH:0.529926
G1 F7054.733
G1 X112.1 Y171.335 E.02456
G1 X112.388 Y170.756 E.03137
;WIDTH:0.529736
G1 F7057.549
G1 X112.643 Y170.465 E.01876
G1 X113.065 Y170.111 E.02671
;WIDTH:0.523688
G1 F7148.359
G1 X113.62 Y169.898 E.02846
G1 X113.239 Y169.517 E.0258
G1 X112.808 Y169.727 E.02295
;WIDTH:0.529736
G1 F7057.549
G1 X112.329 Y170.107 E.02965
G1 X111.985 Y170.523 E.02618
;WIDTH:0.526294
G1 F7108.95
G1 X111.828 Y170.815 E.01596
G1 X113.777 Y168.945 F30000
;WIDTH:0.419999
G1 F9171.582
G1 X117.255 Y172.423 E.18354
G1 X117.28 Y171.93 E.01842
G1 X114.277 Y168.927 E.15848
G1 X114.861 Y168.993 E.02193
G1 X117.207 Y171.339 E.1238
G1 X115.688 Y169.301 F30000
G1 F9171.582
G1 X116.899 Y170.512 E.06391
G1 X117.085 Y170.769 E.01184
;WIDTH:0.39365
G1 F9882.353
G1 X117.073 Y170.597 E.00597
G1 X116.681 Y170.096 E.02203
G1 X116.104 Y169.519 E.02826
G1 X115.603 Y169.127 E.02203
G1 X115.429 Y169.116 E.00604
;WIPE_START
G1 F24000
G1 X115.603 Y169.127 E-.01242
G1 X116.104 Y169.519 E-.04532
G1 X116.681 Y170.096 E-.05814
G1 X117.073 Y170.597 E-.04532
G1 X117.085 Y170.769 E-.01228
G1 X116.899 Y170.512 E-.0226
G1 X115.688 Y169.301 E-.12202
;WIPE_END
G1 E-.6819 F1800
G1 Z4.1 F600
G1 X163.386 Y169.625 F30000
G1 Z3.7 F600
G1 E1 F1800
M204 S5000
;TYPE:Perimeter
;WIDTH:0.449999
G1 F3000
G1 X163.678 Y169.339 E.0165
G1 X164.044 Y169.084 E.01801
G1 X164.496 Y168.851 E.02053
G1 X165.025 Y168.687 E.02236
G1 X165.589 Y168.613 E.02296
G1 X166.181 Y168.617 E.0239
G1 X166.682 Y168.708 E.02056
G1 X167.162 Y168.88 E.02059
G1 X167.821 Y169.262 E.03075
G1 X168.209 Y169.591 E.02054
G1 X168.547 Y169.992 E.02117
G1 X168.822 Y170.44 E.02122
G1 X169.071 Y171.058 E.0269
G1 X169.178 Y171.555 E.02052
G1 X169.203 Y172.063 E.02053
G1 X169.183 Y172.381 E.01286
G1 X169.104 Y172.82 E.01801
G1 X168.949 Y173.304 E.02052
G1 X168.705 Y173.773 E.02134
G1 X168.394 Y174.198 E.02126
G1 X167.922 Y174.661 E.02669
G1 X167.556 Y174.916 E.01801
G1 X167.104 Y175.149 E.02053
G1 X166.605 Y175.307 E.02113
G1 X166.082 Y175.389 E.02137
G1 X165.419 Y175.383 E.02677
G1 X164.98 Y175.304 E.01801
G1 X164.496 Y175.149 E.02052
G1 X164.027 Y174.905 E.02134
G1 X163.602 Y174.594 E.02126
G1 X163.139 Y174.122 E.02669
G1 X162.884 Y173.756 E.01801
G1 X162.651 Y173.304 E.02053
G1 X162.493 Y172.803 E.02121
G1 X162.411 Y172.281 E.02133
G1 X162.417 Y171.619 E.02673
G1 X162.496 Y171.18 E.01801
G1 X162.651 Y170.696 E.02052
G1 X162.896 Y170.227 E.02136
G1 X163.206 Y169.802 E.02124
G1 X163.343 Y169.667 E.00777
M204 S10000
G1 X163.111 Y169.345 F30000
M204 S3000
;TYPE:External perimeter
;WIDTH:0.419999
G1 F3000
G1 X163.426 Y169.052 E.01605
G1 X163.832 Y168.767 E.01851
G1 X164.35 Y168.498 E.02178
G1 X164.906 Y168.322 E.02176
G1 X165.407 Y168.239 E.01895
G1 X165.981 Y168.222 E.02143
G1 X166.595 Y168.302 E.02311
G1 X167.15 Y168.464 E.02157
G1 X167.615 Y168.679 E.01912
G1 X168.107 Y168.994 E.0218
G1 X168.537 Y169.387 E.02174
G1 X168.976 Y169.947 E.02655
G1 X169.253 Y170.452 E.02149
G1 X169.432 Y170.936 E.01926
G1 X169.557 Y171.505 E.02174
G1 X169.584 Y172.088 E.02178
G1 X169.563 Y172.406 E.01189
G1 X169.461 Y172.981 E.02179
G1 X169.262 Y173.531 E.02183
G1 X168.91 Y174.151 E.0266
G1 X168.55 Y174.599 E.02145
G1 X168.174 Y174.948 E.01914
G1 X167.695 Y175.282 E.02179
G1 X167.165 Y175.531 E.02185
G1 X166.481 Y175.72 E.02648
G1 X165.91 Y175.782 E.02143
G1 X165.394 Y175.763 E.01927
G1 X164.819 Y175.661 E.02179
G1 X164.269 Y175.462 E.02183
G1 X163.649 Y175.11 E.0266
G1 X163.201 Y174.75 E.02145
G1 X162.852 Y174.374 E.01914
G1 X162.518 Y173.895 E.02179
G1 X162.269 Y173.365 E.02185
G1 X162.08 Y172.68 E.02652
G1 X162.017 Y172.107 E.02151
G1 X162.037 Y171.594 E.01916
G1 X162.139 Y171.019 E.02179
G1 X162.338 Y170.469 E.02183
G1 X162.69 Y169.849 E.0266
G1 X163.067 Y169.386 E.02228
M204 S10000
G1 X163.501 Y169.434 F30000
G1 X165.151 Y170.703
M204 S5000
;TYPE:Perimeter
;WIDTH:0.449999
G1 F3000
G1 X165.519 Y170.566 E.01585
G1 X165.825 Y170.546 E.01238
G1 X166.215 Y170.591 E.01585
G1 X166.664 Y170.813 E.02022
G1 X167.052 Y171.234 E.02311
G1 X167.25 Y171.77 E.02307
G1 X167.228 Y172.343 E.02315
G1 X167.024 Y172.801 E.02024
G1 X166.876 Y172.987 E.0096
G1 X166.503 Y173.289 E.01938
G1 X165.993 Y173.456 E.02167
G1 X165.457 Y173.428 E.02167
G1 X164.999 Y173.224 E.02024
G1 X164.813 Y173.076 E.0096
G1 X164.511 Y172.703 E.01938
G1 X164.349 Y172.229 E.02022
G1 X164.362 Y171.745 E.01955
G1 X164.427 Y171.502 E.01016
G1 X164.658 Y171.077 E.01953
G1 X165.034 Y170.747 E.0202
G1 X165.095 Y170.724 E.00263
M204 S10000
G1 X165.271 Y171.059 F30000
M204 S3000
;TYPE:External perimeter
;WIDTH:0.419999
G1 F3000
G1 X165.708 Y170.92 E.01711
G1 X166.129 Y170.969 E.01582
G1 X166.501 Y171.176 E.01589
G1 X166.763 Y171.507 E.01575
G1 X166.878 Y171.914 E.01578
G1 X166.831 Y172.33 E.01562
G1 X166.624 Y172.701 E.01585
G1 X166.293 Y172.963 E.01575
G1 X165.886 Y173.078 E.01578
G1 X165.47 Y173.031 E.01562
G1 X165.099 Y172.824 E.01585
G1 X164.837 Y172.494 E.01572
G1 X164.722 Y172.088 E.01575
G1 X164.742 Y171.77 E.01189
G1 X164.945 Y171.329 E.01812
G1 X165.225 Y171.098 E.01355
M204 S10000
G1 X165.274 Y170.659 F30000
G1 X163.27 Y173.943
;TYPE:Solid infill
;WIDTH:0.39365
G1 F9882.353
G1 X163.858 Y174.531 E.0288
G1 X164.725 Y174.911 F30000
G1 F9882.353
G1 X164.706 Y174.982 E.00255
G1 X164.777 Y174.963 E.00255
G1 X164.766 Y174.922 E.00147
;WIDTH:0.419999
G1 F9171.582
G1 X164.477 Y174.78 E.01202
G1 X163.02 Y173.323 E.07689
G1 X162.882 Y173.037 E.01185
;WIDTH:0.39365
G1 F9882.353
G1 X162.893 Y173.078 E.00147
G1 X162.822 Y173.097 E.00255
G1 X162.841 Y173.026 E.00255
;WIDTH:0.419999
G1 F9171.582
G1 X162.772 Y172.557 E.01769
G1 X165.243 Y175.028 E.1304
G1 X165.817 Y175.084 E.02152
G1 X162.716 Y171.983 E.16365
G1 X162.759 Y171.508 E.0178
G1 X166.292 Y175.041 E.18645
G1 X165.697 Y173.752 F30000
G1 F9171.582
G1 X166.072 Y173.767 E.014
G1 X166.726 Y173.529 E.02597
G1 X167.196 Y173.115 E.02337
G1 X167.309 Y172.918 E.00847
G1 X167.536 Y172.427 E.02019
G1 X167.576 Y171.799 E.02348
G1 X167.527 Y171.614 E.00714
G1 X168.768 Y172.834 E.06494
G1 X168.661 Y173.148 E.01238
G1 X168.448 Y173.577 E.01787
G1 X168.112 Y174.031 E.02108
G1 X167.642 Y174.471 E.02402
G1 X167.157 Y174.763 E.02113
G1 X166.687 Y174.95 E.01888
G1 X166.68 Y174.911 E.00148
G1 X165.514 Y173.745 E.06153
G1 X166.439 Y174.081 F30000
;WIDTH:0.520046
G1 F7204.178
G1 X166.822 Y174.464 E.02573
G1 X167.284 Y174.21 E.02505
;WIDTH:0.529704
G1 F7058.023
G1 X167.671 Y173.893 E.02426
G1 X168.015 Y173.477 E.02618
;WIDTH:0.529932
G1 F7054.645
G1 X168.28 Y172.962 E.0281
G1 X167.917 Y172.599 E.0249
G1 X167.686 Y173.105 E.02698
G1 X167.471 Y173.428 E.01882
;WIDTH:0.519605
G1 F7210.997
G1 X167.001 Y173.841 E.0297
;WIDTH:0.520046
G1 F7204.178
G1 X166.794 Y173.96 E.01134
G1 X166.613 Y174.022 E.00909
G1 X167.243 Y171.159 F30000
;WIDTH:0.39365
G1 F9882.353
G1 X166.975 Y170.873 E.01357
G1 X162.909 Y170.94 F30000
;WIDTH:0.419999
G1 F9171.582
G1 X163.152 Y170.423 E.02132
G1 X163.488 Y169.969 E.02108
G1 X163.958 Y169.529 E.02402
G1 X164.496 Y169.21 E.02334
G1 X164.966 Y169.032 E.01875
G1 X164.989 Y169.075 E.00182
G1 X166.175 Y170.262 E.06261
G1 X165.532 Y170.234 E.02402
G1 X164.876 Y170.47 E.02602
G1 X164.404 Y170.885 E.02345
G1 X164.291 Y171.082 E.00847
G1 X164.064 Y171.572 E.02015
G1 X164.032 Y172.263 E.02581
G1 X163.386 Y171.617 E.03409
G1 X162.85 Y171.113 E.02745
G1 X163.342 Y170.977 E.01905
;WIDTH:0.529931
G1 F7054.66
G1 X163.7 Y171.335 E.02456
G1 X163.988 Y170.756 E.03137
;WIDTH:0.529733
G1 F7057.593
G1 X164.243 Y170.465 E.01876
G1 X164.665 Y170.111 E.02671
;WIDTH:0.523688
G1 F7148.359
G1 X165.22 Y169.898 E.02846
G1 X164.839 Y169.517 E.0258
G1 X164.408 Y169.727 E.02295
;WIDTH:0.529733
G1 F7057.593
G1 X163.929 Y170.107 E.02965
G1 X163.585 Y170.523 E.02618
;WIDTH:0.526296
G1 F7108.916
G1 X163.428 Y170.815 E.01596
G1 X165.377 Y168.945 F30000
;WIDTH:0.419999
G1 F9171.582
G1 X168.855 Y172.423 E.18354
G1 X168.88 Y171.93 E.01842
G1 X165.877 Y168.927 E.15848
G1 X166.461 Y168.993 E.02193
G1 X168.807 Y171.339 E.1238
G1 X167.288 Y169.301 F30000
G1 F9171.582
G1 X168.499 Y170.512 E.06391
G1 X168.685 Y170.769 E.01184
;WIDTH:0.39365
G1 F9882.353
G1 X168.673 Y170.597 E.00597
G1 X168.281 Y170.096 E.02203
G1 X167.704 Y169.519 E.02826
G1 X167.203 Y169.127 E.02203
G1 X167.029 Y169.116 E.00604
;LAYER_CHANGE
;Z:3.95
;HEIGHT:0.25
G92 E0
;WIPE_START
G1 F24000
G1 X167.203 Y169.127 E-.01242
G1 X167.704 Y169.519 E-.04532
G1 X168.281 Y170.096 E-.05814
G1 X168.673 Y170.597 E-.04532
G1 X168.685 Y170.769 E-.01228
G1 X168.499 Y170.512 E-.0226
G1 X167.288 Y169.301 E-.12202
;WIPE_END
G1 E-.6819 F1800
G1 Z4.1 F600
G1 X162.413 Y108.058 F30000
G1 Z3.95 F600
G1 E1 F1800
M204 S5000
;TYPE:Perimeter
;WIDTH:0.449999
G1 F3000
G1 X162.417 Y107.619 E.01772
G1 X162.496 Y107.18 E.01801
G1 X162.651 Y106.696 E.02052
G1 X162.896 Y106.227 E.02136
G1 X163.271 Y105.727 E.02523
G1 X163.678 Y105.339 E.0227
G1 X164.097 Y105.049 E.02057
G1 X164.569 Y104.827 E.02106
G1 X165.078 Y104.677 E.02142
G1 X165.665 Y104.605 E.02388
G1 X166.181 Y104.617 E.02084
G1 X166.682 Y104.708 E.02056
G1 X167.162 Y104.88 E.02059
G1 X167.821 Y105.262 E.03075
G1 X168.209 Y105.591 E.02054
G1 X168.547 Y105.992 E.02117
G1 X168.822 Y106.44 E.02122
G1 X169.071 Y107.058 E.0269
G1 X169.178 Y107.555 E.02052
G1 X169.203 Y108.063 E.02053
G1 X169.183 Y108.381 E.01286
G1 X169.104 Y108.82 E.01801
G1 X168.949 Y109.304 E.02052
G1 X168.705 Y109.773 E.02134
G1 X168.394 Y110.198 E.02126
G1 X167.922 Y110.661 E.02669
G1 X167.556 Y110.916 E.01801
G1 X167.104 Y111.149 E.02053
G1 X166.603 Y111.307 E.02121
G1 X166.081 Y111.389 E.02133
G1 X165.419 Y111.383 E.02673
G1 X164.98 Y111.304 E.01801
G1 X164.496 Y111.149 E.02052
G1 X164.027 Y110.904 E.02136
G1 X163.602 Y110.594 E.02124
G1 X163.139 Y110.122 E.02669
G1 X162.884 Y109.756 E.01801
G1 X162.651 Y109.304 E.02053
G1 X162.493 Y108.803 E.02121
G1 X162.411 Y108.281 E.02133
G1 X162.412 Y108.118 E.00658
M204 S10000
G1 X162.019 Y108.054 F30000
M204 S3000
;TYPE:External perimeter
;WIDTH:0.419999
G1 F3000
G1 X162.037 Y107.594 E.01718
G1 X162.139 Y107.019 E.02179
G1 X162.338 Y106.469 E.02183
G1 X162.69 Y105.849 E.0266
G1 X163.063 Y105.387 E.02216
G1 X163.493 Y104.994 E.02174
G1 X163.985 Y104.679 E.0218
G1 X164.447 Y104.465 E.019
G1 X165.004 Y104.303 E.02165
G1 X165.527 Y104.231 E.0197
G1 X166.089 Y104.229 E.02097
G1 X166.595 Y104.302 E.01908
G1 X167.149 Y104.464 E.02154
G1 X167.615 Y104.679 E.01915
G1 X168.107 Y104.994 E.0218
G1 X168.537 Y105.387 E.02174
G1 X168.976 Y105.947 E.02655
G1 X169.253 Y106.452 E.02149
G1 X169.432 Y106.936 E.01926
G1 X169.557 Y107.505 E.02174
G1 X169.584 Y108.088 E.02178
G1 X169.563 Y108.406 E.01189
G1 X169.461 Y108.981 E.02179
G1 X169.262 Y109.531 E.02183
G1 X168.91 Y110.151 E.0266
G1 X168.55 Y110.599 E.02145
G1 X168.174 Y110.948 E.01914
G1 X167.695 Y111.282 E.02179
G1 X167.165 Y111.531 E.02185
G1 X166.48 Y111.72 E.02652
G1 X165.907 Y111.783 E.02151
G1 X165.394 Y111.763 E.01916
G1 X164.819 Y111.661 E.02179
G1 X164.269 Y111.462 E.02183
G1 X163.649 Y111.11 E.0266
G1 X163.201 Y110.75 E.02145
G1 X162.852 Y110.374 E.01914
G1 X162.518 Y109.895 E.02179
G1 X162.269 Y109.365 E.02185
G1 X162.08 Y108.68 E.02652
G1 X162.018 Y108.114 E.02125
M204 S10000
G1 X162.358 Y107.841 F30000
;WIPE_START
G1 F24000
G1 X162.037 Y107.594 E-.03707
G1 X162.139 Y107.019 E-.04161
G1 X162.338 Y106.469 E-.04167
G1 X162.69 Y105.849 E-.0508
G1 X163.063 Y105.387 E-.04231
G1 X163.493 Y104.994 E-.04151
G1 X163.985 Y104.679 E-.04162
G1 X164.447 Y104.465 E-.03628
G1 X165.004 Y104.303 E-.04133
G1 X165.527 Y104.231 E-.03762
G1 X166.089 Y104.229 E-.04004
G1 X166.595 Y104.302 E-.03643
G1 X167.149 Y104.464 E-.04113
G1 X167.615 Y104.679 E-.03657
G1 X168.107 Y104.994 E-.04162
G1 X168.537 Y105.387 E-.04151
G1 X168.976 Y105.947 E-.0507
G1 X169.253 Y106.452 E-.04104
G1 X169.432 Y106.936 E-.03677
G1 X169.557 Y107.505 E-.04151
G1 X169.584 Y108.088 E-.04158
G1 X169.563 Y108.406 E-.02271
G1 X169.461 Y108.981 E-.04161
G1 X169.262 Y109.531 E-.04167
G1 X169.031 Y109.937 E-.03329
;WIPE_END
G1 Z4.35 F600
G1 X165.486 Y106.58 F30000
G1 Z3.95 F600
G1 E1 F1800
M204 S5000
;TYPE:Perimeter
;WIDTH:0.449999
G1 F3000
G1 X165.875 Y106.535 E.01581
G1 X166.298 Y106.627 E.01748
G1 X166.723 Y106.858 E.01953
G1 X167.072 Y107.266 E.02168
G1 X167.25 Y107.77 E.02158
G1 X167.228 Y108.343 E.02315
G1 X167.024 Y108.801 E.02024
G1 X166.876 Y108.987 E.0096
G1 X166.503 Y109.289 E.01938
G1 X166.029 Y109.451 E.02022
G1 X165.456 Y109.428 E.02315
G1 X164.999 Y109.223 E.02022
G1 X164.813 Y109.076 E.00957
G1 X164.511 Y108.703 E.01938
G1 X164.349 Y108.229 E.02022
G1 X164.372 Y107.656 E.02315
G1 X164.577 Y107.199 E.02022
G1 X164.876 Y106.859 E.01828
G1 X165.384 Y106.591 E.02319
G1 X165.426 Y106.587 E.0017
M204 S10000
G1 X165.602 Y106.942 F30000
M204 S3000
;TYPE:External perimeter
;WIDTH:0.419999
G1 F3000
G1 X165.941 Y106.929 E.01266
G1 X166.13 Y106.969 E.00721
G1 X166.501 Y107.176 E.01585
G1 X166.763 Y107.507 E.01575
G1 X166.878 Y107.914 E.01578
G1 X166.831 Y108.33 E.01562
G1 X166.624 Y108.701 E.01585
G1 X166.294 Y108.963 E.01572
G1 X165.888 Y109.078 E.01575
G1 X165.471 Y109.031 E.01566
G1 X165.099 Y108.824 E.01589
G1 X164.837 Y108.494 E.01572
G1 X164.722 Y108.088 E.01575
G1 X164.746 Y107.73 E.01339
G1 X164.953 Y107.32 E.01714
G1 X165.189 Y107.109 E.01181
G1 X165.542 Y106.945 E.01452
M204 S10000
G1 X165.709 Y106.621 F30000
;WIPE_START
G1 F24000
G1 X165.941 Y106.929 E-.02845
G1 X166.13 Y106.969 E-.01376
G1 X166.501 Y107.176 E-.03027
G1 X166.763 Y107.507 E-.03008
G1 X166.878 Y107.914 E-.03013
G1 X166.831 Y108.33 E-.02983
G1 X166.624 Y108.701 E-.03027
G1 X166.294 Y108.963 E-.03002
G1 X165.888 Y109.078 E-.03007
G1 X165.471 Y109.031 E-.0299
G1 X165.099 Y108.824 E-.03033
G1 X164.837 Y108.494 E-.03002
G1 X164.722 Y108.088 E-.03007
G1 X164.746 Y107.73 E-.02556
G1 X164.953 Y107.32 E-.03272
G1 X165.189 Y107.109 E-.02256
G1 X165.542 Y106.945 E-.02773
;WIPE_END
G1 E-.51823 F1800
G1 Z4.35 F600
G1 X167.247 Y110.903 F30000
G1 Z3.95 F600
G1 E1 F1800
M204 S2000
;TYPE:Top solid infill
;WIDTH:0.438096
G1 F8739.849
G1 X168.703 Y109.447 E.08063
M204 S10000
G1 X168.983 Y108.623 F30000
M204 S2000
G1 F8739.849
G1 X166.423 Y111.183 E.14177
M204 S10000
G1 X165.813 Y111.249 F30000
M204 S2000
G1 F8739.849
G1 X169.049 Y108.013 E.17921
M204 S10000
G1 X169.009 Y107.509 F30000
M204 S2000
G1 F8739.849
G1 X165.309 Y111.209 E.2049
M204 S10000
G1 X164.866 Y111.108 F30000
M204 S2000
G1 F8739.849
G1 X166.54 Y109.435 E.09268
M204 S10000
G1 X165.822 Y109.609 F30000
M204 S2000
G1 F8739.849
G1 X164.47 Y110.961 E.07487
M204 S10000
M73 P97 R0
G1 X164.114 Y110.774 F30000
M204 S2000
G1 F8739.849
G1 X165.334 Y109.554 E.06756
M204 S10000
G1 X164.97 Y109.374 F30000
M204 S2000
G1 F8739.849
G1 X163.792 Y110.552 E.06524
M204 S10000
G1 X163.502 Y110.298 F30000
M204 S2000
G1 F8739.849
G1 X164.666 Y109.134 E.06446
M204 S10000
G1 X164.413 Y108.843 F30000
M204 S2000
G1 F8739.849
G1 X163.248 Y110.008 E.06452
M204 S10000
G1 X163.026 Y109.686 F30000
M204 S2000
G1 F8739.849
G1 X164.259 Y108.454 E.06826
M204 S10000
G1 X164.193 Y107.976 F30000
M204 S2000
G1 F8739.849
G1 X162.839 Y109.33 E.07498
M204 S10000
G1 X162.692 Y108.933 F30000
M204 S2000
G1 F8739.849
G1 X164.385 Y107.24 E.09376
M204 S10000
;WIPE_START
G1 F24000
G1 X162.692 Y108.933 E-.17059
;WIPE_END
G1 E-.82941 F1800
G1 Z4.35 F600
G1 X167.207 Y108.767 F30000
G1 Z3.95 F600
G1 E1 F1800
M204 S2000
G1 F8739.849
G1 X168.908 Y107.066 E.0942
M204 S10000
G1 X168.761 Y106.67 F30000
M204 S2000
G1 F8739.849
G1 X167.407 Y108.024 E.07498
M204 S10000
G1 X167.342 Y107.546 F30000
M204 S2000
G1 F8739.849
G1 X168.574 Y106.314 E.06823
M204 S10000
G1 X168.352 Y105.992 F30000
M204 S2000
G1 F8739.849
G1 X167.187 Y107.157 E.06452
M204 S10000
G1 X166.937 Y106.863 F30000
M204 S2000
G1 F8739.849
G1 X168.098 Y105.702 E.0643
M204 S10000
G1 X167.808 Y105.448 F30000
M204 S2000
G1 F8739.849
G1 X166.637 Y106.62 E.06488
M204 S10000
G1 X166.268 Y106.444 F30000
M204 S2000
G1 F8739.849
G1 X167.486 Y105.226 E.06745
M204 S10000
G1 X167.13 Y105.039 F30000
M204 S2000
G1 F8739.849
G1 X165.791 Y106.378 E.07415
M204 S10000
G1 X165.041 Y106.585 F30000
M204 S2000
G1 F8739.849
G1 X166.733 Y104.892 E.09373
M204 S10000
G1 X166.291 Y104.791 F30000
M204 S2000
G1 F8739.849
G1 X162.591 Y108.491 E.2049
M204 S10000
G1 X162.551 Y107.987 F30000
M204 S2000
G1 F8739.849
G1 X165.777 Y104.761 E.17865
M204 S10000
G1 X165.177 Y104.817 F30000
M204 S2000
G1 F8739.849
G1 X162.617 Y107.377 E.14177
M204 S10000
G1 X162.897 Y106.553 F30000
M204 S2000
G1 F8739.849
G1 X164.353 Y105.097 E.08063
M204 S10000
;WIPE_START
G1 F24000
G1 X162.897 Y106.553 E-.14671
;WIPE_END
G1 E-.85329 F1800
G1 Z4.35 F600
G1 X116.552 Y110.451 F30000
G1 Z3.95 F600
G1 E1 F1800
M204 S5000
;TYPE:Perimeter
;WIDTH:0.449999
G1 F3000
G1 X116.274 Y110.703 E.01515
G1 X115.834 Y110.985 E.0211
G1 X115.347 Y111.202 E.02152
G1 X114.708 Y111.366 E.02663
G1 X114.263 Y111.403 E.01803
G1 X113.755 Y111.378 E.02053
G1 X113.244 Y111.266 E.02112
G1 X112.746 Y111.075 E.02153
G1 X112.179 Y110.739 E.02661
G1 X111.838 Y110.451 E.01802
G1 X111.497 Y110.074 E.02052
G1 X111.215 Y109.634 E.0211
G1 X110.998 Y109.147 E.02152
G1 X110.834 Y108.508 E.02663
G1 X110.793 Y108 E.02058
G1 X110.834 Y107.492 E.02058
G1 X111.031 Y106.757 E.03072
G1 X111.249 Y106.297 E.02055
G1 X111.553 Y105.862 E.02143
G1 X111.913 Y105.484 E.02107
G1 X112.444 Y105.084 E.02684
G1 X112.896 Y104.851 E.02053
G1 X113.381 Y104.696 E.02056
G1 X114.058 Y104.605 E.02758
G1 X114.645 Y104.622 E.02371
G1 X115.151 Y104.732 E.02091
G1 X115.653 Y104.925 E.02171
G1 X116.221 Y105.261 E.02664
G1 X116.609 Y105.591 E.02056
G1 X116.939 Y105.979 E.02056
G1 X117.274 Y106.546 E.02659
G1 X117.471 Y107.058 E.02215
G1 X117.578 Y107.555 E.02052
G1 X117.603 Y108.063 E.02053
G1 X117.578 Y108.445 E.01546
G1 X117.465 Y108.96 E.02129
G1 X117.274 Y109.454 E.02138
G1 X116.939 Y110.021 E.02659
G1 X116.597 Y110.41 E.02091
M204 S10000
G1 X116.812 Y110.736 F30000
M204 S3000
;TYPE:External perimeter
;WIDTH:0.419999
G1 F3000
G1 X116.433 Y111.055 E.01849
G1 X115.822 Y111.417 E.0265
G1 X115.275 Y111.629 E.02189
G1 X114.782 Y111.74 E.01886
G1 X114.2 Y111.79 E.0218
G1 X113.618 Y111.74 E.0218
G1 X112.93 Y111.563 E.02651
G1 X112.396 Y111.327 E.02179
G1 X111.967 Y111.055 E.01896
G1 X111.521 Y110.679 E.02177
G1 X111.145 Y110.233 E.02177
G1 X110.783 Y109.622 E.0265
G1 X110.571 Y109.076 E.02186
G1 X110.46 Y108.582 E.01889
G1 X110.41 Y108 E.0218
G1 X110.46 Y107.418 E.0218
G1 X110.637 Y106.731 E.02647
G1 X110.873 Y106.197 E.02179
G1 X111.145 Y105.767 E.01899
G1 X111.521 Y105.321 E.02177
G1 X111.967 Y104.945 E.02177
G1 X112.577 Y104.584 E.02645
G1 X113.136 Y104.368 E.02236
G1 X113.704 Y104.243 E.0217
G1 X114.245 Y104.213 E.02022
G1 X114.782 Y104.26 E.02012
G1 X115.469 Y104.437 E.02647
G1 X116.003 Y104.673 E.02179
G1 X116.433 Y104.945 E.01899
G1 X116.879 Y105.321 E.02177
G1 X117.255 Y105.767 E.02177
G1 X117.616 Y106.377 E.02645
G1 X117.832 Y106.936 E.02236
G1 X117.957 Y107.505 E.02174
G1 X117.984 Y108.088 E.02178
G1 X117.94 Y108.582 E.01851
G1 X117.763 Y109.27 E.02651
G1 X117.526 Y109.804 E.0218
G1 X117.255 Y110.233 E.01894
G1 X116.858 Y110.697 E.02279
M204 S10000
G1 X116.427 Y110.627 F30000
;WIPE_START
G1 F24000
G1 X116.433 Y111.055 E-.03959
G1 X115.822 Y111.417 E-.0506
G1 X115.275 Y111.629 E-.0418
G1 X114.782 Y111.74 E-.03601
G1 X114.2 Y111.79 E-.04162
G1 X113.618 Y111.74 E-.04162
G1 X112.93 Y111.563 E-.05062
G1 X112.396 Y111.327 E-.0416
G1 X111.967 Y111.055 E-.03619
G1 X111.521 Y110.679 E-.04156
G1 X111.145 Y110.233 E-.04156
G1 X110.783 Y109.622 E-.0506
G1 X110.571 Y109.076 E-.04173
G1 X110.46 Y108.582 E-.03608
G1 X110.41 Y108 E-.04162
G1 X110.46 Y107.418 E-.04162
G1 X110.637 Y106.731 E-.05055
G1 X110.873 Y106.197 E-.0416
G1 X111.145 Y105.767 E-.03625
G1 X111.521 Y105.321 E-.04156
G1 X111.967 Y104.945 E-.04156
G1 X112.577 Y104.584 E-.0505
G1 X113.136 Y104.368 E-.0427
G1 X113.422 Y104.305 E-.02086
;WIPE_END
G1 Z4.35 F600
G1 X114.309 Y106.557 F30000
G1 Z3.95 F600
G1 E1 F1800
M204 S5000
;TYPE:Perimeter
;WIDTH:0.449999
G1 F3000
G1 X114.727 Y106.629 E.01712
G1 X115.154 Y106.892 E.02025
G1 X115.32 Y107.064 E.00965
G1 X115.571 Y107.473 E.01937
G1 X115.668 Y107.963 E.02017
G1 X115.571 Y108.527 E.0231
G1 X115.308 Y108.954 E.02025
G1 X115.136 Y109.12 E.00965
G1 X114.727 Y109.371 E.01937
G1 X114.236 Y109.467 E.0202
G1 X113.673 Y109.371 E.02306
G1 X113.246 Y109.108 E.02025
G1 X113.08 Y108.936 E.00965
G1 X112.858 Y108.596 E.01639
G1 X112.742 Y108.108 E.02025
G1 X112.746 Y107.87 E.00961
G1 X112.858 Y107.404 E.01935
G1 X113.137 Y106.988 E.02022
G1 X113.603 Y106.658 E.02305
G1 X114.163 Y106.532 E.02317
G1 X114.25 Y106.547 E.00356
M204 S10000
G1 X114.221 Y106.927 F30000
M204 S3000
;TYPE:External perimeter
;WIDTH:0.419999
G1 F3000
G1 X114.259 Y106.921 E.00144
G1 X114.659 Y107.019 E.01537
G1 X115.003 Y107.277 E.01605
G1 X115.219 Y107.636 E.01563
G1 X115.281 Y108.052 E.01569
G1 X115.181 Y108.459 E.01564
G1 X114.924 Y108.803 E.01602
G1 X114.57 Y109.018 E.01546
G1 X114.145 Y109.08 E.01603
G1 X113.741 Y108.981 E.01552
G1 X113.397 Y108.724 E.01602
G1 X113.2 Y108.427 E.0133
G1 X113.116 Y107.965 E.01752
G1 X113.219 Y107.541 E.01628
G1 X113.477 Y107.197 E.01605
G1 X113.839 Y106.98 E.01575
G1 X114.162 Y106.935 E.01217
M204 S10000
G1 X114.233 Y106.891 F30000
;WIPE_START
G1 F24000
G1 X114.259 Y106.921 E-.00698
G1 X114.659 Y107.019 E-.02934
G1 X115.003 Y107.277 E-.03064
G1 X115.219 Y107.636 E-.02985
G1 X115.281 Y108.052 E-.02997
G1 X115.181 Y108.459 E-.02986
G1 X114.924 Y108.803 E-.03059
G1 X114.57 Y109.018 E-.02951
G1 X114.145 Y109.08 E-.0306
G1 X113.741 Y108.981 E-.02964
G1 X113.397 Y108.724 E-.03059
G1 X113.2 Y108.427 E-.02539
G1 X113.116 Y107.965 E-.03346
G1 X113.219 Y107.541 E-.03109
G1 X113.477 Y107.197 E-.03064
G1 X113.839 Y106.98 E-.03007
G1 X114.162 Y106.935 E-.02324
;WIPE_END
G1 E-.51854 F1800
G1 Z4.35 F600
G1 X115.647 Y110.903 F30000
G1 Z3.95 F600
G1 E1 F1800
M204 S2000
;TYPE:Top solid infill
;WIDTH:0.438096
G1 F8739.849
G1 X117.103 Y109.447 E.08063
M204 S10000
G1 X117.383 Y108.623 F30000
M204 S2000
G1 F8739.849
G1 X114.823 Y111.183 E.14177
M204 S10000
G1 X114.213 Y111.249 F30000
M204 S2000
G1 F8739.849
G1 X117.449 Y108.013 E.17921
M204 S10000
G1 X117.409 Y107.509 F30000
M204 S2000
G1 F8739.849
G1 X113.709 Y111.209 E.2049
M204 S10000
G1 X113.266 Y111.108 F30000
M204 S2000
G1 F8739.849
G1 X114.93 Y109.444 E.09215
M204 S10000
G1 X114.207 Y109.624 F30000
M204 S2000
G1 F8739.849
G1 X112.87 Y110.961 E.07404
M204 S10000
G1 X112.514 Y110.774 F30000
M204 S2000
G1 F8739.849
G1 X113.739 Y109.548 E.06787
M204 S10000
G1 X113.368 Y109.375 F30000
M204 S2000
G1 F8739.849
G1 X112.192 Y110.552 E.06515
M204 S10000
G1 X111.902 Y110.298 F30000
M204 S2000
G1 F8739.849
G1 X113.051 Y109.149 E.06363
M204 S10000
G1 X112.825 Y108.832 F30000
M204 S2000
G1 F8739.849
G1 X111.648 Y110.008 E.06515
M204 S10000
G1 X111.426 Y109.686 F30000
M204 S2000
G1 F8739.849
G1 X112.652 Y108.461 E.06787
M204 S10000
G1 X112.576 Y107.992 F30000
M204 S2000
G1 F8739.849
G1 X111.239 Y109.33 E.07407
M204 S10000
G1 X111.092 Y108.933 F30000
M204 S2000
G1 F8739.849
G1 X112.756 Y107.269 E.09215
M204 S10000
;WIPE_START
G1 F24000
G1 X111.092 Y108.933 E-.16767
;WIPE_END
G1 E-.83233 F1800
G1 Z4.35 F600
G1 X115.644 Y108.73 F30000
G1 Z3.95 F600
G1 E1 F1800
M204 S2000
G1 F8739.849
G1 X117.308 Y107.066 E.09215
M204 S10000
G1 X117.161 Y106.67 F30000
M204 S2000
G1 F8739.849
G1 X115.826 Y108.005 E.07393
M204 S10000
G1 X115.741 Y107.547 F30000
M204 S2000
G1 F8739.849
G1 X116.974 Y106.314 E.06828
M204 S10000
G1 X116.752 Y105.992 F30000
M204 S2000
G1 F8739.849
G1 X115.575 Y107.168 E.06515
M204 S10000
G1 X115.349 Y106.851 F30000
M204 S2000
G1 F8739.849
G1 X116.498 Y105.702 E.06363
M204 S10000
G1 X116.208 Y105.448 F30000
M204 S2000
G1 F8739.849
G1 X115.032 Y106.625 E.06515
M204 S10000
G1 X114.653 Y106.46 F30000
M204 S2000
G1 F8739.849
G1 X115.886 Y105.226 E.06831
M204 S10000
G1 X115.53 Y105.039 F30000
M204 S2000
G1 F8739.849
G1 X114.191 Y106.378 E.07415
M204 S10000
G1 X113.469 Y106.556 F30000
M204 S2000
G1 F8739.849
G1 X115.133 Y104.892 E.09215
M204 S10000
G1 X114.691 Y104.791 F30000
M204 S2000
G1 F8739.849
G1 X110.991 Y108.491 E.2049
M204 S10000
G1 X110.951 Y107.987 F30000
M204 S2000
G1 F8739.849
G1 X114.177 Y104.761 E.17865
M204 S10000
G1 X113.577 Y104.817 F30000
M204 S2000
G1 F8739.849
G1 X111.017 Y107.377 E.14177
M204 S10000
G1 X111.297 Y106.553 F30000
M204 S2000
G1 F8739.849
G1 X112.753 Y105.097 E.08063
M204 S10000
;WIPE_START
G1 F24000
G1 X111.297 Y106.553 E-.14671
;WIPE_END
G1 E-.85329 F1800
G1 Z4.35 F600
G1 X117.291 Y170.611 F30000
G1 Z3.95 F600
G1 E1 F1800
M204 S5000
;TYPE:Perimeter
;WIDTH:0.449999
G1 F3000
G1 X117.471 Y171.058 E.01945
G1 X117.578 Y171.555 E.02052
G1 X117.603 Y172.063 E.02053
G1 X117.583 Y172.381 E.01286
G1 X117.504 Y172.82 E.01801
G1 X117.349 Y173.304 E.02052
G1 X117.105 Y173.773 E.02134
G1 X116.794 Y174.198 E.02126
G1 X116.322 Y174.661 E.02669
G1 X115.956 Y174.916 E.01801
G1 X115.504 Y175.149 E.02053
G1 X115.005 Y175.307 E.02113
G1 X114.482 Y175.389 E.02137
G1 X113.819 Y175.383 E.02677
G1 X113.38 Y175.304 E.01801
G1 X112.896 Y175.149 E.02052
G1 X112.427 Y174.905 E.02134
G1 X112.002 Y174.594 E.02126
G1 X111.539 Y174.122 E.02669
G1 X111.284 Y173.756 E.01801
G1 X111.051 Y173.304 E.02053
G1 X110.893 Y172.803 E.02121
G1 X110.811 Y172.281 E.02133
G1 X110.817 Y171.619 E.02673
G1 X110.896 Y171.18 E.01801
G1 X111.051 Y170.696 E.02052
G1 X111.296 Y170.227 E.02136
G1 X111.606 Y169.802 E.02124
G1 X112.078 Y169.339 E.02669
G1 X112.444 Y169.084 E.01801
G1 X112.896 Y168.851 E.02053
G1 X113.41 Y168.69 E.02175
G1 X113.951 Y168.611 E.02207
G1 X114.581 Y168.617 E.02544
G1 X115.082 Y168.708 E.02056
G1 X115.562 Y168.88 E.02059
G1 X116.221 Y169.262 E.03075
G1 X116.609 Y169.591 E.02054
G1 X116.947 Y169.992 E.02117
G1 X117.222 Y170.44 E.02122
G1 X117.269 Y170.555 E.00502
M204 S10000
G1 X117.657 Y170.463 F30000
M204 S3000
;TYPE:External perimeter
;WIDTH:0.419999
G1 F3000
G1 X117.832 Y170.936 E.01882
G1 X117.957 Y171.505 E.02174
G1 X117.984 Y172.088 E.02178
G1 X117.963 Y172.406 E.01189
G1 X117.861 Y172.981 E.02179
G1 X117.662 Y173.531 E.02183
G1 X117.31 Y174.151 E.0266
G1 X116.95 Y174.599 E.02145
G1 X116.574 Y174.948 E.01914
G1 X116.095 Y175.282 E.02179
G1 X115.565 Y175.531 E.02185
G1 X114.881 Y175.72 E.02648
G1 X114.31 Y175.782 E.02143
G1 X113.794 Y175.763 E.01927
G1 X113.219 Y175.661 E.02179
G1 X112.669 Y175.462 E.02183
G1 X112.049 Y175.11 E.0266
G1 X111.601 Y174.75 E.02145
G1 X111.252 Y174.374 E.01914
G1 X110.918 Y173.895 E.02179
G1 X110.669 Y173.365 E.02185
G1 X110.48 Y172.68 E.02652
G1 X110.417 Y172.107 E.02151
G1 X110.437 Y171.594 E.01916
G1 X110.539 Y171.019 E.02179
G1 X110.738 Y170.469 E.02183
G1 X111.09 Y169.849 E.0266
G1 X111.451 Y169.401 E.02147
G1 X111.826 Y169.052 E.01912
G1 X112.232 Y168.767 E.01851
G1 X112.75 Y168.498 E.02178
G1 X113.306 Y168.322 E.02176
G1 X113.8 Y168.238 E.0187
G1 X114.326 Y168.219 E.01964
G1 X114.995 Y168.302 E.02516
G1 X115.55 Y168.465 E.02159
G1 X116.015 Y168.679 E.0191
G1 X116.507 Y168.994 E.0218
G1 X116.937 Y169.387 E.02174
G1 X117.376 Y169.947 E.02655
G1 X117.63 Y170.41 E.01971
M204 S10000
G1 X117.427 Y170.79 F30000
;WIPE_START
G1 F24000
G1 X117.832 Y170.936 E-.04015
G1 X117.957 Y171.505 E-.04151
G1 X117.984 Y172.088 E-.04158
G1 X117.963 Y172.406 E-.02271
G1 X117.861 Y172.981 E-.04161
G1 X117.662 Y173.531 E-.04167
G1 X117.31 Y174.151 E-.0508
G1 X116.95 Y174.599 E-.04095
G1 X116.574 Y174.948 E-.03655
G1 X116.095 Y175.282 E-.04161
G1 X115.565 Y175.531 E-.04172
G1 X114.881 Y175.72 E-.05056
G1 X114.31 Y175.782 E-.04092
G1 X113.794 Y175.763 E-.03679
G1 X113.219 Y175.661 E-.04161
G1 X112.669 Y175.462 E-.04167
G1 X112.049 Y175.11 E-.0508
G1 X111.601 Y174.75 E-.04095
G1 X111.252 Y174.374 E-.03655
G1 X110.918 Y173.895 E-.04161
G1 X110.669 Y173.365 E-.04172
G1 X110.48 Y172.68 E-.05063
G1 X110.417 Y172.107 E-.04107
G1 X110.437 Y171.594 E-.03658
G1 X110.456 Y171.488 E-.00768
;WIPE_END
G1 Z4.35 F600
G1 X113.028 Y171.133 F30000
G1 Z3.95 F600
G1 E1 F1800
M204 S5000
;TYPE:Perimeter
;WIDTH:0.449999
G1 F3000
G1 X113.058 Y171.077 E.00256
G1 X113.434 Y170.747 E.0202
G1 X113.909 Y170.567 E.02051
G1 X114.172 Y170.543 E.01066
G1 X114.615 Y170.591 E.01799
G1 X115.064 Y170.813 E.02022
G1 X115.452 Y171.234 E.02311
G1 X115.65 Y171.77 E.02307
G1 X115.628 Y172.343 E.02315
G1 X115.424 Y172.801 E.02024
G1 X115.276 Y172.987 E.0096
G1 X114.903 Y173.289 E.01938
G1 X114.393 Y173.456 E.02167
G1 X113.857 Y173.428 E.02167
G1 X113.399 Y173.224 E.02024
G1 X113.213 Y173.076 E.0096
G1 X112.911 Y172.703 E.01938
G1 X112.749 Y172.229 E.02022
G1 X112.762 Y171.745 E.01955
G1 X112.827 Y171.502 E.01016
G1 X112.999 Y171.186 E.01452
M204 S10000
G1 X113.332 Y171.358 F30000
M204 S3000
;TYPE:External perimeter
;WIDTH:0.419999
G1 F3000
G1 X113.345 Y171.329 E.00119
G1 X113.7 Y171.039 E.01711
G1 X114.1 Y170.92 E.01557
G1 X114.529 Y170.969 E.01611
G1 X114.901 Y171.176 E.01589
G1 X115.163 Y171.507 E.01575
G1 X115.278 Y171.914 E.01578
G1 X115.231 Y172.33 E.01562
G1 X115.024 Y172.701 E.01585
G1 X114.693 Y172.963 E.01575
G1 X114.286 Y173.078 E.01578
G1 X113.87 Y173.031 E.01562
G1 X113.5 Y172.824 E.01582
G1 X113.237 Y172.494 E.01575
G1 X113.122 Y172.088 E.01575
G1 X113.142 Y171.77 E.01189
G1 X113.307 Y171.412 E.01471
M204 S10000
G1 X113.312 Y171.333 F30000
;WIPE_START
G1 F24000
G1 X113.345 Y171.329 E-.0065
G1 X113.7 Y171.039 E-.03266
G1 X114.1 Y170.92 E-.02973
G1 X114.529 Y170.969 E-.03076
G1 X114.901 Y171.176 E-.03033
G1 X115.163 Y171.507 E-.03008
G1 X115.278 Y171.914 E-.03013
G1 X115.231 Y172.33 E-.02983
G1 X115.024 Y172.701 E-.03027
G1 X114.693 Y172.963 E-.03008
G1 X114.286 Y173.078 E-.03013
G1 X113.87 Y173.031 E-.02983
G1 X113.5 Y172.824 E-.03021
G1 X113.237 Y172.494 E-.03007
G1 X113.122 Y172.088 E-.03007
G1 X113.142 Y171.77 E-.0227
G1 X113.307 Y171.412 E-.02809
;WIPE_END
G1 E-.51853 F1800
G1 Z4.35 F600
G1 X115.647 Y174.903 F30000
G1 Z3.95 F600
G1 E1 F1800
M204 S2000
;TYPE:Top solid infill
;WIDTH:0.438096
G1 F8739.849
G1 X117.103 Y173.447 E.08063
M204 S10000
G1 X117.383 Y172.623 F30000
M204 S2000
G1 F8739.849
G1 X114.823 Y175.183 E.14177
M204 S10000
G1 X114.213 Y175.249 F30000
M204 S2000
G1 F8739.849
G1 X117.449 Y172.013 E.17921
M204 S10000
G1 X117.409 Y171.509 F30000
M204 S2000
G1 F8739.849
G1 X113.709 Y175.209 E.2049
M204 S10000
G1 X113.266 Y175.108 F30000
M204 S2000
G1 F8739.849
G1 X114.94 Y173.435 E.09268
M204 S10000
G1 X114.226 Y173.605 F30000
M204 S2000
G1 F8739.849
G1 X112.87 Y174.961 E.07509
M204 S10000
G1 X112.514 Y174.774 F30000
M204 S2000
G1 F8739.849
G1 X113.734 Y173.554 E.06756
M204 S10000
G1 X113.37 Y173.374 F30000
M204 S2000
G1 F8739.849
G1 X112.192 Y174.552 E.06524
M204 S10000
G1 X111.902 Y174.298 F30000
M204 S2000
G1 F8739.849
G1 X113.066 Y173.134 E.06446
M204 S10000
G1 X112.813 Y172.843 F30000
M204 S2000
G1 F8739.849
G1 X111.648 Y174.008 E.06452
M204 S10000
G1 X111.426 Y173.686 F30000
M204 S2000
G1 F8739.849
G1 X112.659 Y172.454 E.06826
M204 S10000
G1 X112.597 Y171.972 F30000
M204 S2000
G1 F8739.849
G1 X111.239 Y173.33 E.07521
M204 S10000
G1 X111.092 Y172.933 F30000
M204 S2000
G1 F8739.849
G1 X112.793 Y171.232 E.0942
M204 S10000
;WIPE_START
G1 F24000
G1 X111.092 Y172.933 E-.1714
;WIPE_END
G1 E-.8286 F1800
G1 Z4.35 F600
G1 X115.607 Y172.767 F30000
G1 Z3.95 F600
G1 E1 F1800
M204 S2000
G1 F8739.849
G1 X117.308 Y171.066 E.0942
M204 S10000
G1 X117.161 Y170.67 F30000
M204 S2000
G1 F8739.849
G1 X115.803 Y172.028 E.07521
M204 S10000
G1 X115.742 Y171.546 F30000
M204 S2000
G1 F8739.849
G1 X116.974 Y170.314 E.06823
M204 S10000
G1 X116.752 Y169.992 F30000
M204 S2000
G1 F8739.849
G1 X115.587 Y171.157 E.06452
M204 S10000
G1 X115.334 Y170.866 F30000
M204 S2000
G1 F8739.849
G1 X116.498 Y169.702 E.06446
M204 S10000
G1 X116.208 Y169.448 F30000
M204 S2000
G1 F8739.849
G1 X115.03 Y170.626 E.06524
M204 S10000
G1 X114.666 Y170.446 F30000
M204 S2000
G1 F8739.849
G1 X115.886 Y169.226 E.06756
M204 S10000
G1 X115.53 Y169.039 F30000
M204 S2000
G1 F8739.849
G1 X114.182 Y170.387 E.07465
M204 S10000
M73 P98 R0
G1 X113.471 Y170.554 F30000
M204 S2000
G1 F8739.849
G1 X115.133 Y168.892 E.09204
M204 S10000
G1 X114.691 Y168.791 F30000
M204 S2000
G1 F8739.849
G1 X110.991 Y172.491 E.2049
M204 S10000
G1 X110.951 Y171.987 F30000
M204 S2000
G1 F8739.849
G1 X114.177 Y168.761 E.17865
M204 S10000
G1 X113.577 Y168.817 F30000
M204 S2000
G1 F8739.849
G1 X111.017 Y171.377 E.14177
M204 S10000
G1 X111.297 Y170.553 F30000
M204 S2000
G1 F8739.849
G1 X112.753 Y169.097 E.08063
M204 S10000
;WIPE_START
G1 F24000
G1 X111.297 Y170.553 E-.14671
;WIPE_END
G1 E-.85329 F1800
G1 Z4.35 F600
G1 X163.374 Y169.637 F30000
G1 Z3.95 F600
G1 E1 F1800
M204 S5000
;TYPE:Perimeter
;WIDTH:0.449999
G1 F3000
G1 X163.678 Y169.339 E.01719
G1 X164.044 Y169.084 E.01801
G1 X164.496 Y168.851 E.02053
G1 X165.01 Y168.69 E.02175
G1 X165.551 Y168.611 E.02207
G1 X166.181 Y168.617 E.02544
G1 X166.682 Y168.708 E.02056
G1 X167.162 Y168.88 E.02059
G1 X167.821 Y169.262 E.03075
G1 X168.209 Y169.591 E.02054
G1 X168.547 Y169.992 E.02117
G1 X168.822 Y170.44 E.02122
G1 X169.071 Y171.058 E.0269
G1 X169.178 Y171.555 E.02052
G1 X169.203 Y172.063 E.02053
G1 X169.183 Y172.381 E.01286
G1 X169.104 Y172.82 E.01801
G1 X168.949 Y173.304 E.02052
G1 X168.705 Y173.773 E.02134
G1 X168.394 Y174.198 E.02126
G1 X167.922 Y174.661 E.02669
G1 X167.556 Y174.916 E.01801
G1 X167.104 Y175.149 E.02053
G1 X166.605 Y175.307 E.02113
G1 X166.082 Y175.389 E.02137
G1 X165.419 Y175.383 E.02677
G1 X164.98 Y175.304 E.01801
G1 X164.496 Y175.149 E.02052
G1 X164.027 Y174.905 E.02134
G1 X163.602 Y174.594 E.02126
G1 X163.139 Y174.122 E.02669
G1 X162.884 Y173.756 E.01801
G1 X162.651 Y173.304 E.02053
G1 X162.493 Y172.803 E.02121
G1 X162.411 Y172.281 E.02133
G1 X162.417 Y171.619 E.02673
G1 X162.496 Y171.18 E.01801
G1 X162.651 Y170.696 E.02052
G1 X162.896 Y170.227 E.02136
G1 X163.206 Y169.802 E.02124
G1 X163.331 Y169.679 E.00708
M204 S10000
G1 X163.099 Y169.356 F30000
M204 S3000
;TYPE:External perimeter
;WIDTH:0.419999
G1 F3000
G1 X163.426 Y169.052 E.01666
G1 X163.832 Y168.767 E.01851
G1 X164.35 Y168.498 E.02178
G1 X164.906 Y168.322 E.02176
G1 X165.4 Y168.238 E.0187
G1 X165.926 Y168.219 E.01964
G1 X166.595 Y168.302 E.02516
G1 X167.15 Y168.464 E.02157
G1 X167.615 Y168.679 E.01912
G1 X168.107 Y168.994 E.0218
G1 X168.537 Y169.387 E.02174
G1 X168.976 Y169.947 E.02655
G1 X169.253 Y170.452 E.02149
G1 X169.432 Y170.936 E.01926
G1 X169.557 Y171.505 E.02174
G1 X169.584 Y172.088 E.02178
G1 X169.563 Y172.406 E.01189
G1 X169.461 Y172.981 E.02179
G1 X169.262 Y173.531 E.02183
G1 X168.91 Y174.151 E.0266
G1 X168.55 Y174.599 E.02145
G1 X168.174 Y174.948 E.01914
G1 X167.695 Y175.282 E.02179
G1 X167.165 Y175.531 E.02185
G1 X166.481 Y175.72 E.02648
G1 X165.91 Y175.782 E.02143
G1 X165.394 Y175.763 E.01927
G1 X164.819 Y175.661 E.02179
G1 X164.269 Y175.462 E.02183
G1 X163.649 Y175.11 E.0266
G1 X163.201 Y174.75 E.02145
G1 X162.852 Y174.374 E.01914
G1 X162.518 Y173.895 E.02179
G1 X162.269 Y173.365 E.02185
G1 X162.08 Y172.68 E.02652
G1 X162.017 Y172.107 E.02151
G1 X162.037 Y171.594 E.01916
G1 X162.139 Y171.019 E.02179
G1 X162.338 Y170.469 E.02183
G1 X162.69 Y169.849 E.0266
G1 X163.055 Y169.397 E.02168
M204 S10000
G1 X163.489 Y169.445 F30000
;WIPE_START
G1 F24000
G1 X163.426 Y169.052 E-.0361
G1 X163.832 Y168.767 E-.03534
G1 X164.35 Y168.498 E-.04159
G1 X164.906 Y168.322 E-.04155
G1 X165.4 Y168.238 E-.0357
G1 X165.926 Y168.219 E-.0375
G1 X166.595 Y168.302 E-.04803
G1 X167.15 Y168.464 E-.04119
G1 X167.615 Y168.679 E-.0365
G1 X168.107 Y168.994 E-.04162
G1 X168.537 Y169.387 E-.04151
G1 X168.976 Y169.947 E-.0507
G1 X169.253 Y170.452 E-.04104
G1 X169.432 Y170.936 E-.03677
G1 X169.557 Y171.505 E-.04151
G1 X169.584 Y172.088 E-.04158
G1 X169.563 Y172.406 E-.02271
G1 X169.461 Y172.981 E-.04161
G1 X169.262 Y173.531 E-.04167
G1 X168.91 Y174.151 E-.0508
G1 X168.55 Y174.599 E-.04095
G1 X168.174 Y174.948 E-.03655
G1 X167.695 Y175.282 E-.04161
G1 X167.165 Y175.531 E-.04172
G1 X166.703 Y175.659 E-.03415
;WIPE_END
G1 Z4.35 F600
G1 X165.157 Y170.701 F30000
G1 Z3.95 F600
G1 E1 F1800
M204 S5000
;TYPE:Perimeter
;WIDTH:0.449999
G1 F3000
G1 X165.509 Y170.567 E.01521
G1 X165.773 Y170.543 E.0107
G1 X166.215 Y170.591 E.01795
G1 X166.664 Y170.813 E.02022
G1 X167.052 Y171.234 E.02311
G1 X167.25 Y171.77 E.02307
G1 X167.228 Y172.343 E.02315
G1 X167.024 Y172.801 E.02024
G1 X166.876 Y172.987 E.0096
G1 X166.503 Y173.289 E.01938
G1 X165.993 Y173.456 E.02167
G1 X165.457 Y173.428 E.02167
G1 X164.999 Y173.224 E.02024
G1 X164.813 Y173.076 E.0096
G1 X164.511 Y172.703 E.01938
G1 X164.349 Y172.229 E.02022
G1 X164.362 Y171.745 E.01955
G1 X164.427 Y171.502 E.01016
G1 X164.658 Y171.077 E.01953
G1 X165.034 Y170.747 E.0202
G1 X165.101 Y170.722 E.00289
M204 S10000
G1 X165.264 Y171.069 F30000
M204 S3000
;TYPE:External perimeter
;WIDTH:0.419999
G1 F3000
G1 X165.3 Y171.039 E.00175
G1 X165.7 Y170.92 E.01557
G1 X166.129 Y170.969 E.01611
G1 X166.501 Y171.176 E.01589
G1 X166.763 Y171.507 E.01575
G1 X166.878 Y171.914 E.01578
G1 X166.831 Y172.33 E.01562
G1 X166.624 Y172.701 E.01585
G1 X166.293 Y172.963 E.01575
G1 X165.886 Y173.078 E.01578
G1 X165.47 Y173.031 E.01562
G1 X165.099 Y172.824 E.01585
G1 X164.837 Y172.494 E.01572
G1 X164.722 Y172.088 E.01575
G1 X164.742 Y171.77 E.01189
G1 X164.945 Y171.329 E.01812
G1 X165.217 Y171.106 E.01313
M204 S10000
G1 X165.253 Y171.024 F30000
;WIPE_START
G1 F24000
G1 X165.3 Y171.039 E-.0076
G1 X165.7 Y170.92 E-.02973
G1 X166.129 Y170.969 E-.03076
G1 X166.501 Y171.176 E-.03033
G1 X166.763 Y171.507 E-.03008
G1 X166.878 Y171.914 E-.03013
G1 X166.831 Y172.33 E-.02983
G1 X166.624 Y172.701 E-.03027
G1 X166.293 Y172.963 E-.03008
G1 X165.886 Y173.078 E-.03013
G1 X165.47 Y173.031 E-.02983
G1 X165.099 Y172.824 E-.03027
G1 X164.837 Y172.494 E-.03002
G1 X164.722 Y172.088 E-.03007
G1 X164.742 Y171.77 E-.0227
G1 X164.945 Y171.329 E-.03459
G1 X165.217 Y171.106 E-.02506
;WIPE_END
G1 E-.51852 F1800
G1 Z4.35 F600
G1 X167.247 Y174.903 F30000
G1 Z3.95 F600
G1 E1 F1800
M204 S2000
;TYPE:Top solid infill
;WIDTH:0.438095
G1 F8739.871
G1 X168.703 Y173.447 E.08063
M204 S10000
G1 X168.983 Y172.623 F30000
M204 S2000
G1 F8739.871
G1 X166.423 Y175.183 E.14177
M204 S10000
G1 X165.813 Y175.249 F30000
M204 S2000
G1 F8739.871
G1 X169.049 Y172.013 E.17921
M204 S10000
G1 X169.009 Y171.509 F30000
M204 S2000
G1 F8739.871
G1 X165.309 Y175.209 E.2049
M204 S10000
G1 X164.866 Y175.108 F30000
M204 S2000
G1 F8739.871
G1 X166.54 Y173.435 E.09268
M204 S10000
G1 X165.826 Y173.605 F30000
M204 S2000
G1 F8739.871
G1 X164.47 Y174.961 E.07509
M204 S10000
G1 X164.114 Y174.774 F30000
M204 S2000
G1 F8739.871
G1 X165.334 Y173.554 E.06756
M204 S10000
G1 X164.97 Y173.374 F30000
M204 S2000
G1 F8739.871
G1 X163.792 Y174.552 E.06524
M204 S10000
G1 X163.502 Y174.298 F30000
M204 S2000
G1 F8739.871
G1 X164.666 Y173.134 E.06446
M204 S10000
G1 X164.413 Y172.843 F30000
M204 S2000
G1 F8739.871
G1 X163.248 Y174.008 E.06452
M204 S10000
G1 X163.026 Y173.686 F30000
M204 S2000
G1 F8739.871
G1 X164.259 Y172.454 E.06826
M204 S10000
G1 X164.197 Y171.972 F30000
M204 S2000
G1 F8739.871
G1 X162.839 Y173.33 E.07521
M204 S10000
G1 X162.692 Y172.933 F30000
M204 S2000
G1 F8739.871
G1 X164.393 Y171.232 E.0942
M204 S10000
;WIPE_START
G1 F24000
G1 X162.692 Y172.933 E-.1714
;WIPE_END
G1 E-.8286 F1800
G1 Z4.35 F600
G1 X167.207 Y172.767 F30000
G1 Z3.95 F600
G1 E1 F1800
M204 S2000
G1 F8739.871
G1 X168.908 Y171.066 E.0942
M204 S10000
G1 X168.761 Y170.67 F30000
M204 S2000
G1 F8739.871
G1 X167.403 Y172.028 E.07521
M204 S10000
G1 X167.342 Y171.546 F30000
M204 S2000
G1 F8739.871
G1 X168.574 Y170.314 E.06823
M204 S10000
G1 X168.352 Y169.992 F30000
M204 S2000
G1 F8739.871
G1 X167.187 Y171.157 E.06452
M204 S10000
G1 X166.934 Y170.866 F30000
M204 S2000
G1 F8739.871
G1 X168.098 Y169.702 E.06446
M204 S10000
G1 X167.808 Y169.448 F30000
M204 S2000
G1 F8739.871
G1 X166.63 Y170.626 E.06524
M204 S10000
G1 X166.266 Y170.446 F30000
M204 S2000
G1 F8739.871
G1 X167.486 Y169.226 E.06756
M204 S10000
G1 X167.13 Y169.039 F30000
M204 S2000
G1 F8739.871
G1 X165.782 Y170.387 E.07465
M204 S10000
G1 X165.071 Y170.554 F30000
M204 S2000
G1 F8739.871
G1 X166.733 Y168.892 E.09204
M204 S10000
G1 X166.291 Y168.791 F30000
M204 S2000
G1 F8739.871
G1 X162.591 Y172.491 E.2049
M204 S10000
G1 X162.551 Y171.987 F30000
M204 S2000
G1 F8739.871
G1 X165.777 Y168.761 E.17865
M204 S10000
G1 X165.177 Y168.817 F30000
M204 S2000
G1 F8739.871
G1 X162.617 Y171.377 E.14177
M204 S10000
G1 X162.897 Y170.553 F30000
M204 S2000
G1 F8739.871
G1 X164.353 Y169.097 E.08063
M204 S10000
;WIPE_START
G1 F24000;_WIPE
G1 X162.897 Y170.553 E-.14671
;WIPE_END
G1 E-.85329 F1800
G1 Z4.35 F600
M107
M106 P2 S0
M106 P3 S0
;TYPE:Custom
; Filament-specific end gcode 
;END gcode for filament
M141 S0
M104 S0
M140 S0
G1 E-3 F1800
G91
G0 Z5 F600
G90
G0 X0 Y0 F12000
G1 Z145 F600
M73 P100 R0
; filament used [mm] = 3231.79
; filament used [cm3] = 7.77
; filament used [g] = 9.33
; total filament used [g] = 9.33
; total filament cost = 0.00
; estimated printing time (normal mode) = 17m 13s
; estimated first layer printing time (normal mode) = 3m 50s


;gimage:0`0007`1001l0@00?<?M1Bh000044@0000000000003j:ik_Ca[]4@dB;Q8d8flJTAY`6ThJT1XD8eDS=B=82BhJ4b<62O<R9`T72BP90Ol1o`7o0Ol1o`7o0Ol1o`7o0Ol1o`7o0Ol1o`7o0Ol1o`7o0Ol1o`7o0Ol1o`7o0Ol1o`7o0Ol1o`7o0Ol1o`7o0Ol1G4<02V<1o`4c@`0:H`4Y8`0C@`7o0B`S01=30B8S01TS0Ol19b<06B<17R<07B<1o`4S8`0M8`4K024S0Ol1800Q8`4G02@S0Ol17@0T8`4E02I30Ol16P0V8`4C02PS0Ol16@0X8`4A02X3o`<H02XS0@l0o`1^8`4>0?l0Kb<1303o070S0@`0o`1a8`4:01M<9P3o03m<9P0F8`4:01E49D8WCP3o03Y49D8WCP0D0@X052E49D8W:B~]0?l0>2E49D8W:B~]01<12B<04dE49D8W:B~]0?l0=dE49D8W:B~]01<S0@PS01=5A2E29bT[:03o03M5A2E29bT[:00C8`488`0C;2E49D8W:B~X0?l0=b`UA2E29bT[:00C<P48;`0C;2E49D8W:B~05340o`0?;P0C;2E49D8W:B~0538122l05C4T9D8W:@0E<@3o00l^01@~<B@U@RLY01Db0@P_;@0F;2H06340o`0?;Rd05R`V01L~<P48;bd0;bDa0?l03bh]02lU<P48;bP]02hU<@3o00l^:2d0;RDb0@P_:2d0;DDa0?l03bhX;@0]AC8122m8;@0~AC40o`0?;TP]02~~AC8122mX;@0ZIC40o`0?;VP]02YU<P48;hP]02R5<@3o00l^R2d0:8DS0@PSZ2d09ZD0o`0AZ2d09ZDS0@PSb2d09<D0o`0Ab2d08bc58`488bg8CP0P9<D~0?l04Bg8CP0P9<D~8`488bg8Bbh07C54a@3o018]b4~^01daA<DP8`488b0]Z4]9CP0H<HC50?l04bfXBdT^01TaQ<DP8`488b0]Z4]Y9dh04c<41jD0o`0D;JQ;JBM>01<c10NU@2<122=0;HQ;JJMV00U~10Z5;03o01D]R4]YYfH02F`42XEP8`488f0]J4]Ya`87JVD42hD0o`0G;FQ;JLL21dX`I@@;QF0S0@PSP2e8BfW70PMZI@@;I@3o01T]B4]Ya`87BS1U10]UP2<122>P;BQ;JLL21fYU10]50?l06bdXBfW70PM:<6D42bD~X2<122?0;D]Ya`87JVD42`3o01h]BfW70PM:<6D42`078`488`08;VW70PMZI@@:0?l08BiYa`87BS1U10X022<122<02DhYa`87JVD4203o02A>:LL21dX`I@@800XS0@PS00]>Y`87JVFT<`3o02Q>Y`87BS1UY3<032<122<03RhVA`87JVE4;3<0o`0];RI70PM:<6E4;00?8`488`0BYT9:S03o03FV@TZ<018S0@PS0?l0Lb<122<0o`1c8`488`3o07<S0@PS0?l0Lb<122<0o`1c8`488`3o07<S0@PS0?l0Lb<122<0o`1c8`488`3o07<S0@PS0?l0Lb<122<0o`1c8`488`3o07<S0@PS0?l0Lb<122<0o`1c8`488`3o07<S0@PS0?l0Lb<122<0o`1c8`488`3o07<S0@PS0?l0Lb<122<0o`1c8`488`3o07<S0@PS0?l0Lb<122<0o`1c8`488`3o07<S0@PS0?l0Lb<122<0o`1c8`488`3o07<S0@PS0?l0Lb<122<0o`1c8`488`3o07<S0@PS0?l0Lb<122<0o`1c8`488`3o07<S0@PS0?l0Lb<122<0o`1c8`488`3o07<S0@PS0?l0Lb<122<0o`1c8`488`3o07<S0@PS0?l0Lb<122<0o`1c8`488`3o07<S0@PS0?l0Lb<122<0o`1c8`488`3o07<S0@PS0?l0Lb<122<0o`1c8`488`3o07<S0@PS0?l0Lb<122<0o`1c8`488`3o07<S0@PS0?l0Lb<122<0o`1c8`488`3o07<S0@PS0?l0Lb<122<0o`1c8`488`3o07<S0@PS0?l0Lb<122<0o`1c8`488`3o07<S0@PS0?l0Lb<122<0o`1c8`488`3o07<S0@PS0?l0Lb<122<0o`1c8`488`1J<c0RARh0iS<U:R8V;P0V8`488`1H9D@`@RLY;P3TA2DZ8RLY;Rd092<122<0Eb`UA3129bT[;@3R9D@U:R8W:B~]02@S0@PS05M5A3129bT[:03Q;2E49BXR9bT[:2d08b<122<0EdE4<48W:B~X0>4~9D@U:R8W:B~X02@S0@PS05L~9D@`@RLY:bd0hB`UA2DZ8RLY:bP092<122<0F2a4<48W:B~0hba49BXR9bT[02DS0@PS05TcC48^0>Lc;2XR9Rh09R<122<0o`1c8`488`3o07<S0@PS0?l0Lb<122<0o`1c8`488`3o07<S0@PS0?l0Lb<122<0o`1c8`488`3o07<S0@PS0?l0Lb<122<0o`1c8`488`3o07<S0@PS0?l0Lb<122<0o`1c8`488`3o07<S0@PS0?l0Lb<122<0o`1c8`488`3o07<S0@PS0?l0Lb<122<0o`1c8`488`3o07<S0@PS0?l0Lb<122<0o`1c8`488`3o07<S0@PS0?l0Lb<122<0o`1c8`488`3o07<S0@PS0?l0Lb<122<0o`1c8`488`3o07<S0@PS0?l0Lb<122<0o`1c8`488`3o07<S0@PS0?l0Lb<122<0o`1c8`488`3o07<S0@PS0?l0Lb<122<0o`1c8`488`3o07<S0@PS05XcC4H0j4a602LS0@PS05U4<48W:Bh0i4@U:R8W:Bh09B<122<0F2E4<48W:B~]0>8UA2DZ8RLY:bd092<122<0EdE4<48W:B~]0>4~9D@U:R8W:B~X;@0S8`488`1GAD@`@RLY:bP0hB`UA2DZ8RLY:bP092<122<0Eb`UA3129bT[;@3Q;2E49BXR9bT[:00T8`488`1H;4@`@RLY:`3S;4@U:R8W:B~09B<122<0FC<~<48W;P3U<C<U:R8W;P0V8`488`3o07<S0@PS0?l0Lb<122<0o`1c8`488`3o07<S0@PS0?l0Lb<122<0o`1c8`488`3o07<S0@PS0?l0Lb<122<0o`1c8`488`3o07<S0@PS0?l0Lb<122<0o`1c8`488`3o07<S0@PS0?l0Lb<122<0o`1c8`488`3o07<S0@PS0?l0Lb<122<0o`1c8`488`3o07<S0@PS0?l0Lb<122<0o`1c8`488`3o07<S0@PS0?l0Lb<122<0o`1c8`488`3o07<S0@PS0?l0Lb<122<0o`1c8`488`3o07<S0@PS0?l0Lb<122<0o`1c8`488`3o07<S0@PS0?l0Lb<122<0o`1c8`488`3o07<S0@PS0?l0Lb<122<0o`1c8`488`3o07<S0@PS0?l0Lb<122<0o`1c8`488`3o07<S0@PS0?l0Lb<122<0o`1c8`488`3o07<S0@PS0?l0Lb<122<0o`1c8`488`3o07<S0@PS0?l0Lb<122<0o`1c8`488`3o07<S0@PS0?l0Lb<122<0o`1c8`488`3o07<S0@PS0?l0Lb<122<0o`1c8`488`3o07<S0@PS0?l0Lb<122<0o`1c8`488`3o07<S0@PS0?l0Lb<122<0o`1c8`488`3o07<S0@PS0?l0Lb<122<0o`1c8`488`3o07<S0@PS0?l0Lb<122<0o`1c8`488`3o07<S0@PS0?l0Lb<122<0o`1c8`488`3o07<S0@PS0?l0Lb<122<0o`1c8`488`3o07<S0@PS0?l0Lb<122<0o`1c8`488`3o07<S0@PS0?l0Lb<122<0o`1c8`488`3o07<S0@PS0?l0Lb<122<0o`1c8`488`3o07<S0@PS0?l0Lb<122<0o`1c8`488`3o07<S0@PS0?l0Lb<122<0o`1c8`488`3o07<S0@PS0?l0Lb<122<0o`1c8`488`3o07<S0@PS0?l0Lb<122<0o`1c8`488`3o07<S0@PS0?l0Lb<122<0o`1c8`488`3o07<S0@PS0?l0Lb<122<0o`1c8`488`3o07<S0@PS0?l0Lb<122<0o`1c8`488`3o07<S0@PS0?l0Lb<122<0o`1c8`488`3o07<S0@PS0?l0Lb<122<0o`1c8`488`3o07<S0@PS0?l0Lb<122<0o`1c8`488`3o07<S0@PS0?l0Lb<122<0o`1c8`488`3o07<S0@PS0?l0Lb<122<0o`1c8`488`3o07<S0@PS0?l0Lb<122<0o`1c8`488`3o07<S0@PS0?l0Lb<122<0o`1c8`488`3o07<S0@PS0?l0Lb<122<0o`1c8`488`3o07<S0@PS0?l0Lb<122<0o`1c8`488`3o07<S0@PS0?l0Lb<122<0o`1c8`488`0F<bE29Rh0o`0l<bE29Rh05B<122<052E49D8W:Bh0o`0i9D@U@RLY;P0D8`488`0C;2E49D8W:B~]0?l0=b`UA2E29bT[;@0C8`488`0CAD@U@RLY:bP0o`0gAD@U@RLY:bP04b<122<04dE49D8W:B~X0?l0=dE49D8W:B~X01<S0@P_01<~9D@U@RLY:bd04c40o`0S;2E49D8W:B~]01<b0@P_01@~A2E29bT[01@a0?l03bh052a49D8W:Bd0538122l]01@aC48^01Ha0?l03bh05C5<@Rh05S8122l]02l~<@3o00l^;@0_;38122lX02lU<@3o00l^:00_9C8122lX;@0];2Da0?l03bhX;@0];2Db0@P_B2d0;4Da0?l03bi802e5<P48;dP]02]U<@3o00l^B2d0:fDb0@P_J2d0:HDa0?l03biX;@0YQC8122>8;@0WY@3o010^R2d09jDS0@PSZ2d09LD0o`0AZ2d09LDS0@PS;LP^02851`3o014]Z2d^02851b<122<]b2~^01m4aB`0o`0A;LP[;P0OA<D~8`488b38BbT^01~aI<D0o`0Cb4~Y;P0K<FC582<122lP;JQ;JDh05S>TYB`0o`0C;JQ;JDh05~BU;20b0@P_@2f8BfUWAP0?C0@8Y@3o01D]R4]YIdH03d`42:E0<P48;be0R4]Yad:VS4D42hD0o`0F;HQ;JLM2YXa510^5@2`b0@P_:40]J4]Ya`87JVD42fD0o`0H;FQ;JLL21dX`I@@;IF0U<P48;bP]@2e8BfW70PMZI@@;A@3o01X]B4]Ya`87BS1U10]5H4Db0@P_B2eP;D]Ya`87JVD42bD0o`0LCD]Ya`87BS1U10~UH6Db0@P_J2eP;R]Ya`87JVD42R`0o`0O;R]Ya`87BS1U10X~H2aU<P48;hP]H4i9a`87JVD42@3o029>BLL21dX`I@@9P:Db0@P_Z2~^H4k70PMZI@@70?l09Tk70PM:<6D41h0a9:D12ZP[BBj0CVL21fYUQ3<0o`0[;XL21dX`IH@cP3=TY@4:;hP[JBL^9X160PMZID`0o`0aAP87BS1UC80~a:D12Rn8:fV7@PH7PPKo1Sj2aR`ZA@@8Q@4<;fP[JHL2o`9EBTD428D132mX:fV70_l2EDY510QU0@h_B2]YQ`;o0UE:A@@8A@4@;bP[JHL2o`9EBTD422D14TmYQ`;o0UE:A@@80ADfBHL2o`9EBTG4=@4HEVL2o`9EBTF4<P4MM0;o0UA:AED1o`7o0Ol1o`7o0Ol1o`7o0Ol1o`7o0Ol1o`7o0Ol1o`7o0Ol1o`7o0Ol1o`7o0Ol1o`7o0Ol1o`7o0Ol1o`7o0Ol1o`5F0000

;simage:0`000=80003B0000?<?M1C0000261P0000000000003j:ik_Ca[]4C@S9`T=4RhBKaZA6W0J52=E8i0J=B<^6ThJB0T72A<Slb8>4PH9:0T1o`7o0Ol1o`7o0Ol1o`7o0Ol1l8<1[H<162<02T<1YB<02D<14R<03b<1X2<03b<13`0B@`6M01<S0@~05R<1V`0E8`4901P3VP0G8`480<XS`@3;8l4032~R92h0[C@R92h02j4S00X[9RLR:2d0[2LV8RPZ;00:8h4S00X[9RLR:2d~0:X[9bHR:2X~00XSPB<02R~V9b8X;@2~:bHR:2X02b>1<@0<:b@0Xb`02b]400`bPC4~01TW09H~01XbPC4~01TW09HY;00H9c:1<BT~01M709I9;00FAc:1<DT~01EW09IY;00DIb>18fT~;P0A:fL[09H~JBh04XLSPB<~BDe>00dcAVL0UbaY;Dh03TIW:b>18b19CDXXA007BhIW09P~BBe::2hT00M;QVLP8h4S82`YCDYXPS17aTL0VR`Y;DYXPS0_9lI7@2>18d0~CDYXPS17aRL0W2`]BVR2<2lWaRMP8h4SP2i:J88`AjH[09h^BVR2<2lWaX0SPB>PCVR2<4MV<`2R;VR2<2lWIS?08h4S00QTHS0WB`2WI68`;d~02B>18`3<8h4S0<`SPB<0c2>18`3<8h4S0<`SPB<0c2>18`3<8h4S0<`SPB<0c2>18`3<8h4S0<`SPB<0c2>18`3<8h4S0<`SPB<0c2>18`3<8h4S0<`SPB<0c2>18`3<8h4S0<`SPB<0c2>18`3<8h4S0<`SPB<0c2>18`3<8h4S0<`SPB<0c2>18`3<8h4S0<`SPB<0c2>18`3<8h4S0<`SPB<0c2>18`3<8h4S0<`SPB<0c2>18`0a9RlX;P1o=B8X;P0D8h4S030W9RlX:R`0OBHe8RP];00C8h4S030W9RlX:RT0O2~V=B8X;B`04b>18`0`:bH_:2X0OS<e8RP]01@SPB<0<R~0PR@05R>18`3<8h4S0<`SPB<0c2>18`3<8h4S0<`SPB<0c2>18`3<8h4S0<`SPB<0c2>18`3<8h4S0<`SPB<0c2>18`3<8h4S0<`SPB<0c2>18`3<8h4S0<`SPB<0c2>18`3<8h4S0<`SPB<0<R~T084[900E8h4S030W9RlX:R`0ODHR:2h052>18`0`9bH_:2XY07`[AR8X;B`04b>18`0`:bH_:2XY07`[AR8X;@0D8h4S034[;bP^07hc:b8X01DSPB<0c2>18`3<8h4S0<`SPB<0c2>18`3<8h4S0<`SPB<0c2>18`3<8h4S0<`SPB<0c2>18`3<8h4S0<`SPB<0c2>18`3<8h4S0<`SPB<0c2>18`3<8h4S0<`SPB<0c2>18`3<8h4S0<`SPB<0c2>18`3<8h4S0<`SPB<0c2>18`3<8h4S0<`SPB<0c2>18`3<8h4S0<`SPB<0c2>18`3<8h4S0<`SPB<0c2>18`3<8h4S0<`SPB<0c2>18`3<8h4S0<`SPB<0c2>18`3<8h4S0<`SPB<0c2>18`3<8h4S0<`SPB<0c2>18`3<8h4S0<`SPB<0c2>18`3<8h4S0<`SPB<0c2>18`3<8h4S0<`SPB<0c2>18`3<8h4S0<`SPB<0c2>18`3<8h4S0<`SPB<0c2>18`3<8h4S0<`SPB<0c2>18`3<8h4S0<`SPB<0c2>18`3<8h4S0<`SPB<0c2>18`3<8h4S0<`SPB<0c2>18`0;9RLR:2h0[2~V;bP^00~SPB<02R~V9b8X;B`0ZbLV;bPZ;00:8h4S00X[9RLR:2d0Zb~W9RlX:R`02R>18`0;<bLR:02]:bH_:2h02c:1<@0J:`2F;00J<X4a;00I9`2F:@0I:c:1<BT~01M709HY;00H9c:1<DT~01I709I9;00FAc:1<FT~01>709H~BB`056LSPB=Y;Bh04BIW:`2F;6U>010VQb>18ba9CBY>00~dIVL0V6T]:Th033A6Ib0SPC4P;2U=BTRTJlI709T~BBe:J8A[aVLP<X4a;20~CDYXPS17aRL0Vb`Y;DYXPS0_9lI782~bPC4Y;20^;DYXPS17aP2M;2e:J88`;bO69d0W<X4aBB`PCRYXPS17QR~0X2hZJ88`;bNV@2]7<X4aBBdZ;R1>B88`AdHd0:@^92R2<2lWASA0=2IW`DT]BTQTXRl4Zj8_A4^6Il4a:Be:B0:l<2N6A`48<Be:B0:l<2N69`4:<DY80[``9hH13CLU:0:l<2M6=P4B1K`1o`7o0Ol1o`7o0Ol1o`7o0Ol1k000
; qidislicer_config = begin
; advance_pressure = 0.031
; autoemit_temperature_commands = 1
; avoid_crossing_curled_overhangs = 0
; avoid_crossing_perimeters = 0
; avoid_crossing_perimeters_max_detour = 0
; bed_custom_model = 
; bed_custom_texture = 
; bed_shape = 0x0,280x0,280x280,0x280
; bed_temperature = 55
; before_layer_gcode = G92 E0
; between_objects_gcode = 
; bottom_fill_pattern = monotonic
; bottom_solid_layers = 3
; bottom_solid_min_thickness = 0
; bridge_acceleration = 2000
; bridge_angle = 0
; bridge_fan_speed = 100
; bridge_flow_ratio = 1
; bridge_speed = 50
; brim_separation = 0.1
; brim_type = outer_only
; brim_width = 0
; color_change_gcode = M600
; compatible_printers_condition_cummulative = ;"printer_model==\"X-Plus 3\""
; complete_objects = 0
; cooling = 1
; cooling_tube_length = 5
; cooling_tube_retraction = 91.5
; default_acceleration = 10000
; default_filament_profile = "QIDI PLA Rapido @X-Plus 3"
; default_print_profile = 0.20mm Fine
; deretract_speed = 0
; disable_fan_first_layers = 1
; dont_support_bridges = 0
; draft_shield = disabled
; duplicate_distance = 6
; elefant_foot_compensation = 0.15
; enable_advance_pressure = 1
; enable_auxiliary_fan = 100
; enable_dynamic_fan_speeds = 0
; enable_dynamic_overhang_speeds = 1
; enable_volume_fan = 100
; end_filament_gcode = "; Filament-specific end gcode \n;END gcode for filament\n"
; end_gcode = M141 S0\nM104 S0\nM140 S0\nG1 E-3 F1800\nG91\nG0 Z5 F600\nG90\nG0 X0 Y0 F12000\n{if max_layer_z < max_print_height / 2}G1 Z{max_print_height / 2 + 10} F600{else}G1 Z{min(max_print_height, max_layer_z + 10)}{endif}
; external_perimeter_acceleration = 3000
; external_perimeter_extrusion_width = 0
; external_perimeter_speed = 200
; external_perimeters_first = 0
; extra_loading_move = -2
; extra_perimeters = 1
; extra_perimeters_on_overhangs = 0
; extruder_clearance_height = 20
; extruder_clearance_radius = 20
; extruder_colour = ""
; extruder_offset = 0x0
; extrusion_axis = E
; extrusion_multiplier = 0.98
; extrusion_width = 0.42
; fan_always_on = 1
; fan_below_layer_time = 60
; filament_colour = #0000FF
; filament_cooling_final_speed = 3.4
; filament_cooling_initial_speed = 2.2
; filament_cooling_moves = 4
; filament_cost = 0
; filament_density = 1.2
; filament_diameter = 1.75
; filament_load_time = 0
; filament_loading_speed = 28
; filament_loading_speed_start = 3
; filament_max_volumetric_speed = 14
; filament_minimal_purge_on_wipe_tower = 15
; filament_notes = ""
; filament_ramming_parameters = "120 100 6.6 6.8 7.2 7.6 7.9 8.2 8.7 9.4 9.9 10.0| 0.05 6.6 0.45 6.8 0.95 7.8 1.45 8.3 1.95 9.7 2.45 10 2.95 7.6 3.45 7.6 3.95 7.6 4.45 7.6 4.95 7.6"
; filament_settings_id = "Generic PLA @X-Plus 3"
; filament_soluble = 0
; filament_spool_weight = 0
; filament_toolchange_delay = 0
; filament_type = PLA
; filament_unload_time = 0
; filament_unloading_speed = 90
; filament_unloading_speed_start = 100
; filament_vendor = Generic
; fill_angle = 45
; fill_density = 15%
; fill_pattern = grid
; first_layer_acceleration = 500
; first_layer_acceleration_over_raft = 500
; first_layer_bed_temperature = 55
; first_layer_extrusion_width = 0.5
; first_layer_height = 0.2
; first_layer_speed = 55
; first_layer_speed_over_raft = 30
; first_layer_temperature = 210
; first_layer_volume_temperature = 0
; full_fan_speed_layer = 0
; fuzzy_skin = none
; fuzzy_skin_point_dist = 0.8
; fuzzy_skin_thickness = 0.3
; gap_fill_enabled = 0
; gap_fill_speed = 230
; gcode_comments = 0
; gcode_flavor = klipper
; gcode_label_objects = 0
; gcode_resolution = 0.0125
; gcode_substitutions = 
; high_current_on_filament_swap = 0
; host_type = moonraker
; idle_temperature = 100
; infill_acceleration = 0
; infill_anchor = 600%
; infill_anchor_max = 50
; infill_every_layers = 1
; infill_extruder = 1
; infill_extrusion_width = 0.45
; infill_first = 0
; infill_overlap = 15%
; infill_speed = 220
; interface_shells = 0
; ironing = 0
; ironing_flowrate = 15%
; ironing_spacing = 0.1
; ironing_speed = 30
; ironing_type = top
; layer_gcode = 
; layer_height = 0.25
; machine_limits_usage = time_estimate_only
; machine_max_acceleration_e = 5000
; machine_max_acceleration_extruding = 20000
; machine_max_acceleration_retracting = 5000
; machine_max_acceleration_travel = 1500
; machine_max_acceleration_x = 20000
; machine_max_acceleration_y = 20000
; machine_max_acceleration_z = 500
; machine_max_feedrate_e = 30
; machine_max_feedrate_x = 600
; machine_max_feedrate_y = 600
; machine_max_feedrate_z = 10
; machine_max_jerk_e = 2
; machine_max_jerk_x = 9
; machine_max_jerk_y = 9
; machine_max_jerk_z = 3
; machine_min_extruding_rate = 0
; machine_min_travel_rate = 0
; max_fan_speed = 100
; max_layer_height = 0
; max_print_height = 270
; max_print_speed = 600
; max_volumetric_extrusion_rate_slope_negative = 0
; max_volumetric_extrusion_rate_slope_positive = 0
; max_volumetric_speed = 0
; min_bead_width = 85%
; min_fan_speed = 100
; min_feature_size = 25%
; min_layer_height = 0.08
; min_print_speed = 20
; min_skirt_length = 5
; mmu_segmented_region_max_width = 0
; notes = 
; nozzle_diameter = 0.4
; only_retract_when_crossing_perimeters = 1
; ooze_prevention = 0
; output_filename_format = [input_filename_base].gcode
; overhang_fan_speed_0 = 0
; overhang_fan_speed_1 = 0
; overhang_fan_speed_2 = 0
; overhang_fan_speed_3 = 0
; overhang_speed_0 = 20
; overhang_speed_1 = 30
; overhang_speed_2 = 50
; overhang_speed_3 = 0
; overhangs = 1
; parking_pos_retraction = 92
; pause_print_gcode = M0
; perimeter_acceleration = 5000
; perimeter_extruder = 1
; perimeter_extrusion_width = 0.45
; perimeter_generator = arachne
; perimeter_speed = 230
; perimeters = 2
; physical_printer_settings_id = Printy McPrintface
; post_process = 
; print_settings_id = 0.25mm Quick
; printer_model = X-Plus 3
; printer_notes = 
; printer_settings_id = X-Plus 3
; printer_technology = FFF
; printer_variant = 0.4
; printer_vendor = 
; raft_contact_distance = 0.1
; raft_expansion = 1.5
; raft_first_layer_density = 90%
; raft_first_layer_expansion = 3
; raft_layers = 0
; remaining_times = 1
; resolution = 0
; retract_before_travel = 1
; retract_before_wipe = 0%
; retract_layer_change = 1
; retract_length = 1
; retract_length_toolchange = 10
; retract_lift = 0.4
; retract_lift_above = 0
; retract_lift_below = 0
; retract_restart_extra = 0
; retract_restart_extra_toolchange = 0
; retract_speed = 30
; seam_position = aligned
; silent_mode = 0
; single_extruder_multi_material = 0
; single_extruder_multi_material_priming = 1
; skirt_distance = 6
; skirt_height = 1
; skirts = 0
; slice_closing_radius = 0.049
; slicing_mode = regular
; slowdown_below_layer_time = 5
; small_perimeter_speed = 50
; smooth_time = 0.03
; solid_infill_acceleration = 0
; solid_infill_below_area = 10
; solid_infill_every_layers = 0
; solid_infill_extruder = 1
; solid_infill_extrusion_width = 0
; solid_infill_speed = 230
; spiral_vase = 0
; staggered_inner_seams = 0
; standby_temperature_delta = -5
; start_filament_gcode = "; Filament gcode\n"
; start_gcode = PRINT_START\nG28\nM141 S0\nG0 Z50 F600\nM190 S[first_layer_bed_temperature]\nG28 Z\nG29 ; mesh bed leveling ,comment this code to close it\nG0 X0 Y0 Z50 F6000\nM109 S[first_layer_temperature]\nM106 P3 S255\nM83\nG0 X{max((min(print_bed_max[0], first_layer_print_min[0] + 80) - 85),0)} Y{max((min(print_bed_max[1], first_layer_print_min[1] + 80) - 85),0)} Z5 F6000\nG0 Z0.2 F600\nG1 E3 F1800\nG1 X{(min(print_bed_max[0], first_layer_print_min[0] + 80))} E{85 * 0.04} F3000\nG1 Y{max((min(print_bed_max[1], first_layer_print_min[1] + 80) - 85),0) + 2} E{2 * 0.04} F3000\nG1 X{max((min(print_bed_max[0], first_layer_print_min[0] + 80) - 85),0)} E{85 * 0.04} F3000\nG1 Y{max((min(print_bed_max[1], first_layer_print_min[1] + 80) - 85),0) + 85} E{83 * 0.04} F3000\nG1 X{max((min(print_bed_max[0], first_layer_print_min[0] + 80) - 85),0) + 2} E{2 * 0.04} F3000\nG1 Y{max((min(print_bed_max[1], first_layer_print_min[1] + 80) - 85),0) + 3} E{82 * 0.04} F3000\nG1 X{max((min(print_bed_max[0], first_layer_print_min[0] + 80) - 85),0) + 12} E{-10 * 0.04} F3000\nG1 E{10 * 0.04} F3000
; support_material = 0
; support_material_angle = 0
; support_material_auto = 1
; support_material_bottom_contact_distance = 0
; support_material_bottom_interface_layers = -1
; support_material_buildplate_only = 0
; support_material_closing_radius = 2
; support_material_contact_distance = 0.2
; support_material_enforce_layers = 0
; support_material_extruder = 1
; support_material_extrusion_width = 0
; support_material_interface_contact_loops = 0
; support_material_interface_extruder = 1
; support_material_interface_layers = 2
; support_material_interface_pattern = rectilinear
; support_material_interface_spacing = 0.5
; support_material_interface_speed = 80
; support_material_pattern = rectilinear
; support_material_spacing = 2.5
; support_material_speed = 150
; support_material_style = grid
; support_material_synchronize_layers = 0
; support_material_threshold = 30
; support_material_with_sheath = 0
; support_material_xy_spacing = 0.35
; support_tree_angle = 40
; support_tree_angle_slow = 25
; support_tree_branch_diameter = 2
; support_tree_branch_diameter_angle = 5
; support_tree_branch_diameter_double_wall = 3
; support_tree_branch_distance = 1
; support_tree_tip_diameter = 0.8
; support_tree_top_rate = 15%
; temperature = 220
; template_custom_gcode = 
; thick_bridges = 1
; thin_walls = 1
; threads = 8
; thumbnails = 380x380,210x210
; thumbnails_format = QIDI
; toolchange_gcode = 
; top_fill_pattern = monotoniclines
; top_infill_extrusion_width = 0
; top_solid_infill_acceleration = 2000
; top_solid_infill_speed = 200
; top_solid_layers = 4
; top_solid_min_thickness = 0
; travel_acceleration = 0
; travel_speed = 500
; travel_speed_z = 10
; use_firmware_retraction = 0
; use_relative_e_distances = 1
; use_volumetric_e = 0
; variable_layer_height = 1
; volume_temperature = 0
; wall_distribution_count = 1
; wall_transition_angle = 10
; wall_transition_filter_deviation = 25%
; wall_transition_length = 100%
; wipe = 1
; wipe_into_infill = 0
; wipe_into_objects = 0
; wipe_tower = 0
; wipe_tower_bridging = 10
; wipe_tower_brim_width = 2
; wipe_tower_cone_angle = 0
; wipe_tower_extra_spacing = 100%
; wipe_tower_extruder = 0
; wipe_tower_no_sparse_layers = 0
; wipe_tower_rotation_angle = 0
; wipe_tower_width = 40
; wipe_tower_x = 180
; wipe_tower_y = 140
; wiping_volumes_extruders = 70,70
; wiping_volumes_matrix = 0
; xy_size_compensation = 0
; z_offset = 0
; qidislicer_config = end
